ville,pays,lat,lon,date_extraction,heure_extraction,timestamp_utc,aqi,co,no,no2,o3,so2,pm2_5,pm10,nh3
Antananarivo,MG,-18.8792,47.5079,2026-06-01,00,2026-06-01T00:00:00+00:00,1,139.61,0.0,1.29,14.87,0.09,5.11,7.97,0.43
Cairo,EG,30.0444,31.2357,2026-06-01,00,2026-06-01T00:00:00+00:00,2,114.35,0.0,5.3,96.66,14.24,9.47,29.11,9.45
New York,US,40.7128,-74.006,2026-06-01,00,2026-06-01T00:00:00+00:00,3,124.94,0.07,3.24,102.92,1.59,3.71,5.24,1.56
Paris,FR,48.8566,2.3522,2026-06-01,00,2026-06-01T00:00:00+00:00,2,96.76,0.0,1.0,60.05,0.13,1.63,2.44,3.55
Sydney,AU,-33.8688,151.2093,2026-06-01,00,2026-06-01T00:00:00+00:00,1,67.26,0.12,0.45,51.66,0.16,0.54,0.99,0.12
Tokyo,JP,35.6762,139.6503,2026-06-01,00,2026-06-01T00:00:00+00:00,3,144.3,0.35,2.04,116.52,3.19,12.17,17.01,0.18
Antananarivo,MG,-18.8792,47.5079,2026-06-01,01,2026-06-01T01:00:00+00:00,1,141.13,0.01,1.28,14.44,0.11,4.99,7.45,0.56
Cairo,EG,30.0444,31.2357,2026-06-01,01,2026-06-01T01:00:00+00:00,2,118.08,0.0,6.09,90.61,13.52,9.47,31.0,12.65
New York,US,40.7128,-74.006,2026-06-01,01,2026-06-01T01:00:00+00:00,2,124.82,0.0,3.12,99.54,1.56,3.98,6.02,1.61
Paris,FR,48.8566,2.3522,2026-06-01,01,2026-06-01T01:00:00+00:00,1,95.54,0.0,1.11,51.07,0.11,1.7,2.53,2.63
Sydney,AU,-33.8688,151.2093,2026-06-01,01,2026-06-01T01:00:00+00:00,1,66.62,0.1,0.33,55.5,0.14,0.5,0.88,0.11
Tokyo,JP,35.6762,139.6503,2026-06-01,01,2026-06-01T01:00:00+00:00,3,143.96,0.25,1.49,122.88,3.37,12.54,17.37,0.17
Antananarivo,MG,-18.8792,47.5079,2026-06-01,02,2026-06-01T02:00:00+00:00,1,143.3,0.01,1.26,14.39,0.13,4.88,7.17,0.6
Cairo,EG,30.0444,31.2357,2026-06-01,02,2026-06-01T02:00:00+00:00,2,121.28,0.0,6.71,84.97,11.68,9.78,33.52,16.33
New York,US,40.7128,-74.006,2026-06-01,02,2026-06-01T02:00:00+00:00,2,125.9,0.0,2.94,96.77,1.47,4.1,6.46,1.57
Paris,FR,48.8566,2.3522,2026-06-01,02,2026-06-01T02:00:00+00:00,1,93.56,0.0,1.29,38.93,0.08,1.79,2.68,1.8
Sydney,AU,-33.8688,151.2093,2026-06-01,02,2026-06-01T02:00:00+00:00,1,65.71,0.09,0.3,56.55,0.15,0.5,0.83,0.1
Tokyo,JP,35.6762,139.6503,2026-06-01,02,2026-06-01T02:00:00+00:00,3,143.2,0.17,1.09,128.12,3.48,13.0,17.76,0.13
Antananarivo,MG,-18.8792,47.5079,2026-06-01,03,2026-06-01T03:00:00+00:00,1,146.92,0.01,1.28,14.68,0.15,4.9,7.2,0.69
Cairo,EG,30.0444,31.2357,2026-06-01,03,2026-06-01T03:00:00+00:00,2,123.71,0.0,7.08,80.43,9.93,10.21,36.54,19.42
New York,US,40.7128,-74.006,2026-06-01,03,2026-06-01T03:00:00+00:00,2,126.98,0.0,2.88,94.29,1.35,4.11,6.54,1.56
Paris,FR,48.8566,2.3522,2026-06-01,03,2026-06-01T03:00:00+00:00,1,91.92,0.0,1.47,30.11,0.07,1.88,2.84,1.53
Sydney,AU,-33.8688,151.2093,2026-06-01,03,2026-06-01T03:00:00+00:00,1,64.94,0.09,0.3,56.67,0.18,0.5,0.86,0.1
Tokyo,JP,35.6762,139.6503,2026-06-01,03,2026-06-01T03:00:00+00:00,3,142.2,0.13,0.91,130.99,3.55,13.18,17.76,0.1
Antananarivo,MG,-18.8792,47.5079,2026-06-01,04,2026-06-01T04:00:00+00:00,1,160.5,0.02,1.45,15.28,0.24,5.48,8.54,0.88
Cairo,EG,30.0444,31.2357,2026-06-01,04,2026-06-01T04:00:00+00:00,2,124.23,0.07,7.49,76.8,8.53,10.59,39.31,21.26
New York,US,40.7128,-74.006,2026-06-01,04,2026-06-01T04:00:00+00:00,2,125.39,0.0,2.74,90.23,1.23,4.03,6.41,1.58
Paris,FR,48.8566,2.3522,2026-06-01,04,2026-06-01T04:00:00+00:00,1,89.79,0.0,1.74,23.98,0.07,1.94,2.97,1.44
Sydney,AU,-33.8688,151.2093,2026-06-01,04,2026-06-01T04:00:00+00:00,1,65.62,0.11,0.38,55.78,0.21,0.52,0.96,0.11
Tokyo,JP,35.6762,139.6503,2026-06-01,04,2026-06-01T04:00:00+00:00,3,140.24,0.12,0.86,132.19,3.38,12.82,17.17,0.09
Antananarivo,MG,-18.8792,47.5079,2026-06-01,05,2026-06-01T05:00:00+00:00,1,177.37,0.26,1.32,16.72,0.3,6.25,10.16,0.87
Cairo,EG,30.0444,31.2357,2026-06-01,05,2026-06-01T05:00:00+00:00,2,124.95,0.72,6.92,77.73,8.27,10.97,41.76,21.45
New York,US,40.7128,-74.006,2026-06-01,05,2026-06-01T05:00:00+00:00,2,125.42,0.0,2.73,86.42,1.22,4.05,6.43,1.92
Paris,FR,48.8566,2.3522,2026-06-01,05,2026-06-01T05:00:00+00:00,1,90.37,0.03,2.56,20.81,0.09,2.04,3.17,1.35
Sydney,AU,-33.8688,151.2093,2026-06-01,05,2026-06-01T05:00:00+00:00,1,66.17,0.13,0.53,53.04,0.25,0.57,1.07,0.13
Tokyo,JP,35.6762,139.6503,2026-06-01,05,2026-06-01T05:00:00+00:00,3,136.9,0.12,0.85,131.79,2.96,11.77,15.79,0.06
Antananarivo,MG,-18.8792,47.5079,2026-06-01,06,2026-06-01T06:00:00+00:00,1,186.97,0.34,1.01,21.92,0.33,7.2,11.45,1.06
Cairo,EG,30.0444,31.2357,2026-06-01,06,2026-06-01T06:00:00+00:00,2,124.1,1.19,5.39,85.86,8.54,11.38,43.46,19.15
New York,US,40.7128,-74.006,2026-06-01,06,2026-06-01T06:00:00+00:00,2,126.26,0.0,2.77,83.09,1.28,4.23,6.63,2.33
Paris,FR,48.8566,2.3522,2026-06-01,06,2026-06-01T06:00:00+00:00,1,92.58,0.21,3.58,20.23,0.13,2.16,3.4,1.36
Sydney,AU,-33.8688,151.2093,2026-06-01,06,2026-06-01T06:00:00+00:00,1,66.85,0.11,0.78,50.73,0.31,0.6,1.13,0.14
Tokyo,JP,35.6762,139.6503,2026-06-01,06,2026-06-01T06:00:00+00:00,3,131.82,0.11,0.86,130.61,2.62,10.17,13.81,0.04
Antananarivo,MG,-18.8792,47.5079,2026-06-01,07,2026-06-01T07:00:00+00:00,1,91.77,0.05,0.2,38.97,0.17,2.22,3.52,0.45
Cairo,EG,30.0444,31.2357,2026-06-01,07,2026-06-01T07:00:00+00:00,3,119.85,0.8,3.18,103.63,8.3,12.56,45.26,14.38
New York,US,40.7128,-74.006,2026-06-01,07,2026-06-01T07:00:00+00:00,2,127.32,0.0,2.87,76.93,1.18,4.49,6.92,2.26
Paris,FR,48.8566,2.3522,2026-06-01,07,2026-06-01T07:00:00+00:00,1,95.14,0.46,3.2,27.03,0.21,2.24,3.66,1.63
Sydney,AU,-33.8688,151.2093,2026-06-01,07,2026-06-01T07:00:00+00:00,1,68.32,0.03,1.26,48.14,0.36,0.61,1.21,0.17
Tokyo,JP,35.6762,139.6503,2026-06-01,07,2026-06-01T07:00:00+00:00,3,125.81,0.1,0.84,129.04,2.34,8.34,11.5,0.03
Antananarivo,MG,-18.8792,47.5079,2026-06-01,08,2026-06-01T08:00:00+00:00,1,84.66,0.03,0.11,41.19,0.15,2.07,3.1,0.42
Cairo,EG,30.0444,31.2357,2026-06-01,08,2026-06-01T08:00:00+00:00,3,117.49,0.46,1.94,118.53,7.78,15.22,49.02,13.57
New York,US,40.7128,-74.006,2026-06-01,08,2026-06-01T08:00:00+00:00,2,127.39,0.0,2.98,68.17,0.93,4.67,7.16,1.62
Paris,FR,48.8566,2.3522,2026-06-01,08,2026-06-01T08:00:00+00:00,1,95.51,0.79,2.8,28.53,0.25,2.32,3.85,1.85
Sydney,AU,-33.8688,151.2093,2026-06-01,08,2026-06-01T08:00:00+00:00,1,70.73,0.0,1.66,45.58,0.39,0.65,1.3,0.19
Tokyo,JP,35.6762,139.6503,2026-06-01,08,2026-06-01T08:00:00+00:00,3,120.53,0.08,1.01,127.13,2.11,6.88,9.65,0.04
Antananarivo,MG,-18.8792,47.5079,2026-06-01,09,2026-06-01T09:00:00+00:00,1,83.75,0.02,0.09,41.37,0.14,2.17,3.16,0.43
Cairo,EG,30.0444,31.2357,2026-06-01,09,2026-06-01T09:00:00+00:00,3,116.19,0.29,1.35,130.57,7.51,17.56,52.19,13.36
New York,US,40.7128,-74.006,2026-06-01,09,2026-06-01T09:00:00+00:00,2,127.29,0.0,3.16,61.19,0.77,4.81,7.39,0.96
Paris,FR,48.8566,2.3522,2026-06-01,09,2026-06-01T09:00:00+00:00,1,95.42,0.92,2.34,30.78,0.24,2.44,4.04,2.16
Sydney,AU,-33.8688,151.2093,2026-06-01,09,2026-06-01T09:00:00+00:00,1,72.61,0.0,1.79,44.4,0.42,0.69,1.41,0.18
Tokyo,JP,35.6762,139.6503,2026-06-01,09,2026-06-01T09:00:00+00:00,3,116.0,0.04,1.22,125.07,1.98,5.73,8.25,0.05
Antananarivo,MG,-18.8792,47.5079,2026-06-01,10,2026-06-01T10:00:00+00:00,1,84.85,0.02,0.09,42.75,0.15,2.34,3.28,0.44
Cairo,EG,30.0444,31.2357,2026-06-01,10,2026-06-01T10:00:00+00:00,3,99.95,0.14,0.56,109.68,3.39,11.82,35.69,5.26
New York,US,40.7128,-74.006,2026-06-01,10,2026-06-01T10:00:00+00:00,1,126.95,0.0,3.56,54.45,0.76,4.88,7.43,0.68
Paris,FR,48.8566,2.3522,2026-06-01,10,2026-06-01T10:00:00+00:00,2,96.44,0.18,1.16,61.83,0.24,2.16,3.54,2.45
Sydney,AU,-33.8688,151.2093,2026-06-01,10,2026-06-01T10:00:00+00:00,1,73.67,0.0,1.75,43.78,0.45,0.79,1.56,0.16
Tokyo,JP,35.6762,139.6503,2026-06-01,10,2026-06-01T10:00:00+00:00,3,112.05,0.0,1.31,123.53,1.93,4.88,7.24,0.07
Antananarivo,MG,-18.8792,47.5079,2026-06-01,11,2026-06-01T11:00:00+00:00,1,86.2,0.03,0.11,43.46,0.15,2.52,3.45,0.47
Cairo,EG,30.0444,31.2357,2026-06-01,11,2026-06-01T11:00:00+00:00,2,94.53,0.1,0.38,97.5,2.15,10.21,32.86,3.15
New York,US,40.7128,-74.006,2026-06-01,11,2026-06-01T11:00:00+00:00,1,131.06,0.17,4.66,48.41,0.87,4.95,7.46,0.74
Paris,FR,48.8566,2.3522,2026-06-01,11,2026-06-01T11:00:00+00:00,2,95.36,0.1,0.66,69.37,0.17,1.81,2.9,2.19
Sydney,AU,-33.8688,151.2093,2026-06-01,11,2026-06-01T11:00:00+00:00,1,75.94,0.0,1.74,43.93,0.53,0.97,1.78,0.16
Tokyo,JP,35.6762,139.6503,2026-06-01,11,2026-06-01T11:00:00+00:00,3,109.34,0.0,1.4,121.79,2.01,4.35,6.64,0.09
Antananarivo,MG,-18.8792,47.5079,2026-06-01,12,2026-06-01T12:00:00+00:00,1,87.31,0.03,0.14,43.28,0.16,2.62,3.56,0.5
Cairo,EG,30.0444,31.2357,2026-06-01,12,2026-06-01T12:00:00+00:00,2,93.23,0.09,0.36,95.24,2.03,10.37,33.89,2.84
New York,US,40.7128,-74.006,2026-06-01,12,2026-06-01T12:00:00+00:00,1,139.52,1.05,5.45,48.54,1.26,5.13,7.67,1.04
Paris,FR,48.8566,2.3522,2026-06-01,12,2026-06-01T12:00:00+00:00,2,94.45,0.08,0.52,71.69,0.14,1.73,2.69,2.0
Sydney,AU,-33.8688,151.2093,2026-06-01,12,2026-06-01T12:00:00+00:00,1,78.85,0.0,1.71,45.33,0.68,1.15,1.91,0.16
Tokyo,JP,35.6762,139.6503,2026-06-01,12,2026-06-01T12:00:00+00:00,3,107.51,0.0,1.48,120.29,2.13,3.98,6.22,0.11
Antananarivo,MG,-18.8792,47.5079,2026-06-01,13,2026-06-01T13:00:00+00:00,1,100.79,0.06,0.36,39.54,0.22,3.24,4.58,0.8
Cairo,EG,30.0444,31.2357,2026-06-01,13,2026-06-01T13:00:00+00:00,2,93.3,0.08,0.39,95.05,1.91,10.74,35.54,2.64
New York,US,40.7128,-74.006,2026-06-01,13,2026-06-01T13:00:00+00:00,2,141.99,1.46,5.14,63.11,2.14,5.5,8.16,1.49
Paris,FR,48.8566,2.3522,2026-06-01,13,2026-06-01T13:00:00+00:00,2,94.87,0.08,0.44,74.95,0.13,1.78,2.67,1.89
Sydney,AU,-33.8688,151.2093,2026-06-01,13,2026-06-01T13:00:00+00:00,1,81.01,0.0,1.76,46.32,0.73,1.19,1.75,0.13
Tokyo,JP,35.6762,139.6503,2026-06-01,13,2026-06-01T13:00:00+00:00,3,106.18,0.0,1.55,118.27,2.29,3.74,5.95,0.13
Antananarivo,MG,-18.8792,47.5079,2026-06-01,14,2026-06-01T14:00:00+00:00,1,126.07,0.05,0.88,33.91,0.29,4.47,6.52,1.17
Cairo,EG,30.0444,31.2357,2026-06-01,14,2026-06-01T14:00:00+00:00,2,93.22,0.06,0.47,93.44,1.75,10.97,37.53,2.52
New York,US,40.7128,-74.006,2026-06-01,14,2026-06-01T14:00:00+00:00,2,143.96,1.52,5.01,69.77,2.34,5.99,8.77,1.35
Paris,FR,48.8566,2.3522,2026-06-01,14,2026-06-01T14:00:00+00:00,2,94.48,0.08,0.42,77.13,0.11,1.8,2.63,1.77
Sydney,AU,-33.8688,151.2093,2026-06-01,14,2026-06-01T14:00:00+00:00,1,83.01,0.0,2.02,44.07,0.59,1.23,1.64,0.08
Tokyo,JP,35.6762,139.6503,2026-06-01,14,2026-06-01T14:00:00+00:00,3,105.76,0.0,1.61,116.21,2.5,3.61,5.83,0.16
Antananarivo,MG,-18.8792,47.5079,2026-06-01,15,2026-06-01T15:00:00+00:00,1,154.61,0.0,1.51,29.42,0.33,5.87,8.71,1.26
Cairo,EG,30.0444,31.2357,2026-06-01,15,2026-06-01T15:00:00+00:00,2,93.13,0.04,0.54,91.6,1.57,11.12,39.73,2.39
New York,US,40.7128,-74.006,2026-06-01,15,2026-06-01T15:00:00+00:00,2,147.71,1.34,4.98,80.16,2.57,7.11,10.0,1.14
Paris,FR,48.8566,2.3522,2026-06-01,15,2026-06-01T15:00:00+00:00,2,94.01,0.08,0.45,78.77,0.1,1.8,2.58,1.68
Sydney,AU,-33.8688,151.2093,2026-06-01,15,2026-06-01T15:00:00+00:00,1,84.69,0.0,2.37,41.19,0.56,1.32,1.68,0.05
Tokyo,JP,35.6762,139.6503,2026-06-01,15,2026-06-01T15:00:00+00:00,3,105.71,0.0,1.61,114.57,2.72,3.55,5.78,0.2
Antananarivo,MG,-18.8792,47.5079,2026-06-01,16,2026-06-01T16:00:00+00:00,1,184.45,0.0,1.97,25.74,0.38,7.28,10.95,1.19
Cairo,EG,30.0444,31.2357,2026-06-01,16,2026-06-01T16:00:00+00:00,2,95.48,0.04,1.34,89.48,1.86,11.71,43.07,4.68
New York,US,40.7128,-74.006,2026-06-01,16,2026-06-01T16:00:00+00:00,3,127.99,0.46,2.58,102.45,1.81,5.7,7.08,0.84
Paris,FR,48.8566,2.3522,2026-06-01,16,2026-06-01T16:00:00+00:00,2,94.36,0.09,0.58,80.36,0.1,1.83,2.58,1.66
Sydney,AU,-33.8688,151.2093,2026-06-01,16,2026-06-01T16:00:00+00:00,1,85.65,0.0,2.67,36.51,0.45,1.47,1.82,0.03
Tokyo,JP,35.6762,139.6503,2026-06-01,16,2026-06-01T16:00:00+00:00,3,104.75,0.0,1.29,113.81,2.68,3.4,5.57,0.22
Antananarivo,MG,-18.8792,47.5079,2026-06-01,17,2026-06-01T17:00:00+00:00,1,215.1,0.0,2.3,23.12,0.4,8.62,12.88,1.04
Cairo,EG,30.0444,31.2357,2026-06-01,17,2026-06-01T17:00:00+00:00,2,99.51,0.01,2.93,86.39,2.63,12.45,45.93,8.62
New York,US,40.7128,-74.006,2026-06-01,17,2026-06-01T17:00:00+00:00,3,121.44,0.2,1.6,108.64,1.43,5.33,6.34,0.59
Paris,FR,48.8566,2.3522,2026-06-01,17,2026-06-01T17:00:00+00:00,2,94.41,0.08,0.78,79.87,0.11,1.86,2.62,1.71
Sydney,AU,-33.8688,151.2093,2026-06-01,17,2026-06-01T17:00:00+00:00,1,85.61,0.0,2.83,31.87,0.34,1.57,1.96,0.03
Tokyo,JP,35.6762,139.6503,2026-06-01,17,2026-06-01T17:00:00+00:00,3,104.59,0.0,1.2,112.56,2.71,3.34,5.55,0.23
Antananarivo,MG,-18.8792,47.5079,2026-06-01,18,2026-06-01T18:00:00+00:00,1,237.23,0.0,2.45,21.42,0.38,9.44,13.64,0.94
Cairo,EG,30.0444,31.2357,2026-06-01,18,2026-06-01T18:00:00+00:00,2,103.05,0.0,4.41,82.41,3.37,12.99,47.52,12.03
New York,US,40.7128,-74.006,2026-06-01,18,2026-06-01T18:00:00+00:00,3,121.64,0.11,1.4,112.68,1.38,5.75,6.75,0.43
Paris,FR,48.8566,2.3522,2026-06-01,18,2026-06-01T18:00:00+00:00,2,94.46,0.04,0.95,79.15,0.12,1.88,2.67,1.82
Sydney,AU,-33.8688,151.2093,2026-06-01,18,2026-06-01T18:00:00+00:00,1,84.85,0.0,2.96,28.75,0.32,1.62,2.0,0.03
Tokyo,JP,35.6762,139.6503,2026-06-01,18,2026-06-01T18:00:00+00:00,3,104.12,0.0,1.1,111.79,2.75,3.3,5.58,0.2
Antananarivo,MG,-18.8792,47.5079,2026-06-01,19,2026-06-01T19:00:00+00:00,1,248.64,0.0,2.45,20.49,0.36,9.79,13.37,0.94
Cairo,EG,30.0444,31.2357,2026-06-01,19,2026-06-01T19:00:00+00:00,2,106.19,0.0,5.33,79.59,4.04,13.62,48.13,13.82
New York,US,40.7128,-74.006,2026-06-01,19,2026-06-01T19:00:00+00:00,3,121.7,0.08,1.31,113.67,1.27,5.96,7.02,0.32
Paris,FR,48.8566,2.3522,2026-06-01,19,2026-06-01T19:00:00+00:00,2,94.96,0.01,1.45,73.38,0.13,1.96,2.81,2.16
Sydney,AU,-33.8688,151.2093,2026-06-01,19,2026-06-01T19:00:00+00:00,1,83.2,0.0,3.06,27.26,0.35,1.61,1.95,0.04
Tokyo,JP,35.6762,139.6503,2026-06-01,19,2026-06-01T19:00:00+00:00,3,103.17,0.0,1.04,111.54,2.81,3.23,5.63,0.17
Antananarivo,MG,-18.8792,47.5079,2026-06-01,20,2026-06-01T20:00:00+00:00,2,261.17,0.0,2.52,19.11,0.34,10.27,13.74,0.95
Cairo,EG,30.0444,31.2357,2026-06-01,20,2026-06-01T20:00:00+00:00,2,111.49,0.0,5.83,80.34,5.59,14.79,48.98,14.11
New York,US,40.7128,-74.006,2026-06-01,20,2026-06-01T20:00:00+00:00,3,121.8,0.08,1.23,111.23,1.07,6.04,7.29,0.24
Paris,FR,48.8566,2.3522,2026-06-01,20,2026-06-01T20:00:00+00:00,2,96.19,0.0,2.06,64.79,0.15,2.09,3.03,2.62
Sydney,AU,-33.8688,151.2093,2026-06-01,20,2026-06-01T20:00:00+00:00,1,81.95,0.01,3.36,27.79,0.42,1.57,1.99,0.04
Tokyo,JP,35.6762,139.6503,2026-06-01,20,2026-06-01T20:00:00+00:00,3,102.58,0.0,1.15,110.0,2.91,3.31,5.9,0.21
Antananarivo,MG,-18.8792,47.5079,2026-06-01,21,2026-06-01T21:00:00+00:00,1,257.18,0.0,2.42,18.53,0.28,9.86,13.24,0.89
Cairo,EG,30.0444,31.2357,2026-06-01,21,2026-06-01T21:00:00+00:00,2,119.16,0.0,6.62,83.08,8.88,15.77,48.41,13.77
New York,US,40.7128,-74.006,2026-06-01,21,2026-06-01T21:00:00+00:00,3,121.43,0.09,1.19,106.97,0.84,5.92,7.33,0.18
Paris,FR,48.8566,2.3522,2026-06-01,21,2026-06-01T21:00:00+00:00,1,97.06,0.0,2.48,58.47,0.15,2.19,3.19,2.79
Sydney,AU,-33.8688,151.2093,2026-06-01,21,2026-06-01T21:00:00+00:00,1,83.27,0.02,4.06,29.19,0.53,1.55,2.09,0.07
Tokyo,JP,35.6762,139.6503,2026-06-01,21,2026-06-01T21:00:00+00:00,3,101.86,0.0,1.29,108.56,2.92,3.48,6.32,0.23
Antananarivo,MG,-18.8792,47.5079,2026-06-01,22,2026-06-01T22:00:00+00:00,1,240.87,0.0,2.22,19.99,0.29,8.77,11.89,1.07
Cairo,EG,30.0444,31.2357,2026-06-01,22,2026-06-01T22:00:00+00:00,2,123.53,0.0,7.06,86.98,12.53,15.35,45.62,13.08
New York,US,40.7128,-74.006,2026-06-01,22,2026-06-01T22:00:00+00:00,3,120.0,0.08,1.34,100.67,0.67,5.7,7.46,0.14
Paris,FR,48.8566,2.3522,2026-06-01,22,2026-06-01T22:00:00+00:00,1,96.43,0.0,2.56,54.62,0.12,2.2,3.21,2.79
Sydney,AU,-33.8688,151.2093,2026-06-01,22,2026-06-01T22:00:00+00:00,1,87.17,0.15,5.1,29.55,0.66,1.61,2.24,0.08
Tokyo,JP,35.6762,139.6503,2026-06-01,22,2026-06-01T22:00:00+00:00,3,101.65,0.02,1.43,107.64,2.86,3.66,6.2,0.22
Antananarivo,MG,-18.8792,47.5079,2026-06-01,23,2026-06-01T23:00:00+00:00,1,233.87,0.0,2.16,20.78,0.31,8.15,11.14,1.32
Cairo,EG,30.0444,31.2357,2026-06-01,23,2026-06-01T23:00:00+00:00,2,126.13,0.0,7.25,89.35,14.48,14.88,45.44,14.56
New York,US,40.7128,-74.006,2026-06-01,23,2026-06-01T23:00:00+00:00,2,120.7,0.05,1.58,96.07,0.62,5.67,8.0,0.11
Paris,FR,48.8566,2.3522,2026-06-01,23,2026-06-01T23:00:00+00:00,1,96.33,0.0,2.26,54.31,0.1,2.18,3.23,2.9
Sydney,AU,-33.8688,151.2093,2026-06-01,23,2026-06-01T23:00:00+00:00,1,90.24,1.02,4.5,30.34,0.76,1.64,2.36,0.08
Tokyo,JP,35.6762,139.6503,2026-06-01,23,2026-06-01T23:00:00+00:00,3,101.87,0.05,1.53,107.38,2.76,3.83,5.78,0.2
Antananarivo,MG,-18.8792,47.5079,2026-06-02,00,2026-06-02T00:00:00+00:00,1,228.27,0.0,2.09,21.36,0.33,7.64,10.52,1.52
Cairo,EG,30.0444,31.2357,2026-06-02,00,2026-06-02T00:00:00+00:00,2,124.83,0.0,6.57,91.97,15.44,14.95,48.99,15.49
New York,US,40.7128,-74.006,2026-06-02,00,2026-06-02T00:00:00+00:00,2,121.48,0.01,1.64,93.71,0.63,5.63,8.52,0.09
Paris,FR,48.8566,2.3522,2026-06-02,00,2026-06-02T00:00:00+00:00,1,96.32,0.0,1.83,57.25,0.11,2.2,3.42,3.06
Sydney,AU,-33.8688,151.2093,2026-06-02,00,2026-06-02T00:00:00+00:00,1,90.48,1.69,3.32,31.8,0.88,1.6,2.4,0.08
Tokyo,JP,35.6762,139.6503,2026-06-02,00,2026-06-02T00:00:00+00:00,3,102.58,0.09,1.44,108.15,2.72,4.04,5.52,0.17
Antananarivo,MG,-18.8792,47.5079,2026-06-02,01,2026-06-02T01:00:00+00:00,1,222.33,0.0,2.01,22.23,0.35,7.06,9.85,1.69
Cairo,EG,30.0444,31.2357,2026-06-02,01,2026-06-02T01:00:00+00:00,3,121.02,0.0,5.86,91.35,15.53,15.05,51.33,16.1
New York,US,40.7128,-74.006,2026-06-02,01,2026-06-02T01:00:00+00:00,2,120.63,0.0,1.5,91.6,0.64,5.5,8.85,0.07
Paris,FR,48.8566,2.3522,2026-06-02,01,2026-06-02T01:00:00+00:00,2,95.84,0.0,1.28,66.34,0.19,2.22,3.83,3.14
Sydney,AU,-33.8688,151.2093,2026-06-02,01,2026-06-02T01:00:00+00:00,1,74.8,0.47,1.57,48.74,0.99,0.95,1.73,0.06
Tokyo,JP,35.6762,139.6503,2026-06-02,01,2026-06-02T01:00:00+00:00,3,103.11,0.1,1.14,110.38,2.5,4.24,5.31,0.15
Antananarivo,MG,-18.8792,47.5079,2026-06-02,02,2026-06-02T02:00:00+00:00,1,216.3,0.0,1.94,22.93,0.37,6.54,9.24,1.84
Cairo,EG,30.0444,31.2357,2026-06-02,02,2026-06-02T02:00:00+00:00,3,119.42,0.0,5.67,89.51,14.99,15.32,52.68,17.53
New York,US,40.7128,-74.006,2026-06-02,02,2026-06-02T02:00:00+00:00,2,121.37,0.0,1.46,90.37,0.65,5.38,9.06,0.05
Paris,FR,48.8566,2.3522,2026-06-02,02,2026-06-02T02:00:00+00:00,2,95.9,0.0,1.08,66.34,0.22,2.07,3.72,2.62
Sydney,AU,-33.8688,151.2093,2026-06-02,02,2026-06-02T02:00:00+00:00,1,71.21,0.26,1.01,49.04,0.79,1.06,2.48,0.07
Tokyo,JP,35.6762,139.6503,2026-06-02,02,2026-06-02T02:00:00+00:00,3,103.92,0.09,0.92,112.88,2.36,4.43,5.34,0.16
Antananarivo,MG,-18.8792,47.5079,2026-06-02,03,2026-06-02T03:00:00+00:00,1,213.71,0.0,1.91,23.36,0.4,6.22,8.94,2.02
Cairo,EG,30.0444,31.2357,2026-06-02,03,2026-06-02T03:00:00+00:00,3,118.09,0.0,5.56,87.21,14.01,15.64,54.0,18.88
New York,US,40.7128,-74.006,2026-06-02,03,2026-06-02T03:00:00+00:00,2,122.2,0.0,1.51,89.21,0.63,5.13,8.88,0.04
Paris,FR,48.8566,2.3522,2026-06-02,03,2026-06-02T03:00:00+00:00,2,96.31,0.0,0.98,63.81,0.2,1.78,3.3,1.97
Sydney,AU,-33.8688,151.2093,2026-06-02,03,2026-06-02T03:00:00+00:00,1,69.86,0.18,0.88,48.28,0.73,1.12,2.66,0.08
Tokyo,JP,35.6762,139.6503,2026-06-02,03,2026-06-02T03:00:00+00:00,3,104.87,0.07,0.73,115.33,2.34,4.71,5.58,0.14
Antananarivo,MG,-18.8792,47.5079,2026-06-02,04,2026-06-02T04:00:00+00:00,1,218.87,0.01,1.97,22.63,0.43,6.39,9.57,1.9
Cairo,EG,30.0444,31.2357,2026-06-02,04,2026-06-02T04:00:00+00:00,3,115.89,0.04,5.72,84.89,12.83,15.7,54.57,19.59
New York,US,40.7128,-74.006,2026-06-02,04,2026-06-02T04:00:00+00:00,2,121.44,0.0,1.58,85.73,0.59,4.77,8.37,0.04
Paris,FR,48.8566,2.3522,2026-06-02,04,2026-06-02T04:00:00+00:00,2,95.66,0.0,0.94,60.07,0.17,1.5,2.89,1.56
Sydney,AU,-33.8688,151.2093,2026-06-02,04,2026-06-02T04:00:00+00:00,1,69.79,0.15,0.79,47.98,0.68,1.14,2.66,0.08
Tokyo,JP,35.6762,139.6503,2026-06-02,04,2026-06-02T04:00:00+00:00,3,106.44,0.06,0.8,116.45,2.54,5.1,5.98,0.13
Antananarivo,MG,-18.8792,47.5079,2026-06-02,05,2026-06-02T05:00:00+00:00,1,227.29,0.25,1.68,22.36,0.39,6.86,10.66,1.26
Cairo,EG,30.0444,31.2357,2026-06-02,05,2026-06-02T05:00:00+00:00,3,114.43,0.48,5.43,85.49,12.41,15.75,55.52,19.52
New York,US,40.7128,-74.006,2026-06-02,05,2026-06-02T05:00:00+00:00,2,120.76,0.0,1.62,81.77,0.54,4.44,7.85,0.04
Paris,FR,48.8566,2.3522,2026-06-02,05,2026-06-02T05:00:00+00:00,1,95.64,0.0,1.13,56.91,0.15,1.37,2.73,1.44
Sydney,AU,-33.8688,151.2093,2026-06-02,05,2026-06-02T05:00:00+00:00,1,69.74,0.15,0.79,46.99,0.71,1.22,2.8,0.08
Tokyo,JP,35.6762,139.6503,2026-06-02,05,2026-06-02T05:00:00+00:00,3,107.78,0.07,1.03,115.75,2.81,5.41,6.35,0.12
Antananarivo,MG,-18.8792,47.5079,2026-06-02,06,2026-06-02T06:00:00+00:00,1,232.91,0.32,1.22,26.76,0.37,8.01,12.1,1.18
Cairo,EG,30.0444,31.2357,2026-06-02,06,2026-06-02T06:00:00+00:00,3,113.24,0.89,4.51,91.01,11.99,15.94,56.64,18.26
New York,US,40.7128,-74.006,2026-06-02,06,2026-06-02T06:00:00+00:00,2,119.81,0.0,1.62,78.44,0.52,4.11,7.29,0.04
Paris,FR,48.8566,2.3522,2026-06-02,06,2026-06-02T06:00:00+00:00,1,95.62,0.03,1.42,55.16,0.15,1.43,2.85,1.33
Sydney,AU,-33.8688,151.2093,2026-06-02,06,2026-06-02T06:00:00+00:00,1,70.04,0.11,0.97,45.82,0.77,1.49,3.52,0.09
Tokyo,JP,35.6762,139.6503,2026-06-02,06,2026-06-02T06:00:00+00:00,3,109.13,0.07,1.3,114.18,3.02,5.49,6.52,0.11
Antananarivo,MG,-18.8792,47.5079,2026-06-02,07,2026-06-02T07:00:00+00:00,1,123.26,0.08,0.34,38.25,0.23,2.77,4.5,0.64
Cairo,EG,30.0444,31.2357,2026-06-02,07,2026-06-02T07:00:00+00:00,3,109.52,0.61,2.64,105.47,10.03,16.27,56.87,13.58
New York,US,40.7128,-74.006,2026-06-02,07,2026-06-02T07:00:00+00:00,2,118.3,0.0,1.75,74.39,0.5,3.8,6.73,0.04
Paris,FR,48.8566,2.3522,2026-06-02,07,2026-06-02T07:00:00+00:00,1,95.3,0.05,1.39,58.2,0.15,1.58,2.68,0.87
Sydney,AU,-33.8688,151.2093,2026-06-02,07,2026-06-02T07:00:00+00:00,1,71.41,0.02,1.43,44.01,0.82,2.08,5.41,0.12
Tokyo,JP,35.6762,139.6503,2026-06-02,07,2026-06-02T07:00:00+00:00,3,110.47,0.05,1.65,112.09,3.19,5.34,6.45,0.1
Antananarivo,MG,-18.8792,47.5079,2026-06-02,08,2026-06-02T08:00:00+00:00,1,108.98,0.05,0.19,40.44,0.19,2.33,3.69,0.56
Cairo,EG,30.0444,31.2357,2026-06-02,08,2026-06-02T08:00:00+00:00,3,106.7,0.34,1.52,116.03,7.92,17.15,56.46,11.33
New York,US,40.7128,-74.006,2026-06-02,08,2026-06-02T08:00:00+00:00,2,117.75,0.0,2.0,69.37,0.48,3.59,6.28,0.04
Paris,FR,48.8566,2.3522,2026-06-02,08,2026-06-02T08:00:00+00:00,1,94.85,0.06,1.28,59.74,0.12,1.63,2.15,0.47
Sydney,AU,-33.8688,151.2093,2026-06-02,08,2026-06-02T08:00:00+00:00,1,74.09,0.0,2.1,41.5,0.97,2.61,6.94,0.16
Tokyo,JP,35.6762,139.6503,2026-06-02,08,2026-06-02T08:00:00+00:00,3,111.63,0.03,1.99,109.89,3.3,5.02,6.14,0.09
Antananarivo,MG,-18.8792,47.5079,2026-06-02,09,2026-06-02T09:00:00+00:00,1,103.31,0.03,0.13,41.38,0.18,2.22,3.42,0.54
Cairo,EG,30.0444,31.2357,2026-06-02,09,2026-06-02T09:00:00+00:00,3,105.18,0.23,1.06,123.14,6.52,17.96,56.76,10.28
New York,US,40.7128,-74.006,2026-06-02,09,2026-06-02T09:00:00+00:00,2,117.85,0.0,2.44,64.18,0.49,3.46,5.96,0.05
Paris,FR,48.8566,2.3522,2026-06-02,09,2026-06-02T09:00:00+00:00,2,94.76,0.08,1.14,60.9,0.09,1.61,1.83,0.32
Sydney,AU,-33.8688,151.2093,2026-06-02,09,2026-06-02T09:00:00+00:00,1,77.01,0.0,2.74,39.42,1.1,2.67,6.79,0.15
Tokyo,JP,35.6762,139.6503,2026-06-02,09,2026-06-02T09:00:00+00:00,3,112.54,0.01,2.21,107.87,3.32,4.7,5.82,0.08
Antananarivo,MG,-18.8792,47.5079,2026-06-02,10,2026-06-02T10:00:00+00:00,1,94.98,0.03,0.1,43.58,0.16,1.88,2.79,0.46
Cairo,EG,30.0444,31.2357,2026-06-02,10,2026-06-02T10:00:00+00:00,3,97.78,0.12,0.49,108.1,3.26,14.96,49.24,4.39
New York,US,40.7128,-74.006,2026-06-02,10,2026-06-02T10:00:00+00:00,1,119.25,0.0,3.34,58.7,0.6,3.41,5.82,0.06
Paris,FR,48.8566,2.3522,2026-06-02,10,2026-06-02T10:00:00+00:00,2,94.65,0.08,0.96,61.46,0.07,1.44,1.54,0.3
Sydney,AU,-33.8688,151.2093,2026-06-02,10,2026-06-02T10:00:00+00:00,1,78.01,0.0,3.12,37.08,1.14,2.23,5.05,0.11
Tokyo,JP,35.6762,139.6503,2026-06-02,10,2026-06-02T10:00:00+00:00,3,111.79,0.0,1.66,106.71,3.04,4.17,5.22,0.06
Antananarivo,MG,-18.8792,47.5079,2026-06-02,11,2026-06-02T11:00:00+00:00,1,92.52,0.03,0.11,44.24,0.15,1.92,2.78,0.46
Cairo,EG,30.0444,31.2357,2026-06-02,11,2026-06-02T11:00:00+00:00,3,94.21,0.09,0.35,96.68,2.18,14.74,51.27,2.71
New York,US,40.7128,-74.006,2026-06-02,11,2026-06-02T11:00:00+00:00,1,126.16,0.26,5.13,55.35,0.93,3.46,5.98,0.12
Paris,FR,48.8566,2.3522,2026-06-02,11,2026-06-02T11:00:00+00:00,2,94.24,0.1,0.83,60.2,0.07,1.17,1.25,0.41
Sydney,AU,-33.8688,151.2093,2026-06-02,11,2026-06-02T11:00:00+00:00,1,77.41,0.0,2.93,36.44,1.06,1.76,3.55,0.1
Tokyo,JP,35.6762,139.6503,2026-06-02,11,2026-06-02T11:00:00+00:00,3,112.53,0.0,1.45,104.48,2.91,3.89,4.92,0.07
Antananarivo,MG,-18.8792,47.5079,2026-06-02,12,2026-06-02T12:00:00+00:00,1,91.67,0.03,0.13,44.4,0.15,1.99,2.85,0.46
Cairo,EG,30.0444,31.2357,2026-06-02,12,2026-06-02T12:00:00+00:00,3,93.45,0.08,0.34,93.6,2.0,15.19,53.35,2.52
New York,US,40.7128,-74.006,2026-06-02,12,2026-06-02T12:00:00+00:00,1,137.12,1.31,6.65,59.4,1.68,3.51,6.24,0.25
Paris,FR,48.8566,2.3522,2026-06-02,12,2026-06-02T12:00:00+00:00,2,94.27,0.09,0.68,62.37,0.09,0.88,0.96,0.52
Sydney,AU,-33.8688,151.2093,2026-06-02,12,2026-06-02T12:00:00+00:00,1,74.32,0.0,2.13,37.98,0.79,1.41,2.55,0.07
Tokyo,JP,35.6762,139.6503,2026-06-02,12,2026-06-02T12:00:00+00:00,3,113.43,0.0,1.34,101.45,2.81,3.79,4.92,0.08
Antananarivo,MG,-18.8792,47.5079,2026-06-02,13,2026-06-02T13:00:00+00:00,1,99.77,0.05,0.27,42.4,0.19,2.41,3.56,0.7
Cairo,EG,30.0444,31.2357,2026-06-02,13,2026-06-02T13:00:00+00:00,3,93.82,0.08,0.38,93.46,2.03,15.86,55.07,2.54
New York,US,40.7128,-74.006,2026-06-02,13,2026-06-02T13:00:00+00:00,2,137.93,1.87,7.0,74.13,2.9,3.38,6.09,0.33
Paris,FR,48.8566,2.3522,2026-06-02,13,2026-06-02T13:00:00+00:00,2,96.37,0.08,0.53,70.52,0.12,0.76,0.89,0.58
Sydney,AU,-33.8688,151.2093,2026-06-02,13,2026-06-02T13:00:00+00:00,1,70.2,0.0,1.26,41.33,0.49,1.16,1.89,0.05
Tokyo,JP,35.6762,139.6503,2026-06-02,13,2026-06-02T13:00:00+00:00,2,113.01,0.0,1.19,99.25,2.76,3.7,5.04,0.07
Antananarivo,MG,-18.8792,47.5079,2026-06-02,14,2026-06-02T14:00:00+00:00,1,116.61,0.04,0.62,39.11,0.28,3.22,4.92,1.15
Cairo,EG,30.0444,31.2357,2026-06-02,14,2026-06-02T14:00:00+00:00,3,94.3,0.08,0.47,93.0,2.12,16.2,55.51,2.6
New York,US,40.7128,-74.006,2026-06-02,14,2026-06-02T14:00:00+00:00,2,145.12,2.5,7.74,77.11,3.46,4.05,6.78,0.38
Paris,FR,48.8566,2.3522,2026-06-02,14,2026-06-02T14:00:00+00:00,2,97.35,0.07,0.46,76.0,0.14,0.8,1.02,0.57
Sydney,AU,-33.8688,151.2093,2026-06-02,14,2026-06-02T14:00:00+00:00,1,67.88,0.0,0.86,43.29,0.31,1.06,1.6,0.04
Tokyo,JP,35.6762,139.6503,2026-06-02,14,2026-06-02T14:00:00+00:00,2,112.7,0.0,1.2,97.83,2.8,3.67,5.42,0.09
Antananarivo,MG,-18.8792,47.5079,2026-06-02,15,2026-06-02T15:00:00+00:00,1,135.4,0.0,1.07,36.48,0.37,4.08,6.38,1.55
Cairo,EG,30.0444,31.2357,2026-06-02,15,2026-06-02T15:00:00+00:00,3,94.52,0.06,0.59,92.32,2.15,15.88,54.15,2.59
New York,US,40.7128,-74.006,2026-06-02,15,2026-06-02T15:00:00+00:00,2,151.1,2.43,7.58,85.61,3.74,5.39,7.95,0.4
Paris,FR,48.8566,2.3522,2026-06-02,15,2026-06-02T15:00:00+00:00,2,98.25,0.07,0.48,77.68,0.16,0.81,1.07,0.55
Sydney,AU,-33.8688,151.2093,2026-06-02,15,2026-06-02T15:00:00+00:00,1,66.54,0.0,0.61,44.52,0.21,1.14,1.69,0.04
Tokyo,JP,35.6762,139.6503,2026-06-02,15,2026-06-02T15:00:00+00:00,2,112.5,0.0,1.25,97.27,2.74,3.73,6.02,0.1
Antananarivo,MG,-18.8792,47.5079,2026-06-02,16,2026-06-02T16:00:00+00:00,1,158.85,0.0,1.47,33.76,0.48,5.25,8.33,1.96
Cairo,EG,30.0444,31.2357,2026-06-02,16,2026-06-02T16:00:00+00:00,3,96.64,0.06,1.23,91.53,2.47,15.69,53.42,4.0
New York,US,40.7128,-74.006,2026-06-02,16,2026-06-02T16:00:00+00:00,3,128.41,0.79,3.09,106.33,1.85,3.8,4.89,0.19
Paris,FR,48.8566,2.3522,2026-06-02,16,2026-06-02T16:00:00+00:00,2,98.83,0.08,0.56,77.63,0.16,0.75,1.03,0.57
Sydney,AU,-33.8688,151.2093,2026-06-02,16,2026-06-02T16:00:00+00:00,1,66.4,0.0,0.5,45.32,0.16,1.25,1.85,0.05
Tokyo,JP,35.6762,139.6503,2026-06-02,16,2026-06-02T16:00:00+00:00,2,113.0,0.0,1.28,95.89,2.43,3.65,6.22,0.09
Antananarivo,MG,-18.8792,47.5079,2026-06-02,17,2026-06-02T17:00:00+00:00,1,186.77,0.0,1.84,31.4,0.59,6.67,10.6,2.35
Cairo,EG,30.0444,31.2357,2026-06-02,17,2026-06-02T17:00:00+00:00,3,99.89,0.01,2.26,90.42,3.11,16.1,54.68,6.33
New York,US,40.7128,-74.006,2026-06-02,17,2026-06-02T17:00:00+00:00,3,121.09,0.33,1.57,111.96,1.25,3.63,4.3,0.16
Paris,FR,48.8566,2.3522,2026-06-02,17,2026-06-02T17:00:00+00:00,2,99.72,0.07,0.64,77.85,0.17,0.69,1.01,0.63
Sydney,AU,-33.8688,151.2093,2026-06-02,17,2026-06-02T17:00:00+00:00,1,67.18,0.0,0.55,45.38,0.18,1.51,2.26,0.06
Tokyo,JP,35.6762,139.6503,2026-06-02,17,2026-06-02T17:00:00+00:00,2,113.9,0.0,1.23,91.8,2.08,3.47,6.18,0.07
Antananarivo,MG,-18.8792,47.5079,2026-06-02,18,2026-06-02T18:00:00+00:00,1,209.04,0.0,2.05,29.29,0.64,7.83,12.31,2.49
Cairo,EG,30.0444,31.2357,2026-06-02,18,2026-06-02T18:00:00+00:00,3,102.91,0.0,2.9,89.51,3.68,16.68,56.69,7.85
New York,US,40.7128,-74.006,2026-06-02,18,2026-06-02T18:00:00+00:00,3,120.87,0.24,1.32,116.7,1.23,4.36,4.96,0.18
Paris,FR,48.8566,2.3522,2026-06-02,18,2026-06-02T18:00:00+00:00,2,100.62,0.04,0.7,77.91,0.18,0.65,0.99,0.69
Sydney,AU,-33.8688,151.2093,2026-06-02,18,2026-06-02T18:00:00+00:00,1,68.06,0.0,0.64,45.21,0.22,1.62,2.39,0.06
Tokyo,JP,35.6762,139.6503,2026-06-02,18,2026-06-02T18:00:00+00:00,2,114.84,0.0,1.12,85.77,1.8,3.35,6.28,0.06
Antananarivo,MG,-18.8792,47.5079,2026-06-02,19,2026-06-02T19:00:00+00:00,1,228.11,0.0,2.19,26.83,0.57,8.93,13.81,2.04
Cairo,EG,30.0444,31.2357,2026-06-02,19,2026-06-02T19:00:00+00:00,3,105.95,0.0,4.12,87.09,4.31,17.32,57.83,10.46
New York,US,40.7128,-74.006,2026-06-02,19,2026-06-02T19:00:00+00:00,3,122.9,0.2,1.27,122.51,1.3,5.15,5.74,0.21
Paris,FR,48.8566,2.3522,2026-06-02,19,2026-06-02T19:00:00+00:00,2,100.69,0.02,0.79,76.25,0.18,0.62,0.95,0.77
Sydney,AU,-33.8688,151.2093,2026-06-02,19,2026-06-02T19:00:00+00:00,1,68.66,0.0,0.72,45.02,0.27,1.46,2.11,0.06
Tokyo,JP,35.6762,139.6503,2026-06-02,19,2026-06-02T19:00:00+00:00,2,114.91,0.0,1.0,79.08,1.46,3.29,6.5,0.05
Antananarivo,MG,-18.8792,47.5079,2026-06-02,20,2026-06-02T20:00:00+00:00,1,244.55,0.0,2.33,24.74,0.53,9.94,15.11,1.86
Cairo,EG,30.0444,31.2357,2026-06-02,20,2026-06-02T20:00:00+00:00,3,113.89,0.0,7.1,80.29,5.41,17.85,57.09,15.54
New York,US,40.7128,-74.006,2026-06-02,20,2026-06-02T20:00:00+00:00,3,124.19,0.18,1.34,126.63,1.37,5.79,6.38,0.24
Paris,FR,48.8566,2.3522,2026-06-02,20,2026-06-02T20:00:00+00:00,2,101.62,0.0,0.91,73.84,0.17,0.61,0.91,0.87
Sydney,AU,-33.8688,151.2093,2026-06-02,20,2026-06-02T20:00:00+00:00,1,69.19,0.0,0.88,44.77,0.34,1.25,1.77,0.06
Tokyo,JP,35.6762,139.6503,2026-06-02,20,2026-06-02T20:00:00+00:00,2,112.32,0.0,0.92,72.52,1.17,3.48,7.19,0.03
Antananarivo,MG,-18.8792,47.5079,2026-06-02,21,2026-06-02T21:00:00+00:00,2,246.19,0.0,2.31,23.43,0.48,10.16,15.11,1.82
Cairo,EG,30.0444,31.2357,2026-06-02,21,2026-06-02T21:00:00+00:00,3,124.95,0.0,10.85,70.59,7.0,18.0,55.13,20.48
New York,US,40.7128,-74.006,2026-06-02,21,2026-06-02T21:00:00+00:00,3,124.95,0.15,1.54,128.35,1.41,6.07,6.66,0.26
Paris,FR,48.8566,2.3522,2026-06-02,21,2026-06-02T21:00:00+00:00,2,102.01,0.0,0.96,71.96,0.16,0.59,0.86,0.94
Sydney,AU,-33.8688,151.2093,2026-06-02,21,2026-06-02T21:00:00+00:00,1,70.27,0.0,1.17,44.33,0.43,1.01,1.43,0.06
Tokyo,JP,35.6762,139.6503,2026-06-02,21,2026-06-02T21:00:00+00:00,2,108.7,0.0,0.9,64.51,1.0,3.86,7.96,0.03
Antananarivo,MG,-18.8792,47.5079,2026-06-02,22,2026-06-02T22:00:00+00:00,2,241.32,0.0,2.22,22.91,0.47,10.04,14.66,1.97
Cairo,EG,30.0444,31.2357,2026-06-02,22,2026-06-02T22:00:00+00:00,3,133.4,0.0,12.82,64.46,9.27,17.81,53.46,22.44
New York,US,40.7128,-74.006,2026-06-02,22,2026-06-02T22:00:00+00:00,3,130.25,0.22,2.73,122.33,1.47,6.55,7.22,0.28
Paris,FR,48.8566,2.3522,2026-06-02,22,2026-06-02T22:00:00+00:00,2,101.14,0.0,0.94,69.93,0.15,0.58,0.86,0.94
Sydney,AU,-33.8688,151.2093,2026-06-02,22,2026-06-02T22:00:00+00:00,1,71.61,0.02,1.53,43.52,0.54,0.82,1.19,0.07
Tokyo,JP,35.6762,139.6503,2026-06-02,22,2026-06-02T22:00:00+00:00,1,104.51,0.01,0.97,52.27,0.97,4.53,9.53,0.02
Antananarivo,MG,-18.8792,47.5079,2026-06-02,23,2026-06-02T23:00:00+00:00,1,238.15,0.0,2.13,22.66,0.48,9.99,14.38,2.15
Cairo,EG,30.0444,31.2357,2026-06-02,23,2026-06-02T23:00:00+00:00,3,138.22,0.0,12.7,64.78,11.68,17.52,52.64,22.24
New York,US,40.7128,-74.006,2026-06-02,23,2026-06-02T23:00:00+00:00,3,137.62,0.21,4.42,111.28,1.5,7.03,7.82,0.31
Paris,FR,48.8566,2.3522,2026-06-02,23,2026-06-02T23:00:00+00:00,2,101.45,0.0,0.86,69.23,0.15,0.62,0.95,0.92
Sydney,AU,-33.8688,151.2093,2026-06-02,23,2026-06-02T23:00:00+00:00,1,72.31,0.14,1.34,43.49,0.55,0.65,0.9,0.08
Tokyo,JP,35.6762,139.6503,2026-06-02,23,2026-06-02T23:00:00+00:00,1,102.77,0.02,1.13,41.72,1.01,5.47,11.37,0.02
Antananarivo,MG,-18.8792,47.5079,2026-06-03,00,2026-06-03T00:00:00+00:00,1,236.12,0.0,2.07,22.4,0.49,9.98,14.22,2.31
Cairo,EG,30.0444,31.2357,2026-06-03,00,2026-06-03T00:00:00+00:00,3,137.36,0.0,11.38,67.12,13.04,17.22,53.0,21.56
New York,US,40.7128,-74.006,2026-06-03,00,2026-06-03T00:00:00+00:00,3,141.77,0.06,5.37,104.65,1.45,7.2,8.11,0.33
Paris,FR,48.8566,2.3522,2026-06-03,00,2026-06-03T00:00:00+00:00,2,102.04,0.0,0.78,68.6,0.17,0.72,1.14,0.87
Sydney,AU,-33.8688,151.2093,2026-06-03,00,2026-06-03T00:00:00+00:00,1,71.75,0.19,0.89,44.31,0.43,0.5,0.68,0.07
Tokyo,JP,35.6762,139.6503,2026-06-03,00,2026-06-03T00:00:00+00:00,1,108.8,0.04,1.35,40.35,1.15,7.42,14.3,0.01
Antananarivo,MG,-18.8792,47.5079,2026-06-03,01,2026-06-03T01:00:00+00:00,1,234.04,0.0,2.05,22.75,0.53,9.95,14.1,2.63
Cairo,EG,30.0444,31.2357,2026-06-03,01,2026-06-03T01:00:00+00:00,3,131.24,0.0,9.86,67.09,12.86,16.77,52.81,21.62
New York,US,40.7128,-74.006,2026-06-03,01,2026-06-03T01:00:00+00:00,2,143.7,0.0,5.48,97.47,1.24,7.22,8.23,0.34
Paris,FR,48.8566,2.3522,2026-06-03,01,2026-06-03T01:00:00+00:00,2,101.92,0.0,0.72,67.53,0.19,0.84,1.42,0.84
Sydney,AU,-33.8688,151.2093,2026-06-03,01,2026-06-03T01:00:00+00:00,1,71.23,0.14,0.52,45.81,0.24,0.5,0.53,0.06
Tokyo,JP,35.6762,139.6503,2026-06-03,01,2026-06-03T01:00:00+00:00,2,118.31,0.09,1.78,46.32,1.49,10.82,20.04,0.0
Antananarivo,MG,-18.8792,47.5079,2026-06-03,02,2026-06-03T02:00:00+00:00,1,233.05,0.0,2.06,23.88,0.61,9.94,14.06,3.07
Cairo,EG,30.0444,31.2357,2026-06-03,02,2026-06-03T02:00:00+00:00,3,127.95,0.0,9.49,64.24,11.9,16.81,53.23,23.94
New York,US,40.7128,-74.006,2026-06-03,02,2026-06-03T02:00:00+00:00,2,147.33,0.0,5.75,89.76,1.04,7.22,8.34,0.37
Paris,FR,48.8566,2.3522,2026-06-03,02,2026-06-03T02:00:00+00:00,2,102.28,0.0,0.68,66.65,0.22,0.99,1.75,0.84
Sydney,AU,-33.8688,151.2093,2026-06-03,02,2026-06-03T02:00:00+00:00,1,70.31,0.1,0.35,46.75,0.15,0.5,0.5,0.05
Tokyo,JP,35.6762,139.6503,2026-06-03,02,2026-06-03T02:00:00+00:00,2,118.93,0.2,2.81,50.37,2.07,13.04,25.31,0.0
Antananarivo,MG,-18.8792,47.5079,2026-06-03,03,2026-06-03T03:00:00+00:00,2,235.97,0.0,2.14,24.87,0.7,10.13,14.35,3.54
Cairo,EG,30.0444,31.2357,2026-06-03,03,2026-06-03T03:00:00+00:00,3,126.22,0.0,9.45,60.48,10.83,17.11,54.93,26.97
New York,US,40.7128,-74.006,2026-06-03,03,2026-06-03T03:00:00+00:00,2,151.34,0.0,6.21,83.51,0.93,7.1,8.29,0.44
Paris,FR,48.8566,2.3522,2026-06-03,03,2026-06-03T03:00:00+00:00,2,102.18,0.0,0.66,65.38,0.24,1.11,2.04,0.85
Sydney,AU,-33.8688,151.2093,2026-06-03,03,2026-06-03T03:00:00+00:00,1,69.13,0.08,0.28,47.14,0.11,0.5,0.5,0.04
Tokyo,JP,35.6762,139.6503,2026-06-03,03,2026-06-03T03:00:00+00:00,2,118.18,0.36,4.21,53.64,2.36,11.22,23.17,0.02
Antananarivo,MG,-18.8792,47.5079,2026-06-03,04,2026-06-03T04:00:00+00:00,2,251.24,0.02,2.4,25.34,0.89,10.86,15.77,4.25
Cairo,EG,30.0444,31.2357,2026-06-03,04,2026-06-03T04:00:00+00:00,3,124.26,0.09,9.6,56.84,9.88,17.48,57.19,29.72
New York,US,40.7128,-74.006,2026-06-03,04,2026-06-03T04:00:00+00:00,2,153.87,0.0,6.61,77.26,0.85,6.9,8.12,0.51
Paris,FR,48.8566,2.3522,2026-06-03,04,2026-06-03T04:00:00+00:00,2,101.46,0.0,0.65,64.21,0.24,1.16,2.25,0.83
Sydney,AU,-33.8688,151.2093,2026-06-03,04,2026-06-03T04:00:00+00:00,1,68.94,0.07,0.25,48.38,0.09,0.5,0.5,0.04
Tokyo,JP,35.6762,139.6503,2026-06-03,04,2026-06-03T04:00:00+00:00,1,122.2,0.65,5.11,59.4,2.26,7.56,15.08,0.04
Antananarivo,MG,-18.8792,47.5079,2026-06-03,05,2026-06-03T05:00:00+00:00,2,269.3,0.38,2.05,27.36,1.06,11.85,17.6,4.8
Cairo,EG,30.0444,31.2357,2026-06-03,05,2026-06-03T05:00:00+00:00,3,124.16,1.06,8.71,55.77,9.82,17.99,59.92,30.26
New York,US,40.7128,-74.006,2026-06-03,05,2026-06-03T05:00:00+00:00,2,155.65,0.0,6.62,71.53,0.79,6.81,8.08,0.53
Paris,FR,48.8566,2.3522,2026-06-03,05,2026-06-03T05:00:00+00:00,2,101.01,0.0,0.78,62.91,0.25,1.13,2.29,0.79
Sydney,AU,-33.8688,151.2093,2026-06-03,05,2026-06-03T05:00:00+00:00,1,68.53,0.06,0.27,49.57,0.09,0.5,0.5,0.04
Tokyo,JP,35.6762,139.6503,2026-06-03,05,2026-06-03T05:00:00+00:00,2,127.99,0.6,5.17,67.18,2.17,5.79,9.91,0.06
Antananarivo,MG,-18.8792,47.5079,2026-06-03,06,2026-06-03T06:00:00+00:00,2,280.46,0.4,1.38,35.27,1.05,13.78,19.91,4.67
Cairo,EG,30.0444,31.2357,2026-06-03,06,2026-06-03T06:00:00+00:00,3,125.34,2.19,7.46,58.06,10.16,18.81,64.38,29.86
New York,US,40.7128,-74.006,2026-06-03,06,2026-06-03T06:00:00+00:00,2,157.8,0.0,6.8,65.05,0.83,6.75,8.12,0.56
Paris,FR,48.8566,2.3522,2026-06-03,06,2026-06-03T06:00:00+00:00,2,100.66,0.02,1.01,62.04,0.24,1.05,2.18,0.76
Sydney,AU,-33.8688,151.2093,2026-06-03,06,2026-06-03T06:00:00+00:00,1,68.43,0.04,0.31,50.87,0.09,0.5,0.5,0.04
Tokyo,JP,35.6762,139.6503,2026-06-03,06,2026-06-03T06:00:00+00:00,2,135.19,0.43,4.59,79.97,2.13,6.09,8.75,0.1
Antananarivo,MG,-18.8792,47.5079,2026-06-03,07,2026-06-03T07:00:00+00:00,1,118.52,0.06,0.21,46.95,0.32,4.53,6.5,0.93
Cairo,EG,30.0444,31.2357,2026-06-03,07,2026-06-03T07:00:00+00:00,3,118.81,1.46,4.67,77.7,10.48,21.12,79.5,21.8
New York,US,40.7128,-74.006,2026-06-03,07,2026-06-03T07:00:00+00:00,1,159.88,0.0,7.59,55.83,0.91,6.51,7.95,0.62
Paris,FR,48.8566,2.3522,2026-06-03,07,2026-06-03T07:00:00+00:00,2,100.37,0.04,1.11,61.88,0.24,0.96,1.86,0.72
Sydney,AU,-33.8688,151.2093,2026-06-03,07,2026-06-03T07:00:00+00:00,1,68.36,0.01,0.39,51.59,0.09,0.5,0.5,0.05
Tokyo,JP,35.6762,139.6503,2026-06-03,07,2026-06-03T07:00:00+00:00,2,136.61,0.37,3.93,94.61,2.25,7.68,10.71,0.23
Antananarivo,MG,-18.8792,47.5079,2026-06-03,08,2026-06-03T08:00:00+00:00,1,99.49,0.03,0.11,48.8,0.22,3.54,5.02,0.61
Cairo,EG,30.0444,31.2357,2026-06-03,08,2026-06-03T08:00:00+00:00,3,119.05,0.86,3.1,94.78,10.3,25.03,88.76,20.48
New York,US,40.7128,-74.006,2026-06-03,08,2026-06-03T08:00:00+00:00,1,162.06,0.0,8.61,44.57,0.89,6.14,7.57,0.59
Paris,FR,48.8566,2.3522,2026-06-03,08,2026-06-03T08:00:00+00:00,2,99.6,0.07,1.04,61.99,0.21,0.91,1.53,0.69
Sydney,AU,-33.8688,151.2093,2026-06-03,08,2026-06-03T08:00:00+00:00,1,69.12,0.0,0.47,51.88,0.12,0.5,0.5,0.06
Tokyo,JP,35.6762,139.6503,2026-06-03,08,2026-06-03T08:00:00+00:00,3,132.69,0.37,4.16,100.19,2.58,8.19,11.37,0.38
Antananarivo,MG,-18.8792,47.5079,2026-06-03,09,2026-06-03T09:00:00+00:00,1,93.59,0.02,0.09,49.6,0.2,3.24,4.56,0.53
Cairo,EG,30.0444,31.2357,2026-06-03,09,2026-06-03T09:00:00+00:00,3,119.79,0.39,1.79,114.47,9.9,29.72,99.33,18.18
New York,US,40.7128,-74.006,2026-06-03,09,2026-06-03T09:00:00+00:00,1,162.77,0.0,9.72,36.09,0.94,5.58,6.9,0.53
Paris,FR,48.8566,2.3522,2026-06-03,09,2026-06-03T09:00:00+00:00,2,98.92,0.09,0.93,62.64,0.19,0.9,1.35,0.67
Sydney,AU,-33.8688,151.2093,2026-06-03,09,2026-06-03T09:00:00+00:00,1,69.67,0.0,0.52,52.28,0.14,0.5,0.5,0.07
Tokyo,JP,35.6762,139.6503,2026-06-03,09,2026-06-03T09:00:00+00:00,2,128.82,0.27,5.13,96.32,2.85,7.9,10.78,0.49
Antananarivo,MG,-18.8792,47.5079,2026-06-03,10,2026-06-03T10:00:00+00:00,1,86.21,0.02,0.09,51.67,0.16,2.74,3.82,0.42
Cairo,EG,30.0444,31.2357,2026-06-03,10,2026-06-03T10:00:00+00:00,3,104.54,0.12,0.67,107.66,4.64,24.84,92.12,6.41
New York,US,40.7128,-74.006,2026-06-03,10,2026-06-03T10:00:00+00:00,1,160.5,0.02,10.91,33.48,1.34,4.68,5.81,0.52
Paris,FR,48.8566,2.3522,2026-06-03,10,2026-06-03T10:00:00+00:00,2,99.6,0.09,0.77,65.22,0.16,0.9,1.27,0.66
Sydney,AU,-33.8688,151.2093,2026-06-03,10,2026-06-03T10:00:00+00:00,1,69.32,0.0,0.54,52.55,0.16,0.5,0.5,0.08
Tokyo,JP,35.6762,139.6503,2026-06-03,10,2026-06-03T10:00:00+00:00,2,126.42,0.04,6.38,88.78,3.22,7.58,10.45,0.55
Antananarivo,MG,-18.8792,47.5079,2026-06-03,11,2026-06-03T11:00:00+00:00,1,80.5,0.02,0.09,52.92,0.14,2.41,3.37,0.36
Cairo,EG,30.0444,31.2357,2026-06-03,11,2026-06-03T11:00:00+00:00,3,95.71,0.07,0.36,92.88,2.18,20.35,77.96,2.66
New York,US,40.7128,-74.006,2026-06-03,11,2026-06-03T11:00:00+00:00,1,159.34,0.92,11.51,32.29,1.7,3.83,4.85,0.59
Paris,FR,48.8566,2.3522,2026-06-03,11,2026-06-03T11:00:00+00:00,2,99.37,0.09,0.67,66.94,0.15,0.94,1.27,0.67
Sydney,AU,-33.8688,151.2093,2026-06-03,11,2026-06-03T11:00:00+00:00,1,69.62,0.0,0.55,53.18,0.18,0.5,0.5,0.08
Tokyo,JP,35.6762,139.6503,2026-06-03,11,2026-06-03T11:00:00+00:00,2,125.84,0.0,7.02,82.54,3.65,7.36,10.47,0.59
Antananarivo,MG,-18.8792,47.5079,2026-06-03,12,2026-06-03T12:00:00+00:00,1,77.15,0.02,0.1,53.19,0.12,2.19,3.12,0.33
Cairo,EG,30.0444,31.2357,2026-06-03,12,2026-06-03T12:00:00+00:00,3,91.96,0.05,0.31,88.14,1.34,19.08,75.46,1.62
New York,US,40.7128,-74.006,2026-06-03,12,2026-06-03T12:00:00+00:00,1,162.6,3.0,10.94,35.24,2.32,3.18,4.2,0.71
Paris,FR,48.8566,2.3522,2026-06-03,12,2026-06-03T12:00:00+00:00,2,99.31,0.09,0.6,68.56,0.15,1.07,1.47,0.69
Sydney,AU,-33.8688,151.2093,2026-06-03,12,2026-06-03T12:00:00+00:00,1,69.69,0.0,0.57,53.23,0.19,0.5,0.5,0.07
Tokyo,JP,35.6762,139.6503,2026-06-03,12,2026-06-03T12:00:00+00:00,2,126.55,0.0,7.6,78.25,4.28,7.07,10.48,0.65
Antananarivo,MG,-18.8792,47.5079,2026-06-03,13,2026-06-03T13:00:00+00:00,1,80.32,0.03,0.19,51.34,0.15,2.28,3.42,0.45
Cairo,EG,30.0444,31.2357,2026-06-03,13,2026-06-03T13:00:00+00:00,3,90.48,0.02,0.42,87.31,0.85,20.67,92.37,1.36
New York,US,40.7128,-74.006,2026-06-03,13,2026-06-03T13:00:00+00:00,1,163.03,4.08,11.43,46.53,3.84,2.8,3.98,0.86
Paris,FR,48.8566,2.3522,2026-06-03,13,2026-06-03T13:00:00+00:00,2,100.44,0.07,0.59,70.41,0.17,1.26,1.9,0.75
Sydney,AU,-33.8688,151.2093,2026-06-03,13,2026-06-03T13:00:00+00:00,1,69.63,0.0,0.6,52.83,0.2,0.5,0.5,0.06
Tokyo,JP,35.6762,139.6503,2026-06-03,13,2026-06-03T13:00:00+00:00,2,126.91,0.0,8.19,75.24,5.36,6.64,10.38,0.72
Antananarivo,MG,-18.8792,47.5079,2026-06-03,14,2026-06-03T14:00:00+00:00,1,88.73,0.02,0.41,47.94,0.19,2.63,4.13,0.68
Cairo,EG,30.0444,31.2357,2026-06-03,14,2026-06-03T14:00:00+00:00,4,90.25,0.02,0.56,87.79,0.64,21.48,101.03,1.65
New York,US,40.7128,-74.006,2026-06-03,14,2026-06-03T14:00:00+00:00,1,169.22,4.74,11.59,54.43,4.51,3.35,4.74,0.91
Paris,FR,48.8566,2.3522,2026-06-03,14,2026-06-03T14:00:00+00:00,2,100.79,0.06,0.61,70.8,0.21,1.43,2.4,0.82
Sydney,AU,-33.8688,151.2093,2026-06-03,14,2026-06-03T14:00:00+00:00,1,69.07,0.0,0.57,52.31,0.19,0.5,0.5,0.05
Tokyo,JP,35.6762,139.6503,2026-06-03,14,2026-06-03T14:00:00+00:00,2,129.4,0.0,9.51,72.25,6.63,6.25,10.6,0.83
Antananarivo,MG,-18.8792,47.5079,2026-06-03,15,2026-06-03T15:00:00+00:00,1,97.76,0.0,0.66,45.02,0.23,3.0,4.86,0.88
Cairo,EG,30.0444,31.2357,2026-06-03,15,2026-06-03T15:00:00+00:00,3,90.52,0.01,0.72,88.92,0.56,19.49,85.79,1.98
New York,US,40.7128,-74.006,2026-06-03,15,2026-06-03T15:00:00+00:00,2,174.58,3.87,11.53,75.13,5.26,5.83,7.47,0.94
Paris,FR,48.8566,2.3522,2026-06-03,15,2026-06-03T15:00:00+00:00,2,100.78,0.06,0.67,71.11,0.22,1.47,2.57,0.84
Sydney,AU,-33.8688,151.2093,2026-06-03,15,2026-06-03T15:00:00+00:00,1,68.51,0.0,0.52,51.84,0.17,0.5,0.5,0.04
Tokyo,JP,35.6762,139.6503,2026-06-03,15,2026-06-03T15:00:00+00:00,2,132.66,0.0,11.29,69.6,8.09,5.91,11.05,1.0
Antananarivo,MG,-18.8792,47.5079,2026-06-03,16,2026-06-03T16:00:00+00:00,1,117.52,0.0,1.02,40.63,0.3,3.89,6.4,1.3
Cairo,EG,30.0444,31.2357,2026-06-03,16,2026-06-03T16:00:00+00:00,3,91.05,0.01,1.18,87.45,0.72,16.79,63.94,3.63
New York,US,40.7128,-74.006,2026-06-03,16,2026-06-03T16:00:00+00:00,3,137.67,1.12,4.85,111.92,2.95,5.78,6.94,0.65
Paris,FR,48.8566,2.3522,2026-06-03,16,2026-06-03T16:00:00+00:00,2,100.87,0.04,0.77,71.72,0.21,1.43,2.43,0.81
Sydney,AU,-33.8688,151.2093,2026-06-03,16,2026-06-03T16:00:00+00:00,1,68.32,0.0,0.47,51.6,0.15,0.5,0.5,0.04
Tokyo,JP,35.6762,139.6503,2026-06-03,16,2026-06-03T16:00:00+00:00,2,133.92,0.0,12.32,68.79,9.43,5.48,11.06,1.15
Antananarivo,MG,-18.8792,47.5079,2026-06-03,17,2026-06-03T17:00:00+00:00,1,150.81,0.0,1.5,36.06,0.39,5.48,9.0,1.84
Cairo,EG,30.0444,31.2357,2026-06-03,17,2026-06-03T17:00:00+00:00,3,93.64,0.0,1.65,85.3,1.08,15.58,52.63,5.77
New York,US,40.7128,-74.006,2026-06-03,17,2026-06-03T17:00:00+00:00,3,126.8,0.4,2.15,125.44,1.99,6.43,7.4,0.52
Paris,FR,48.8566,2.3522,2026-06-03,17,2026-06-03T17:00:00+00:00,2,100.43,0.03,0.84,71.87,0.18,1.35,2.05,0.76
Sydney,AU,-33.8688,151.2093,2026-06-03,17,2026-06-03T17:00:00+00:00,1,68.6,0.0,0.48,51.33,0.16,0.5,0.5,0.04
Tokyo,JP,35.6762,139.6503,2026-06-03,17,2026-06-03T17:00:00+00:00,2,134.52,0.0,12.86,69.37,10.0,5.04,10.8,1.29
Antananarivo,MG,-18.8792,47.5079,2026-06-03,18,2026-06-03T18:00:00+00:00,1,179.43,0.0,1.83,32.93,0.43,6.97,11.38,1.99
Cairo,EG,30.0444,31.2357,2026-06-03,18,2026-06-03T18:00:00+00:00,2,96.24,0.0,2.02,83.59,1.47,15.21,48.39,7.61
New York,US,40.7128,-74.006,2026-06-03,18,2026-06-03T18:00:00+00:00,3,125.89,0.25,1.47,133.23,1.82,7.36,8.33,0.5
Paris,FR,48.8566,2.3522,2026-06-03,18,2026-06-03T18:00:00+00:00,2,100.09,0.01,0.9,71.33,0.16,1.37,1.8,0.69
Sydney,AU,-33.8688,151.2093,2026-06-03,18,2026-06-03T18:00:00+00:00,1,69.23,0.0,0.5,51.41,0.17,0.5,0.5,0.04
Tokyo,JP,35.6762,139.6503,2026-06-03,18,2026-06-03T18:00:00+00:00,2,133.35,0.0,12.81,71.32,10.17,4.55,10.17,1.45
Antananarivo,MG,-18.8792,47.5079,2026-06-03,19,2026-06-03T19:00:00+00:00,1,201.28,0.0,2.09,31.38,0.54,8.22,13.41,2.33
Cairo,EG,30.0444,31.2357,2026-06-03,19,2026-06-03T19:00:00+00:00,2,97.56,0.0,2.4,80.75,1.82,15.14,47.3,9.34
New York,US,40.7128,-74.006,2026-06-03,19,2026-06-03T19:00:00+00:00,3,127.38,0.2,1.3,138.72,1.8,8.51,9.55,0.49
Paris,FR,48.8566,2.3522,2026-06-03,19,2026-06-03T19:00:00+00:00,2,99.55,0.0,0.94,70.08,0.14,1.53,1.79,0.58
Sydney,AU,-33.8688,151.2093,2026-06-03,19,2026-06-03T19:00:00+00:00,1,69.9,0.0,0.54,51.71,0.18,0.5,0.5,0.05
Tokyo,JP,35.6762,139.6503,2026-06-03,19,2026-06-03T19:00:00+00:00,2,129.5,0.0,12.12,74.34,10.02,3.98,8.75,1.55
Antananarivo,MG,-18.8792,47.5079,2026-06-03,20,2026-06-03T20:00:00+00:00,1,215.3,0.0,2.29,31.29,0.66,9.05,14.74,2.87
Cairo,EG,30.0444,31.2357,2026-06-03,20,2026-06-03T20:00:00+00:00,2,98.89,0.0,2.51,79.01,1.94,15.13,46.15,9.78
New York,US,40.7128,-74.006,2026-06-03,20,2026-06-03T20:00:00+00:00,4,129.48,0.19,1.3,141.93,1.75,9.59,10.72,0.49
Paris,FR,48.8566,2.3522,2026-06-03,20,2026-06-03T20:00:00+00:00,2,99.26,0.0,1.0,68.45,0.14,1.77,1.98,0.51
Sydney,AU,-33.8688,151.2093,2026-06-03,20,2026-06-03T20:00:00+00:00,1,70.52,0.0,0.6,52.19,0.21,0.5,0.5,0.05
Tokyo,JP,35.6762,139.6503,2026-06-03,20,2026-06-03T20:00:00+00:00,2,126.54,0.0,11.52,76.14,9.47,3.65,7.45,1.54
Antananarivo,MG,-18.8792,47.5079,2026-06-03,21,2026-06-03T21:00:00+00:00,1,213.94,0.0,2.3,31.77,0.69,9.04,14.56,3.16
Cairo,EG,30.0444,31.2357,2026-06-03,21,2026-06-03T21:00:00+00:00,2,98.93,0.0,2.33,77.25,1.66,14.91,44.31,8.94
New York,US,40.7128,-74.006,2026-06-03,21,2026-06-03T21:00:00+00:00,4,130.86,0.18,1.41,141.31,1.6,9.88,11.06,0.47
Paris,FR,48.8566,2.3522,2026-06-03,21,2026-06-03T21:00:00+00:00,2,98.97,0.0,1.02,66.35,0.15,2.06,2.32,0.48
Sydney,AU,-33.8688,151.2093,2026-06-03,21,2026-06-03T21:00:00+00:00,1,71.23,0.0,0.71,52.87,0.25,0.5,0.5,0.06
Tokyo,JP,35.6762,139.6503,2026-06-03,21,2026-06-03T21:00:00+00:00,2,124.59,0.01,11.64,77.34,8.93,3.54,6.63,1.47
Antananarivo,MG,-18.8792,47.5079,2026-06-03,22,2026-06-03T22:00:00+00:00,1,206.9,0.0,2.23,32.74,0.71,8.67,13.83,3.4
Cairo,EG,30.0444,31.2357,2026-06-03,22,2026-06-03T22:00:00+00:00,2,97.14,0.0,1.97,75.25,1.11,14.62,42.89,7.67
New York,US,40.7128,-74.006,2026-06-03,22,2026-06-03T22:00:00+00:00,3,137.59,0.23,2.22,136.13,1.57,11.08,12.4,0.44
Paris,FR,48.8566,2.3522,2026-06-03,22,2026-06-03T22:00:00+00:00,2,98.55,0.0,0.97,64.2,0.17,2.24,2.58,0.46
Sydney,AU,-33.8688,151.2093,2026-06-03,22,2026-06-03T22:00:00+00:00,1,71.39,0.01,0.88,53.12,0.3,0.5,0.5,0.07
Tokyo,JP,35.6762,139.6503,2026-06-03,22,2026-06-03T22:00:00+00:00,2,121.42,0.12,12.36,80.29,8.27,3.46,6.0,1.3
Antananarivo,MG,-18.8792,47.5079,2026-06-03,23,2026-06-03T23:00:00+00:00,1,202.47,0.0,2.16,33.76,0.73,8.38,13.32,3.6
Cairo,EG,30.0444,31.2357,2026-06-03,23,2026-06-03T23:00:00+00:00,2,97.17,0.0,1.91,73.69,0.86,14.89,43.58,8.11
New York,US,40.7128,-74.006,2026-06-03,23,2026-06-03T23:00:00+00:00,3,147.74,0.21,3.29,129.73,1.62,13.05,14.55,0.42
Paris,FR,48.8566,2.3522,2026-06-03,23,2026-06-03T23:00:00+00:00,2,98.71,0.0,0.87,62.38,0.18,2.23,2.64,0.47
Sydney,AU,-33.8688,151.2093,2026-06-03,23,2026-06-03T23:00:00+00:00,1,70.9,0.07,0.79,53.88,0.3,0.5,0.5,0.07
Tokyo,JP,35.6762,139.6503,2026-06-03,23,2026-06-03T23:00:00+00:00,2,119.38,0.35,12.59,83.78,7.73,3.36,5.59,1.21
Antananarivo,MG,-18.8792,47.5079,2026-06-04,00,2026-06-04T00:00:00+00:00,1,199.75,0.0,2.11,34.56,0.74,8.21,13.05,3.75
Cairo,EG,30.0444,31.2357,2026-06-04,00,2026-06-04T00:00:00+00:00,2,97.98,0.0,2.01,73.01,0.95,15.53,45.2,9.68
New York,US,40.7128,-74.006,2026-06-04,00,2026-06-04T00:00:00+00:00,3,153.8,0.06,3.91,125.46,1.63,14.46,16.07,0.41
Paris,FR,48.8566,2.3522,2026-06-04,00,2026-06-04T00:00:00+00:00,2,98.78,0.0,0.76,60.87,0.19,2.09,2.58,0.49
Sydney,AU,-33.8688,151.2093,2026-06-04,00,2026-06-04T00:00:00+00:00,1,69.79,0.1,0.58,54.79,0.24,0.5,0.5,0.07
Tokyo,JP,35.6762,139.6503,2026-06-04,00,2026-06-04T00:00:00+00:00,2,119.09,0.7,12.97,86.5,7.59,3.36,5.47,1.18
Antananarivo,MG,-18.8792,47.5079,2026-06-04,01,2026-06-04T01:00:00+00:00,1,197.32,0.0,2.06,34.84,0.74,8.06,12.83,3.79
Cairo,EG,30.0444,31.2357,2026-06-04,01,2026-06-04T01:00:00+00:00,2,99.53,0.0,2.86,68.25,1.5,16.05,44.6,13.44
New York,US,40.7128,-74.006,2026-06-04,01,2026-06-04T01:00:00+00:00,3,157.08,0.0,3.81,120.91,1.58,15.65,17.31,0.39
Paris,FR,48.8566,2.3522,2026-06-04,01,2026-06-04T01:00:00+00:00,1,98.33,0.0,0.66,59.76,0.17,1.88,2.58,0.51
Sydney,AU,-33.8688,151.2093,2026-06-04,01,2026-06-04T01:00:00+00:00,1,68.95,0.09,0.4,55.98,0.16,0.5,0.5,0.06
Tokyo,JP,35.6762,139.6503,2026-06-04,01,2026-06-04T01:00:00+00:00,2,119.23,0.76,13.69,87.97,7.72,3.44,5.57,1.21
Antananarivo,MG,-18.8792,47.5079,2026-06-04,02,2026-06-04T02:00:00+00:00,1,195.25,0.0,2.02,34.62,0.73,7.95,12.67,3.72
Cairo,EG,30.0444,31.2357,2026-06-04,02,2026-06-04T02:00:00+00:00,2,102.61,0.0,3.91,61.18,1.98,16.58,45.03,17.21
New York,US,40.7128,-74.006,2026-06-04,02,2026-06-04T02:00:00+00:00,3,162.84,0.0,3.86,116.58,1.56,17.38,19.1,0.38
Paris,FR,48.8566,2.3522,2026-06-04,02,2026-06-04T02:00:00+00:00,1,98.08,0.0,0.56,59.54,0.19,1.88,2.93,0.53
Sydney,AU,-33.8688,151.2093,2026-06-04,02,2026-06-04T02:00:00+00:00,1,68.11,0.08,0.32,56.04,0.13,0.5,0.5,0.05
Tokyo,JP,35.6762,139.6503,2026-06-04,02,2026-06-04T02:00:00+00:00,2,121.23,0.84,14.54,89.03,8.33,3.59,5.82,1.35
Antananarivo,MG,-18.8792,47.5079,2026-06-04,03,2026-06-04T03:00:00+00:00,1,196.4,0.0,2.02,34.14,0.72,8.01,12.83,3.63
Cairo,EG,30.0444,31.2357,2026-06-04,03,2026-06-04T03:00:00+00:00,2,104.64,0.0,4.43,55.21,2.06,17.14,47.61,19.12
New York,US,40.7128,-74.006,2026-06-04,03,2026-06-04T03:00:00+00:00,3,166.98,0.0,4.04,112.68,1.57,18.97,20.71,0.38
Paris,FR,48.8566,2.3522,2026-06-04,03,2026-06-04T03:00:00+00:00,2,97.65,0.0,0.5,60.09,0.2,1.86,2.99,0.52
Sydney,AU,-33.8688,151.2093,2026-06-04,03,2026-06-04T03:00:00+00:00,1,67.77,0.08,0.28,56.1,0.11,0.5,0.54,0.05
Tokyo,JP,35.6762,139.6503,2026-06-04,03,2026-06-04T03:00:00+00:00,2,124.3,0.87,15.47,89.75,9.18,3.81,6.22,1.53
Antananarivo,MG,-18.8792,47.5079,2026-06-04,04,2026-06-04T04:00:00+00:00,1,209.32,0.02,2.2,32.51,0.73,8.59,14.08,3.44
Cairo,EG,30.0444,31.2357,2026-06-04,04,2026-06-04T04:00:00+00:00,3,104.86,0.07,4.67,49.9,2.06,17.5,50.74,20.58
New York,US,40.7128,-74.006,2026-06-04,04,2026-06-04T04:00:00+00:00,3,169.01,0.0,4.08,106.65,1.51,20.31,22.01,0.4
Paris,FR,48.8566,2.3522,2026-06-04,04,2026-06-04T04:00:00+00:00,2,97.48,0.0,0.47,61.26,0.2,1.81,2.72,0.48
Sydney,AU,-33.8688,151.2093,2026-06-04,04,2026-06-04T04:00:00+00:00,1,68.64,0.07,0.29,56.89,0.1,0.5,0.58,0.06
Tokyo,JP,35.6762,139.6503,2026-06-04,04,2026-06-04T04:00:00+00:00,2,126.55,0.92,15.25,92.48,9.61,4.03,6.63,1.62
Antananarivo,MG,-18.8792,47.5079,2026-06-04,05,2026-06-04T05:00:00+00:00,1,225.92,0.32,1.89,31.53,0.67,9.44,15.68,3.13
Cairo,EG,30.0444,31.2357,2026-06-04,05,2026-06-04T05:00:00+00:00,3,106.94,0.74,4.37,47.4,2.69,17.92,54.18,22.52
New York,US,40.7128,-74.006,2026-06-04,05,2026-06-04T05:00:00+00:00,2,170.21,0.0,3.88,99.02,1.36,21.4,23.04,0.44
Paris,FR,48.8566,2.3522,2026-06-04,05,2026-06-04T05:00:00+00:00,2,97.68,0.0,0.58,62.35,0.2,1.94,2.67,0.42
Sydney,AU,-33.8688,151.2093,2026-06-04,05,2026-06-04T05:00:00+00:00,1,69.21,0.06,0.34,57.33,0.11,0.5,0.59,0.07
Tokyo,JP,35.6762,139.6503,2026-06-04,05,2026-06-04T05:00:00+00:00,2,126.71,0.74,14.57,95.67,9.57,4.25,7.04,1.58
Antananarivo,MG,-18.8792,47.5079,2026-06-04,06,2026-06-04T06:00:00+00:00,2,238.61,0.37,1.3,36.83,0.61,11.12,17.64,2.85
Cairo,EG,30.0444,31.2357,2026-06-04,06,2026-06-04T06:00:00+00:00,3,110.56,1.57,4.09,49.29,3.7,18.36,56.98,25.55
New York,US,40.7128,-74.006,2026-06-04,06,2026-06-04T06:00:00+00:00,2,169.93,0.0,3.56,91.68,1.21,21.8,23.37,0.51
Paris,FR,48.8566,2.3522,2026-06-04,06,2026-06-04T06:00:00+00:00,2,98.14,0.0,0.82,62.43,0.2,2.11,2.75,0.38
Sydney,AU,-33.8688,151.2093,2026-06-04,06,2026-06-04T06:00:00+00:00,1,69.46,0.03,0.42,57.62,0.12,0.5,0.61,0.09
Tokyo,JP,35.6762,139.6503,2026-06-04,06,2026-06-04T06:00:00+00:00,2,125.51,0.56,13.99,98.27,9.44,4.41,7.41,1.49
Antananarivo,MG,-18.8792,47.5079,2026-06-04,07,2026-06-04T07:00:00+00:00,1,93.78,0.06,0.21,50.96,0.25,2.69,4.64,0.62
Cairo,EG,30.0444,31.2357,2026-06-04,07,2026-06-04T07:00:00+00:00,3,114.23,1.73,3.86,59.99,4.63,19.31,60.78,28.04
New York,US,40.7128,-74.006,2026-06-04,07,2026-06-04T07:00:00+00:00,2,167.02,0.0,3.42,83.35,1.08,21.52,23.0,0.59
Paris,FR,48.8566,2.3522,2026-06-04,07,2026-06-04T07:00:00+00:00,2,98.62,0.01,0.98,62.16,0.2,2.12,2.62,0.36
Sydney,AU,-33.8688,151.2093,2026-06-04,07,2026-06-04T07:00:00+00:00,1,69.32,0.0,0.48,58.57,0.12,0.5,0.62,0.09
Tokyo,JP,35.6762,139.6503,2026-06-04,07,2026-06-04T07:00:00+00:00,3,123.01,0.34,13.5,100.32,9.19,4.42,7.54,1.37
Antananarivo,MG,-18.8792,47.5079,2026-06-04,08,2026-06-04T08:00:00+00:00,1,80.16,0.03,0.12,50.47,0.19,2.04,3.42,0.44
Cairo,EG,30.0444,31.2357,2026-06-04,08,2026-06-04T08:00:00+00:00,3,115.57,1.16,3.03,78.67,4.97,21.52,65.38,24.33
New York,US,40.7128,-74.006,2026-06-04,08,2026-06-04T08:00:00+00:00,2,165.18,0.0,3.5,74.83,0.97,21.17,22.58,0.7
Paris,FR,48.8566,2.3522,2026-06-04,08,2026-06-04T08:00:00+00:00,2,98.93,0.02,1.01,61.77,0.18,2.08,2.43,0.36
Sydney,AU,-33.8688,151.2093,2026-06-04,08,2026-06-04T08:00:00+00:00,2,69.6,0.0,0.5,60.12,0.11,0.5,0.67,0.1
Tokyo,JP,35.6762,139.6503,2026-06-04,08,2026-06-04T08:00:00+00:00,3,120.7,0.14,13.08,100.65,8.72,4.37,7.53,1.27
Antananarivo,MG,-18.8792,47.5079,2026-06-04,09,2026-06-04T09:00:00+00:00,1,78.1,0.02,0.1,49.76,0.18,2.03,3.25,0.42
Cairo,EG,30.0444,31.2357,2026-06-04,09,2026-06-04T09:00:00+00:00,3,114.57,0.58,1.95,100.85,4.84,24.0,70.1,19.26
New York,US,40.7128,-74.006,2026-06-04,09,2026-06-04T09:00:00+00:00,2,163.7,0.0,3.84,66.28,0.88,20.74,22.12,0.8
Paris,FR,48.8566,2.3522,2026-06-04,09,2026-06-04T09:00:00+00:00,2,99.34,0.04,1.0,61.22,0.17,2.04,2.28,0.38
Sydney,AU,-33.8688,151.2093,2026-06-04,09,2026-06-04T09:00:00+00:00,2,69.66,0.0,0.52,60.75,0.11,0.5,0.8,0.11
Tokyo,JP,35.6762,139.6503,2026-06-04,09,2026-06-04T09:00:00+00:00,3,118.52,0.03,12.25,100.16,8.24,4.33,7.51,1.17
Antananarivo,MG,-18.8792,47.5079,2026-06-04,10,2026-06-04T10:00:00+00:00,1,75.9,0.02,0.11,50.74,0.18,1.91,2.91,0.38
Cairo,EG,30.0444,31.2357,2026-06-04,10,2026-06-04T10:00:00+00:00,3,101.78,0.17,0.69,120.56,4.18,22.14,70.25,8.5
New York,US,40.7128,-74.006,2026-06-04,10,2026-06-04T10:00:00+00:00,2,161.23,0.0,4.61,57.24,0.87,19.88,21.27,0.92
Paris,FR,48.8566,2.3522,2026-06-04,10,2026-06-04T10:00:00+00:00,2,100.17,0.06,0.93,61.44,0.17,1.78,1.94,0.38
Sydney,AU,-33.8688,151.2093,2026-06-04,10,2026-06-04T10:00:00+00:00,1,69.22,0.0,0.52,58.98,0.11,0.5,0.92,0.11
Tokyo,JP,35.6762,139.6503,2026-06-04,10,2026-06-04T10:00:00+00:00,2,116.97,0.0,10.71,98.73,7.87,4.32,7.55,1.12
Antananarivo,MG,-18.8792,47.5079,2026-06-04,11,2026-06-04T11:00:00+00:00,1,74.1,0.02,0.12,51.63,0.16,1.86,2.75,0.36
Cairo,EG,30.0444,31.2357,2026-06-04,11,2026-06-04T11:00:00+00:00,3,95.65,0.11,0.46,121.12,3.26,19.38,58.21,5.32
New York,US,40.7128,-74.006,2026-06-04,11,2026-06-04T11:00:00+00:00,2,164.6,0.29,6.26,50.11,1.03,18.82,20.31,1.11
Paris,FR,48.8566,2.3522,2026-06-04,11,2026-06-04T11:00:00+00:00,2,99.91,0.06,0.8,62.87,0.14,1.17,1.28,0.36
Sydney,AU,-33.8688,151.2093,2026-06-04,11,2026-06-04T11:00:00+00:00,1,69.86,0.0,0.52,56.9,0.1,0.5,0.81,0.11
Tokyo,JP,35.6762,139.6503,2026-06-04,11,2026-06-04T11:00:00+00:00,2,116.84,0.0,9.56,96.67,7.91,4.4,7.97,1.13
Antananarivo,MG,-18.8792,47.5079,2026-06-04,12,2026-06-04T12:00:00+00:00,1,73.5,0.02,0.13,51.64,0.16,1.87,2.73,0.35
Cairo,EG,30.0444,31.2357,2026-06-04,12,2026-06-04T12:00:00+00:00,3,93.11,0.09,0.42,121.24,2.87,17.77,51.16,4.44
New York,US,40.7128,-74.006,2026-06-04,12,2026-06-04T12:00:00+00:00,2,174.34,1.49,7.55,51.23,1.51,17.54,19.19,1.41
Paris,FR,48.8566,2.3522,2026-06-04,12,2026-06-04T12:00:00+00:00,2,99.83,0.06,0.68,65.14,0.13,0.74,0.83,0.37
Sydney,AU,-33.8688,151.2093,2026-06-04,12,2026-06-04T12:00:00+00:00,1,70.37,0.0,0.51,54.51,0.09,0.5,0.52,0.1
Tokyo,JP,35.6762,139.6503,2026-06-04,12,2026-06-04T12:00:00+00:00,2,117.34,0.0,9.15,94.38,8.11,4.52,8.61,1.19
Antananarivo,MG,-18.8792,47.5079,2026-06-04,13,2026-06-04T13:00:00+00:00,1,80.72,0.04,0.27,48.87,0.19,2.2,3.34,0.53
Cairo,EG,30.0444,31.2357,2026-06-04,13,2026-06-04T13:00:00+00:00,3,91.92,0.08,0.41,122.76,2.58,16.24,45.18,3.84
New York,US,40.7128,-74.006,2026-06-04,13,2026-06-04T13:00:00+00:00,2,175.62,2.1,7.86,69.77,3.02,14.93,16.72,2.01
Paris,FR,48.8566,2.3522,2026-06-04,13,2026-06-04T13:00:00+00:00,2,100.32,0.07,0.54,68.79,0.13,0.56,0.66,0.41
Sydney,AU,-33.8688,151.2093,2026-06-04,13,2026-06-04T13:00:00+00:00,1,70.78,0.0,0.49,52.34,0.08,0.5,0.5,0.07
Tokyo,JP,35.6762,139.6503,2026-06-04,13,2026-06-04T13:00:00+00:00,2,117.67,0.0,9.11,92.04,8.34,4.65,9.3,1.27
Antananarivo,MG,-18.8792,47.5079,2026-06-04,14,2026-06-04T14:00:00+00:00,1,95.38,0.03,0.58,44.14,0.25,2.88,4.56,0.85
Cairo,EG,30.0444,31.2357,2026-06-04,14,2026-06-04T14:00:00+00:00,3,90.04,0.07,0.44,123.05,2.28,14.45,39.37,3.4
New York,US,40.7128,-74.006,2026-06-04,14,2026-06-04T14:00:00+00:00,2,179.93,2.35,7.66,76.42,3.63,14.26,16.22,2.16
Paris,FR,48.8566,2.3522,2026-06-04,14,2026-06-04T14:00:00+00:00,2,100.04,0.08,0.45,72.69,0.13,0.54,0.66,0.46
Sydney,AU,-33.8688,151.2093,2026-06-04,14,2026-06-04T14:00:00+00:00,1,71.21,0.0,0.49,50.72,0.07,0.5,0.5,0.06
Tokyo,JP,35.6762,139.6503,2026-06-04,14,2026-06-04T14:00:00+00:00,2,118.01,0.0,9.31,90.07,8.57,4.77,9.75,1.34
Antananarivo,MG,-18.8792,47.5079,2026-06-04,15,2026-06-04T15:00:00+00:00,1,111.01,0.0,0.95,40.39,0.3,3.61,5.88,1.13
Cairo,EG,30.0444,31.2357,2026-06-04,15,2026-06-04T15:00:00+00:00,3,87.92,0.06,0.52,122.48,2.0,12.71,34.48,3.07
New York,US,40.7128,-74.006,2026-06-04,15,2026-06-04T15:00:00+00:00,2,187.36,2.02,7.02,88.42,3.88,15.79,17.92,2.14
Paris,FR,48.8566,2.3522,2026-06-04,15,2026-06-04T15:00:00+00:00,2,99.76,0.09,0.44,76.81,0.14,0.55,0.72,0.49
Sydney,AU,-33.8688,151.2093,2026-06-04,15,2026-06-04T15:00:00+00:00,1,71.55,0.0,0.47,49.68,0.07,0.5,0.5,0.05
Tokyo,JP,35.6762,139.6503,2026-06-04,15,2026-06-04T15:00:00+00:00,2,118.27,0.0,9.65,87.95,8.8,4.84,9.86,1.4
Antananarivo,MG,-18.8792,47.5079,2026-06-04,16,2026-06-04T16:00:00+00:00,1,133.25,0.0,1.33,36.9,0.4,4.71,7.76,1.64
Cairo,EG,30.0444,31.2357,2026-06-04,16,2026-06-04T16:00:00+00:00,3,87.75,0.05,0.91,120.42,1.95,11.52,32.14,3.78
New York,US,40.7128,-74.006,2026-06-04,16,2026-06-04T16:00:00+00:00,3,146.23,0.47,2.59,127.62,3.83,10.22,11.54,1.39
Paris,FR,48.8566,2.3522,2026-06-04,16,2026-06-04T16:00:00+00:00,2,100.28,0.1,0.5,80.38,0.15,0.57,0.83,0.54
Sydney,AU,-33.8688,151.2093,2026-06-04,16,2026-06-04T16:00:00+00:00,1,71.34,0.0,0.46,48.44,0.06,0.5,0.5,0.04
Tokyo,JP,35.6762,139.6503,2026-06-04,16,2026-06-04T16:00:00+00:00,2,118.06,0.0,9.89,85.63,8.94,4.81,9.66,1.43
Antananarivo,MG,-18.8792,47.5079,2026-06-04,17,2026-06-04T17:00:00+00:00,1,165.34,0.0,1.78,34.11,0.55,6.35,10.38,2.35
Cairo,EG,30.0444,31.2357,2026-06-04,17,2026-06-04T17:00:00+00:00,3,88.0,0.01,1.44,117.29,1.97,10.72,31.26,4.96
New York,US,40.7128,-74.006,2026-06-04,17,2026-06-04T17:00:00+00:00,3,131.44,0.21,1.28,130.17,2.65,8.59,9.6,0.93
Paris,FR,48.8566,2.3522,2026-06-04,17,2026-06-04T17:00:00+00:00,2,100.98,0.09,0.56,81.51,0.18,0.62,1.04,0.62
Sydney,AU,-33.8688,151.2093,2026-06-04,17,2026-06-04T17:00:00+00:00,1,71.3,0.0,0.48,47.43,0.06,0.5,0.5,0.04
Tokyo,JP,35.6762,139.6503,2026-06-04,17,2026-06-04T17:00:00+00:00,2,117.5,0.0,10.22,83.63,9.01,4.72,9.42,1.47
Antananarivo,MG,-18.8792,47.5079,2026-06-04,18,2026-06-04T18:00:00+00:00,1,195.5,0.0,2.16,31.99,0.66,7.98,12.88,2.96
Cairo,EG,30.0444,31.2357,2026-06-04,18,2026-06-04T18:00:00+00:00,3,88.52,0.0,1.52,115.88,1.86,10.49,31.19,5.58
New York,US,40.7128,-74.006,2026-06-04,18,2026-06-04T18:00:00+00:00,3,128.75,0.17,1.08,133.16,2.37,8.75,9.7,0.83
Paris,FR,48.8566,2.3522,2026-06-04,18,2026-06-04T18:00:00+00:00,2,101.78,0.06,0.63,80.87,0.21,0.67,1.29,0.69
Sydney,AU,-33.8688,151.2093,2026-06-04,18,2026-06-04T18:00:00+00:00,1,71.45,0.0,0.51,46.65,0.07,0.5,0.5,0.03
Tokyo,JP,35.6762,139.6503,2026-06-04,18,2026-06-04T18:00:00+00:00,2,115.58,0.0,10.32,82.72,8.83,4.39,9.0,1.53
Antananarivo,MG,-18.8792,47.5079,2026-06-04,19,2026-06-04T19:00:00+00:00,1,222.16,0.0,2.47,29.88,0.74,9.58,15.02,3.29
Cairo,EG,30.0444,31.2357,2026-06-04,19,2026-06-04T19:00:00+00:00,3,89.4,0.0,1.39,118.56,2.03,11.58,33.56,6.24
New York,US,40.7128,-74.006,2026-06-04,19,2026-06-04T19:00:00+00:00,3,129.87,0.18,1.18,136.84,2.39,9.68,10.65,0.78
Paris,FR,48.8566,2.3522,2026-06-04,19,2026-06-04T19:00:00+00:00,2,101.58,0.03,0.75,78.29,0.22,0.7,1.55,0.8
Sydney,AU,-33.8688,151.2093,2026-06-04,19,2026-06-04T19:00:00+00:00,1,71.53,0.0,0.54,45.97,0.07,0.5,0.5,0.03
Tokyo,JP,35.6762,139.6503,2026-06-04,19,2026-06-04T19:00:00+00:00,2,112.71,0.0,9.96,83.57,8.21,3.91,8.33,1.59
Antananarivo,MG,-18.8792,47.5079,2026-06-04,20,2026-06-04T20:00:00+00:00,2,243.99,0.0,2.69,27.55,0.72,11.0,16.79,3.11
Cairo,EG,30.0444,31.2357,2026-06-04,20,2026-06-04T20:00:00+00:00,3,93.75,0.0,1.89,121.86,3.73,13.74,40.01,7.94
New York,US,40.7128,-74.006,2026-06-04,20,2026-06-04T20:00:00+00:00,4,131.43,0.19,1.34,140.43,2.47,10.65,11.69,0.73
Paris,FR,48.8566,2.3522,2026-06-04,20,2026-06-04T20:00:00+00:00,2,102.07,0.0,0.91,75.9,0.24,0.77,1.83,1.0
Sydney,AU,-33.8688,151.2093,2026-06-04,20,2026-06-04T20:00:00+00:00,1,71.55,0.0,0.59,45.41,0.08,0.5,0.54,0.03
Tokyo,JP,35.6762,139.6503,2026-06-04,20,2026-06-04T20:00:00+00:00,2,110.1,0.0,9.45,84.69,7.61,3.67,7.94,1.6
Antananarivo,MG,-18.8792,47.5079,2026-06-04,21,2026-06-04T21:00:00+00:00,2,250.45,0.0,2.71,25.12,0.56,11.6,17.06,2.3
Cairo,EG,30.0444,31.2357,2026-06-04,21,2026-06-04T21:00:00+00:00,3,101.5,0.0,3.79,116.3,8.42,15.06,47.26,10.89
New York,US,40.7128,-74.006,2026-06-04,21,2026-06-04T21:00:00+00:00,4,131.74,0.2,1.59,142.36,2.46,10.89,11.98,0.67
Paris,FR,48.8566,2.3522,2026-06-04,21,2026-06-04T21:00:00+00:00,2,102.3,0.0,0.99,74.42,0.25,0.85,2.13,1.17
Sydney,AU,-33.8688,151.2093,2026-06-04,21,2026-06-04T21:00:00+00:00,1,71.75,0.0,0.7,44.5,0.1,0.5,0.57,0.04
Tokyo,JP,35.6762,139.6503,2026-06-04,21,2026-06-04T21:00:00+00:00,2,108.04,0.03,10.11,86.12,7.18,3.58,7.81,1.56
Antananarivo,MG,-18.8792,47.5079,2026-06-04,22,2026-06-04T22:00:00+00:00,2,250.4,0.0,2.6,22.26,0.35,11.65,16.48,1.25
Cairo,EG,30.0444,31.2357,2026-06-04,22,2026-06-04T22:00:00+00:00,3,108.49,0.0,6.02,102.13,14.38,14.13,47.55,13.03
New York,US,40.7128,-74.006,2026-06-04,22,2026-06-04T22:00:00+00:00,4,134.78,0.24,2.3,140.8,2.42,10.92,12.09,0.63
Paris,FR,48.8566,2.3522,2026-06-04,22,2026-06-04T22:00:00+00:00,2,101.3,0.0,1.01,72.5,0.25,0.93,2.44,1.32
Sydney,AU,-33.8688,151.2093,2026-06-04,22,2026-06-04T22:00:00+00:00,1,71.13,0.01,0.84,43.36,0.12,0.5,0.61,0.04
Tokyo,JP,35.6762,139.6503,2026-06-04,22,2026-06-04T22:00:00+00:00,2,106.52,0.22,11.09,87.07,6.83,3.5,7.63,1.44
Antananarivo,MG,-18.8792,47.5079,2026-06-04,23,2026-06-04T23:00:00+00:00,2,250.78,0.0,2.49,20.47,0.26,11.62,15.99,0.89
Cairo,EG,30.0444,31.2357,2026-06-04,23,2026-06-04T23:00:00+00:00,2,113.89,0.0,7.4,91.35,18.06,12.88,46.03,14.0
New York,US,40.7128,-74.006,2026-06-04,23,2026-06-04T23:00:00+00:00,3,139.18,0.21,3.25,137.21,2.38,10.92,12.26,0.59
Paris,FR,48.8566,2.3522,2026-06-04,23,2026-06-04T23:00:00+00:00,2,101.42,0.0,0.98,71.08,0.25,1.04,2.81,1.46
Sydney,AU,-33.8688,151.2093,2026-06-04,23,2026-06-04T23:00:00+00:00,1,70.12,0.09,0.81,42.99,0.13,0.5,0.63,0.04
Tokyo,JP,35.6762,139.6503,2026-06-04,23,2026-06-04T23:00:00+00:00,2,106.95,0.57,11.39,86.87,6.72,3.46,7.45,1.33
Antananarivo,MG,-18.8792,47.5079,2026-06-05,00,2026-06-05T00:00:00+00:00,2,247.36,0.0,2.34,20.04,0.22,11.35,15.43,0.76
Cairo,EG,30.0444,31.2357,2026-06-05,00,2026-06-05T00:00:00+00:00,2,115.91,0.0,7.75,84.52,18.99,11.99,45.68,14.17
New York,US,40.7128,-74.006,2026-06-05,00,2026-06-05T00:00:00+00:00,3,141.46,0.07,3.92,134.5,2.29,10.65,12.17,0.56
Paris,FR,48.8566,2.3522,2026-06-05,00,2026-06-05T00:00:00+00:00,2,101.73,0.0,0.93,69.26,0.25,1.17,3.2,1.5
Sydney,AU,-33.8688,151.2093,2026-06-05,00,2026-06-05T00:00:00+00:00,1,68.66,0.15,0.67,44.46,0.13,0.5,0.63,0.04
Tokyo,JP,35.6762,139.6503,2026-06-05,00,2026-06-05T00:00:00+00:00,2,108.67,1.08,11.05,86.53,6.82,3.51,7.49,1.24
Antananarivo,MG,-18.8792,47.5079,2026-06-05,01,2026-06-05T01:00:00+00:00,2,230.44,0.0,2.04,21.92,0.19,10.19,13.92,0.68
Cairo,EG,30.0444,31.2357,2026-06-05,01,2026-06-05T01:00:00+00:00,2,114.2,0.0,7.54,78.49,17.82,11.27,44.14,14.54
New York,US,40.7128,-74.006,2026-06-05,01,2026-06-05T01:00:00+00:00,3,139.5,0.0,3.87,127.15,2.01,10.06,11.76,0.53
Paris,FR,48.8566,2.3522,2026-06-05,01,2026-06-05T01:00:00+00:00,2,100.71,0.0,0.88,67.12,0.25,1.29,3.58,1.42
Sydney,AU,-33.8688,151.2093,2026-06-05,01,2026-06-05T01:00:00+00:00,1,67.36,0.14,0.52,48.42,0.13,0.5,0.64,0.03
Tokyo,JP,35.6762,139.6503,2026-06-05,01,2026-06-05T01:00:00+00:00,2,110.45,1.4,10.37,86.69,6.92,3.57,7.67,1.15
Antananarivo,MG,-18.8792,47.5079,2026-06-05,02,2026-06-05T02:00:00+00:00,1,213.21,0.0,1.75,23.23,0.16,8.96,12.4,0.55
Cairo,EG,30.0444,31.2357,2026-06-05,02,2026-06-05T02:00:00+00:00,2,113.18,0.0,7.37,75.08,16.17,11.01,43.06,15.74
New York,US,40.7128,-74.006,2026-06-05,02,2026-06-05T02:00:00+00:00,3,141.23,0.0,4.06,118.49,1.71,9.71,11.58,0.59
Paris,FR,48.8566,2.3522,2026-06-05,02,2026-06-05T02:00:00+00:00,2,101.04,0.0,0.85,65.42,0.24,1.41,3.92,1.26
Sydney,AU,-33.8688,151.2093,2026-06-05,02,2026-06-05T02:00:00+00:00,1,66.52,0.11,0.41,52.17,0.13,0.5,0.66,0.03
Tokyo,JP,35.6762,139.6503,2026-06-05,02,2026-06-05T02:00:00+00:00,2,112.86,1.51,10.04,87.35,7.05,3.67,8.12,1.09
Antananarivo,MG,-18.8792,47.5079,2026-06-05,03,2026-06-05T03:00:00+00:00,1,202.96,0.0,1.58,24.0,0.15,8.25,11.54,0.49
Cairo,EG,30.0444,31.2357,2026-06-05,03,2026-06-05T03:00:00+00:00,2,112.69,0.0,7.14,72.56,14.4,11.13,43.79,16.94
New York,US,40.7128,-74.006,2026-06-05,03,2026-06-05T03:00:00+00:00,3,144.22,0.0,4.52,109.33,1.49,9.39,11.24,0.78
Paris,FR,48.8566,2.3522,2026-06-05,03,2026-06-05T03:00:00+00:00,2,101.08,0.0,0.86,63.6,0.23,1.52,4.17,1.08
Sydney,AU,-33.8688,151.2093,2026-06-05,03,2026-06-05T03:00:00+00:00,1,66.0,0.08,0.34,55.1,0.13,0.5,0.68,0.03
Tokyo,JP,35.6762,139.6503,2026-06-05,03,2026-06-05T03:00:00+00:00,2,115.07,1.55,9.52,89.53,7.06,3.77,8.59,1.01
Antananarivo,MG,-18.8792,47.5079,2026-06-05,04,2026-06-05T04:00:00+00:00,1,203.0,0.01,1.59,24.96,0.21,8.14,11.59,0.57
Cairo,EG,30.0444,31.2357,2026-06-05,04,2026-06-05T04:00:00+00:00,2,111.35,0.09,7.2,70.28,12.66,11.53,46.24,17.82
New York,US,40.7128,-74.006,2026-06-05,04,2026-06-05T04:00:00+00:00,2,145.49,0.0,4.77,99.9,1.32,9.02,10.78,1.1
Paris,FR,48.8566,2.3522,2026-06-05,04,2026-06-05T04:00:00+00:00,2,100.44,0.0,0.92,61.37,0.22,1.59,4.3,0.97
Sydney,AU,-33.8688,151.2093,2026-06-05,04,2026-06-05T04:00:00+00:00,1,66.15,0.07,0.32,57.13,0.13,0.5,0.66,0.03
Tokyo,JP,35.6762,139.6503,2026-06-05,04,2026-06-05T04:00:00+00:00,2,116.38,1.37,8.58,94.32,6.9,3.94,9.05,0.91
Antananarivo,MG,-18.8792,47.5079,2026-06-05,05,2026-06-05T05:00:00+00:00,1,206.22,0.16,1.42,26.31,0.27,8.14,12.14,0.71
Cairo,EG,30.0444,31.2357,2026-06-05,05,2026-06-05T05:00:00+00:00,3,110.75,0.8,6.4,70.97,11.9,12.24,50.84,18.13
New York,US,40.7128,-74.006,2026-06-05,05,2026-06-05T05:00:00+00:00,2,146.47,0.0,4.75,91.01,1.22,8.84,10.55,1.6
Paris,FR,48.8566,2.3522,2026-06-05,05,2026-06-05T05:00:00+00:00,1,100.4,0.01,1.18,59.69,0.22,1.65,4.46,0.96
Sydney,AU,-33.8688,151.2093,2026-06-05,05,2026-06-05T05:00:00+00:00,1,66.11,0.06,0.36,57.44,0.13,0.5,0.62,0.04
Tokyo,JP,35.6762,139.6503,2026-06-05,05,2026-06-05T05:00:00+00:00,2,116.42,0.98,7.87,98.68,6.75,4.11,9.47,0.82
Antananarivo,MG,-18.8792,47.5079,2026-06-05,06,2026-06-05T06:00:00+00:00,1,199.14,0.19,1.0,30.67,0.29,7.93,11.96,0.91
Cairo,EG,30.0444,31.2357,2026-06-05,06,2026-06-05T06:00:00+00:00,3,110.41,1.35,5.05,75.71,11.79,13.41,57.77,17.36
New York,US,40.7128,-74.006,2026-06-05,06,2026-06-05T06:00:00+00:00,2,147.82,0.0,4.77,81.41,1.19,8.89,10.6,2.13
Paris,FR,48.8566,2.3522,2026-06-05,06,2026-06-05T06:00:00+00:00,1,100.82,0.08,1.52,59.07,0.24,1.7,4.59,1.0
Sydney,AU,-33.8688,151.2093,2026-06-05,06,2026-06-05T06:00:00+00:00,1,66.21,0.04,0.47,56.95,0.14,0.5,0.59,0.05
Tokyo,JP,35.6762,139.6503,2026-06-05,06,2026-06-05T06:00:00+00:00,3,116.07,0.7,7.54,101.6,6.7,4.19,9.98,0.75
Antananarivo,MG,-18.8792,47.5079,2026-06-05,07,2026-06-05T07:00:00+00:00,1,118.79,0.06,0.31,42.66,0.2,3.52,5.42,0.6
Cairo,EG,30.0444,31.2357,2026-06-05,07,2026-06-05T07:00:00+00:00,3,108.53,1.03,3.32,88.99,11.43,15.93,68.77,14.73
New York,US,40.7128,-74.006,2026-06-05,07,2026-06-05T07:00:00+00:00,2,150.62,0.0,5.03,71.56,1.27,9.12,10.86,2.51
Paris,FR,48.8566,2.3522,2026-06-05,07,2026-06-05T07:00:00+00:00,2,100.88,0.16,1.52,62.37,0.3,1.72,4.49,1.08
Sydney,AU,-33.8688,151.2093,2026-06-05,07,2026-06-05T07:00:00+00:00,1,66.64,0.01,0.68,55.84,0.16,0.5,0.58,0.06
Tokyo,JP,35.6762,139.6503,2026-06-05,07,2026-06-05T07:00:00+00:00,3,116.27,0.64,7.69,102.9,6.84,4.27,10.86,0.74
Antananarivo,MG,-18.8792,47.5079,2026-06-05,08,2026-06-05T08:00:00+00:00,1,104.37,0.04,0.17,46.53,0.18,2.93,4.48,0.57
Cairo,EG,30.0444,31.2357,2026-06-05,08,2026-06-05T08:00:00+00:00,3,106.7,0.56,2.0,105.25,10.46,19.53,76.88,13.48
New York,US,40.7128,-74.006,2026-06-05,08,2026-06-05T08:00:00+00:00,2,153.98,0.0,5.39,64.47,1.46,9.47,11.24,2.71
Paris,FR,48.8566,2.3522,2026-06-05,08,2026-06-05T08:00:00+00:00,2,100.65,0.18,1.42,65.33,0.33,1.72,4.25,1.17
Sydney,AU,-33.8688,151.2093,2026-06-05,08,2026-06-05T08:00:00+00:00,1,67.82,0.0,0.85,54.19,0.18,0.5,0.59,0.08
Tokyo,JP,35.6762,139.6503,2026-06-05,08,2026-06-05T08:00:00+00:00,3,116.85,0.41,9.26,100.08,7.21,4.23,11.86,0.78
Antananarivo,MG,-18.8792,47.5079,2026-06-05,09,2026-06-05T09:00:00+00:00,1,100.45,0.03,0.12,47.84,0.19,2.95,4.42,0.58
Cairo,EG,30.0444,31.2357,2026-06-05,09,2026-06-05T09:00:00+00:00,3,105.65,0.31,1.28,119.27,9.57,22.61,82.16,12.71
New York,US,40.7128,-74.006,2026-06-05,09,2026-06-05T09:00:00+00:00,1,158.44,0.0,5.9,59.13,1.73,9.88,11.68,2.69
Paris,FR,48.8566,2.3522,2026-06-05,09,2026-06-05T09:00:00+00:00,2,100.16,0.17,1.36,67.26,0.34,1.72,4.12,1.24
Sydney,AU,-33.8688,151.2093,2026-06-05,09,2026-06-05T09:00:00+00:00,1,68.95,0.0,0.97,52.84,0.21,0.5,0.61,0.11
Tokyo,JP,35.6762,139.6503,2026-06-05,09,2026-06-05T09:00:00+00:00,2,117.25,0.15,11.15,94.42,7.46,4.04,12.13,0.82
Antananarivo,MG,-18.8792,47.5079,2026-06-05,10,2026-06-05T10:00:00+00:00,1,95.24,0.03,0.1,52.28,0.18,2.95,4.24,0.54
Cairo,EG,30.0444,31.2357,2026-06-05,10,2026-06-05T10:00:00+00:00,3,95.37,0.14,0.61,125.25,6.24,19.02,61.96,6.15
New York,US,40.7128,-74.006,2026-06-05,10,2026-06-05T10:00:00+00:00,2,164.05,0.0,6.88,53.68,2.05,10.24,12.08,2.62
Paris,FR,48.8566,2.3522,2026-06-05,10,2026-06-05T10:00:00+00:00,2,100.92,0.11,0.85,78.17,0.29,1.34,3.31,0.84
Sydney,AU,-33.8688,151.2093,2026-06-05,10,2026-06-05T10:00:00+00:00,1,68.87,0.0,1.01,51.72,0.24,0.5,0.66,0.12
Tokyo,JP,35.6762,139.6503,2026-06-05,10,2026-06-05T10:00:00+00:00,2,117.97,0.01,12.01,87.35,7.57,3.87,11.77,0.83
Antananarivo,MG,-18.8792,47.5079,2026-06-05,11,2026-06-05T11:00:00+00:00,1,92.63,0.03,0.12,54.12,0.17,3.1,4.35,0.53
Cairo,EG,30.0444,31.2357,2026-06-05,11,2026-06-05T11:00:00+00:00,3,89.23,0.1,0.44,125.35,4.15,14.91,43.63,3.95
New York,US,40.7128,-74.006,2026-06-05,11,2026-06-05T11:00:00+00:00,2,173.67,0.36,8.64,47.69,2.39,10.52,12.49,2.67
Paris,FR,48.8566,2.3522,2026-06-05,11,2026-06-05T11:00:00+00:00,2,100.41,0.08,0.6,83.58,0.24,0.97,2.51,0.68
Sydney,AU,-33.8688,151.2093,2026-06-05,11,2026-06-05T11:00:00+00:00,1,69.02,0.0,1.01,51.87,0.26,0.5,0.7,0.12
Tokyo,JP,35.6762,139.6503,2026-06-05,11,2026-06-05T11:00:00+00:00,2,120.21,0.0,12.02,79.93,7.71,3.82,11.4,0.84
Antananarivo,MG,-18.8792,47.5079,2026-06-05,12,2026-06-05T12:00:00+00:00,1,92.92,0.03,0.14,53.54,0.18,3.32,4.62,0.55
Cairo,EG,30.0444,31.2357,2026-06-05,12,2026-06-05T12:00:00+00:00,3,86.94,0.1,0.44,126.31,3.52,13.03,36.26,3.42
New York,US,40.7128,-74.006,2026-06-05,12,2026-06-05T12:00:00+00:00,2,188.82,1.99,9.35,44.95,2.79,10.81,12.99,2.74
Paris,FR,48.8566,2.3522,2026-06-05,12,2026-06-05T12:00:00+00:00,2,99.71,0.08,0.55,85.54,0.21,0.83,2.09,0.74
Sydney,AU,-33.8688,151.2093,2026-06-05,12,2026-06-05T12:00:00+00:00,1,69.13,0.0,1.02,52.3,0.29,0.5,0.73,0.11
Tokyo,JP,35.6762,139.6503,2026-06-05,12,2026-06-05T12:00:00+00:00,2,122.72,0.0,12.35,73.26,7.93,3.89,11.63,0.85
Antananarivo,MG,-18.8792,47.5079,2026-06-05,13,2026-06-05T13:00:00+00:00,1,101.35,0.04,0.28,50.61,0.23,3.88,5.51,0.76
Cairo,EG,30.0444,31.2357,2026-06-05,13,2026-06-05T13:00:00+00:00,3,85.77,0.1,0.47,128.71,3.25,11.45,30.8,2.9
New York,US,40.7128,-74.006,2026-06-05,13,2026-06-05T13:00:00+00:00,2,203.84,3.36,9.79,48.6,3.38,11.27,13.66,2.79
Paris,FR,48.8566,2.3522,2026-06-05,13,2026-06-05T13:00:00+00:00,2,99.91,0.09,0.47,88.42,0.19,0.76,1.79,0.81
Sydney,AU,-33.8688,151.2093,2026-06-05,13,2026-06-05T13:00:00+00:00,1,68.94,0.0,1.07,52.0,0.3,0.5,0.74,0.1
Tokyo,JP,35.6762,139.6503,2026-06-05,13,2026-06-05T13:00:00+00:00,2,124.18,0.0,12.81,67.57,8.12,4.07,12.21,0.85
Antananarivo,MG,-18.8792,47.5079,2026-06-05,14,2026-06-05T14:00:00+00:00,1,116.03,0.03,0.6,46.35,0.3,4.71,6.85,1.1
Cairo,EG,30.0444,31.2357,2026-06-05,14,2026-06-05T14:00:00+00:00,3,84.95,0.09,0.53,129.05,3.12,10.56,28.18,2.54
New York,US,40.7128,-74.006,2026-06-05,14,2026-06-05T14:00:00+00:00,2,211.45,3.44,9.85,58.46,3.83,11.99,14.5,2.71
Paris,FR,48.8566,2.3522,2026-06-05,14,2026-06-05T14:00:00+00:00,2,99.73,0.09,0.45,90.5,0.17,0.72,1.55,0.86
Sydney,AU,-33.8688,151.2093,2026-06-05,14,2026-06-05T14:00:00+00:00,1,69.67,0.0,1.15,51.06,0.28,0.5,0.74,0.07
Tokyo,JP,35.6762,139.6503,2026-06-05,14,2026-06-05T14:00:00+00:00,2,125.21,0.0,13.33,63.66,8.24,4.32,12.91,0.85
Antananarivo,MG,-18.8792,47.5079,2026-06-05,15,2026-06-05T15:00:00+00:00,1,131.86,0.0,0.97,42.49,0.35,5.52,8.18,1.4
Cairo,EG,30.0444,31.2357,2026-06-05,15,2026-06-05T15:00:00+00:00,3,85.14,0.08,0.66,128.52,3.1,10.46,28.24,2.49
New York,US,40.7128,-74.006,2026-06-05,15,2026-06-05T15:00:00+00:00,2,218.19,2.67,9.31,76.82,4.03,14.27,16.88,2.57
Paris,FR,48.8566,2.3522,2026-06-05,15,2026-06-05T15:00:00+00:00,2,99.64,0.08,0.49,91.97,0.15,0.69,1.39,0.89
Sydney,AU,-33.8688,151.2093,2026-06-05,15,2026-06-05T15:00:00+00:00,1,70.22,0.0,1.18,49.84,0.25,0.5,0.75,0.06
Tokyo,JP,35.6762,139.6503,2026-06-05,15,2026-06-05T15:00:00+00:00,2,125.3,0.0,13.69,61.0,8.25,4.57,13.61,0.85
Antananarivo,MG,-18.8792,47.5079,2026-06-05,16,2026-06-05T16:00:00+00:00,1,155.09,0.0,1.38,37.69,0.43,6.69,10.08,1.74
Cairo,EG,30.0444,31.2357,2026-06-05,16,2026-06-05T16:00:00+00:00,3,87.26,0.08,1.44,125.6,3.3,10.66,29.66,4.48
New York,US,40.7128,-74.006,2026-06-05,16,2026-06-05T16:00:00+00:00,3,147.52,0.48,2.96,132.61,3.38,11.49,12.82,0.85
Paris,FR,48.8566,2.3522,2026-06-05,16,2026-06-05T16:00:00+00:00,2,99.84,0.06,0.68,91.82,0.15,0.68,1.28,0.96
Sydney,AU,-33.8688,151.2093,2026-06-05,16,2026-06-05T16:00:00+00:00,1,70.55,0.0,1.31,47.0,0.25,0.52,0.78,0.05
Tokyo,JP,35.6762,139.6503,2026-06-05,16,2026-06-05T16:00:00+00:00,1,124.34,0.0,13.64,59.51,8.21,4.71,14.23,0.83
Antananarivo,MG,-18.8792,47.5079,2026-06-05,17,2026-06-05T17:00:00+00:00,1,186.61,0.0,1.82,33.12,0.52,8.38,12.71,2.1
Cairo,EG,30.0444,31.2357,2026-06-05,17,2026-06-05T17:00:00+00:00,3,91.06,0.02,2.93,120.25,3.65,10.69,30.73,7.78
New York,US,40.7128,-74.006,2026-06-05,17,2026-06-05T17:00:00+00:00,4,128.77,0.21,1.47,141.07,2.47,10.71,11.72,0.35
Paris,FR,48.8566,2.3522,2026-06-05,17,2026-06-05T17:00:00+00:00,2,99.69,0.05,0.94,89.0,0.15,0.66,1.23,1.1
Sydney,AU,-33.8688,151.2093,2026-06-05,17,2026-06-05T17:00:00+00:00,1,71.49,0.0,1.5,44.25,0.26,0.55,0.84,0.05
Tokyo,JP,35.6762,139.6503,2026-06-05,17,2026-06-05T17:00:00+00:00,1,123.5,0.0,13.62,58.66,8.35,4.9,15.37,0.84
Antananarivo,MG,-18.8792,47.5079,2026-06-05,18,2026-06-05T18:00:00+00:00,1,212.96,0.0,2.13,29.77,0.6,9.98,15.1,2.38
Cairo,EG,30.0444,31.2357,2026-06-05,18,2026-06-05T18:00:00+00:00,3,94.63,0.0,3.83,113.99,3.76,10.31,30.64,10.33
New York,US,40.7128,-74.006,2026-06-05,18,2026-06-05T18:00:00+00:00,4,126.93,0.18,1.29,146.05,2.28,11.41,12.39,0.25
Paris,FR,48.8566,2.3522,2026-06-05,18,2026-06-05T18:00:00+00:00,2,99.72,0.03,1.14,86.4,0.15,0.65,1.19,1.26
Sydney,AU,-33.8688,151.2093,2026-06-05,18,2026-06-05T18:00:00+00:00,1,72.48,0.0,1.6,42.59,0.27,0.57,0.89,0.05
Tokyo,JP,35.6762,139.6503,2026-06-05,18,2026-06-05T18:00:00+00:00,1,122.28,0.0,13.15,58.1,8.25,4.95,15.89,0.86
Antananarivo,MG,-18.8792,47.5079,2026-06-05,19,2026-06-05T19:00:00+00:00,2,220.28,0.0,2.18,27.86,0.62,10.5,15.69,2.36
Cairo,EG,30.0444,31.2357,2026-06-05,19,2026-06-05T19:00:00+00:00,3,96.45,0.0,4.11,108.84,3.66,9.93,30.46,11.91
New York,US,40.7128,-74.006,2026-06-05,19,2026-06-05T19:00:00+00:00,4,126.67,0.17,1.28,151.27,2.2,11.96,12.95,0.19
Paris,FR,48.8566,2.3522,2026-06-05,19,2026-06-05T19:00:00+00:00,2,100.2,0.01,1.98,74.08,0.15,0.71,1.3,1.93
Sydney,AU,-33.8688,151.2093,2026-06-05,19,2026-06-05T19:00:00+00:00,1,73.08,0.0,1.65,41.5,0.28,0.59,0.94,0.05
Tokyo,JP,35.6762,139.6503,2026-06-05,19,2026-06-05T19:00:00+00:00,1,120.52,0.0,12.25,58.3,7.9,4.93,15.8,0.89
Antananarivo,MG,-18.8792,47.5079,2026-06-05,20,2026-06-05T20:00:00+00:00,2,220.32,0.0,2.11,25.84,0.49,10.4,15.4,1.68
Cairo,EG,30.0444,31.2357,2026-06-05,20,2026-06-05T20:00:00+00:00,3,98.57,0.0,4.19,107.43,4.14,10.02,30.77,12.89
New York,US,40.7128,-74.006,2026-06-05,20,2026-06-05T20:00:00+00:00,4,124.6,0.16,1.35,152.87,2.1,11.99,12.95,0.14
Paris,FR,48.8566,2.3522,2026-06-05,20,2026-06-05T20:00:00+00:00,1,100.84,0.0,3.07,57.42,0.15,0.83,1.53,2.81
Sydney,AU,-33.8688,151.2093,2026-06-05,20,2026-06-05T20:00:00+00:00,1,74.18,0.0,1.7,40.94,0.29,0.62,1.0,0.06
Tokyo,JP,35.6762,139.6503,2026-06-05,20,2026-06-05T20:00:00+00:00,1,118.45,0.0,11.29,58.94,7.54,4.88,15.46,0.91
Antananarivo,MG,-18.8792,47.5079,2026-06-05,21,2026-06-05T21:00:00+00:00,1,209.78,0.0,1.92,24.25,0.3,9.69,14.12,0.83
Cairo,EG,30.0444,31.2357,2026-06-05,21,2026-06-05T21:00:00+00:00,3,101.73,0.0,4.71,106.68,6.12,10.56,31.41,13.91
New York,US,40.7128,-74.006,2026-06-05,21,2026-06-05T21:00:00+00:00,4,123.75,0.16,1.56,154.16,2.05,12.18,13.14,0.12
Paris,FR,48.8566,2.3522,2026-06-05,21,2026-06-05T21:00:00+00:00,1,100.49,0.0,3.88,44.85,0.13,0.94,1.71,3.37
Sydney,AU,-33.8688,151.2093,2026-06-05,21,2026-06-05T21:00:00+00:00,1,75.46,0.0,1.82,40.74,0.31,0.67,1.1,0.07
Tokyo,JP,35.6762,139.6503,2026-06-05,21,2026-06-05T21:00:00+00:00,1,117.08,0.02,11.26,59.77,7.36,4.85,15.16,0.95
Antananarivo,MG,-18.8792,47.5079,2026-06-05,22,2026-06-05T22:00:00+00:00,1,198.36,0.0,1.71,22.65,0.17,8.95,12.74,0.4
Cairo,EG,30.0444,31.2357,2026-06-05,22,2026-06-05T22:00:00+00:00,3,106.48,0.0,5.95,101.27,9.03,11.17,32.07,16.01
New York,US,40.7128,-74.006,2026-06-05,22,2026-06-05T22:00:00+00:00,4,130.98,0.22,2.64,151.53,2.14,13.48,14.53,0.2
Paris,FR,48.8566,2.3522,2026-06-05,22,2026-06-05T22:00:00+00:00,1,97.81,0.0,4.17,35.42,0.1,0.98,1.73,3.18
Sydney,AU,-33.8688,151.2093,2026-06-05,22,2026-06-05T22:00:00+00:00,1,76.18,0.04,1.94,40.71,0.34,0.71,1.19,0.09
Tokyo,JP,35.6762,139.6503,2026-06-05,22,2026-06-05T22:00:00+00:00,2,116.54,0.18,12.19,60.14,7.44,4.87,14.68,1.02
Antananarivo,MG,-18.8792,47.5079,2026-06-05,23,2026-06-05T23:00:00+00:00,1,190.92,0.0,1.56,20.83,0.12,8.44,11.79,0.3
Cairo,EG,30.0444,31.2357,2026-06-05,23,2026-06-05T23:00:00+00:00,2,113.88,0.0,7.55,92.93,11.18,11.98,33.94,19.85
New York,US,40.7128,-74.006,2026-06-05,23,2026-06-05T23:00:00+00:00,4,142.48,0.22,4.33,144.15,2.3,15.13,16.35,0.35
Paris,FR,48.8566,2.3522,2026-06-05,23,2026-06-05T23:00:00+00:00,1,95.6,0.0,3.83,29.99,0.08,0.98,1.66,2.69
Sydney,AU,-33.8688,151.2093,2026-06-05,23,2026-06-05T23:00:00+00:00,1,75.75,0.26,1.64,41.48,0.37,0.72,1.25,0.11
Tokyo,JP,35.6762,139.6503,2026-06-05,23,2026-06-05T23:00:00+00:00,1,117.54,0.55,13.21,59.96,7.9,4.96,14.15,1.13
Antananarivo,MG,-18.8792,47.5079,2026-06-06,00,2026-06-06T00:00:00+00:00,1,182.41,0.0,1.41,19.45,0.1,7.85,10.65,0.3
Cairo,EG,30.0444,31.2357,2026-06-06,00,2026-06-06T00:00:00+00:00,2,122.63,0.0,9.14,84.09,12.11,12.88,37.24,23.52
New York,US,40.7128,-74.006,2026-06-06,00,2026-06-06T00:00:00+00:00,3,149.98,0.07,5.74,137.89,2.4,16.19,17.56,0.49
Paris,FR,48.8566,2.3522,2026-06-06,00,2026-06-06T00:00:00+00:00,1,94.29,0.0,3.35,28.71,0.07,0.97,1.57,2.23
Sydney,AU,-33.8688,151.2093,2026-06-06,00,2026-06-06T00:00:00+00:00,1,74.31,0.39,1.24,43.32,0.39,0.71,1.28,0.12
Tokyo,JP,35.6762,139.6503,2026-06-06,00,2026-06-06T00:00:00+00:00,2,118.84,1.08,13.69,60.54,8.35,4.98,13.5,1.21
Antananarivo,MG,-18.8792,47.5079,2026-06-06,01,2026-06-06T01:00:00+00:00,1,175.06,0.0,1.29,17.99,0.09,6.83,8.82,0.31
Cairo,EG,30.0444,31.2357,2026-06-06,01,2026-06-06T01:00:00+00:00,2,128.75,0.0,10.26,74.92,11.59,13.74,41.37,26.53
New York,US,40.7128,-74.006,2026-06-06,01,2026-06-06T01:00:00+00:00,3,152.66,0.0,5.85,127.97,2.3,16.51,18.0,0.61
Paris,FR,48.8566,2.3522,2026-06-06,01,2026-06-06T01:00:00+00:00,1,95.04,0.0,2.5,38.62,0.07,0.89,1.44,2.03
Sydney,AU,-33.8688,151.2093,2026-06-06,01,2026-06-06T01:00:00+00:00,1,73.18,0.34,0.95,47.01,0.4,0.71,1.29,0.11
Tokyo,JP,35.6762,139.6503,2026-06-06,01,2026-06-06T01:00:00+00:00,2,119.82,1.83,13.07,62.35,8.7,4.93,12.79,1.24
Antananarivo,MG,-18.8792,47.5079,2026-06-06,02,2026-06-06T02:00:00+00:00,1,169.31,0.0,1.22,16.69,0.08,5.78,7.32,0.3
Cairo,EG,30.0444,31.2357,2026-06-06,02,2026-06-06T02:00:00+00:00,2,132.49,0.0,10.86,67.69,10.04,14.74,46.13,29.63
New York,US,40.7128,-74.006,2026-06-06,02,2026-06-06T02:00:00+00:00,3,157.56,0.0,5.79,118.17,2.09,16.76,18.45,0.82
Paris,FR,48.8566,2.3522,2026-06-06,02,2026-06-06T02:00:00+00:00,1,94.67,0.0,2.14,39.59,0.06,0.85,1.42,2.21
Sydney,AU,-33.8688,151.2093,2026-06-06,02,2026-06-06T02:00:00+00:00,1,72.0,0.27,0.77,49.39,0.39,0.8,1.37,0.1
Tokyo,JP,35.6762,139.6503,2026-06-06,02,2026-06-06T02:00:00+00:00,2,120.78,2.29,12.06,65.52,8.95,4.9,12.29,1.24
Antananarivo,MG,-18.8792,47.5079,2026-06-06,03,2026-06-06T03:00:00+00:00,1,164.87,0.0,1.17,16.19,0.09,5.01,6.41,0.32
Cairo,EG,30.0444,31.2357,2026-06-06,03,2026-06-06T03:00:00+00:00,3,133.08,0.0,10.75,62.67,8.53,16.52,51.73,32.25
New York,US,40.7128,-74.006,2026-06-06,03,2026-06-06T03:00:00+00:00,3,161.6,0.0,5.85,109.27,1.86,16.83,18.69,1.17
Paris,FR,48.8566,2.3522,2026-06-06,03,2026-06-06T03:00:00+00:00,1,94.56,0.0,1.91,40.22,0.05,0.81,1.4,2.54
Sydney,AU,-33.8688,151.2093,2026-06-06,03,2026-06-06T03:00:00+00:00,1,70.73,0.2,0.63,51.82,0.37,0.92,1.45,0.1
Tokyo,JP,35.6762,139.6503,2026-06-06,03,2026-06-06T03:00:00+00:00,2,121.44,2.48,11.01,69.65,9.14,5.01,12.19,1.21
Antananarivo,MG,-18.8792,47.5079,2026-06-06,04,2026-06-06T04:00:00+00:00,1,160.05,0.01,1.15,16.66,0.13,4.44,6.1,0.4
Cairo,EG,30.0444,31.2357,2026-06-06,04,2026-06-06T04:00:00+00:00,3,130.57,0.13,10.49,59.23,7.54,17.42,55.6,34.21
New York,US,40.7128,-74.006,2026-06-06,04,2026-06-06T04:00:00+00:00,3,160.93,0.0,5.41,100.51,1.59,16.32,18.27,1.67
Paris,FR,48.8566,2.3522,2026-06-06,04,2026-06-06T04:00:00+00:00,1,96.09,0.0,1.24,57.26,0.08,0.7,1.32,2.61
Sydney,AU,-33.8688,151.2093,2026-06-06,04,2026-06-06T04:00:00+00:00,1,70.29,0.15,0.5,52.67,0.27,0.98,1.38,0.1
Tokyo,JP,35.6762,139.6503,2026-06-06,04,2026-06-06T04:00:00+00:00,2,122.12,2.61,9.45,76.34,9.21,5.42,12.75,1.15
Antananarivo,MG,-18.8792,47.5079,2026-06-06,05,2026-06-06T05:00:00+00:00,1,160.81,0.12,1.06,17.28,0.17,4.27,6.4,0.5
Cairo,EG,30.0444,31.2357,2026-06-06,05,2026-06-06T05:00:00+00:00,3,128.66,1.21,8.94,60.29,7.47,16.82,58.23,33.9
New York,US,40.7128,-74.006,2026-06-06,05,2026-06-06T05:00:00+00:00,2,157.67,0.0,4.38,95.38,1.39,15.55,17.53,2.33
Paris,FR,48.8566,2.3522,2026-06-06,05,2026-06-06T05:00:00+00:00,2,96.15,0.0,1.28,60.3,0.09,0.68,1.33,2.52
Sydney,AU,-33.8688,151.2093,2026-06-06,05,2026-06-06T05:00:00+00:00,1,71.63,0.16,0.64,49.56,0.24,1.21,1.57,0.12
Tokyo,JP,35.6762,139.6503,2026-06-06,05,2026-06-06T05:00:00+00:00,2,122.4,2.08,8.94,81.82,9.38,6.05,14.01,1.08
Antananarivo,MG,-18.8792,47.5079,2026-06-06,06,2026-06-06T06:00:00+00:00,1,162.96,0.21,0.86,19.73,0.21,4.41,6.83,0.67
Cairo,EG,30.0444,31.2357,2026-06-06,06,2026-06-06T06:00:00+00:00,3,126.75,1.97,6.95,66.93,8.11,17.37,62.45,31.6
New York,US,40.7128,-74.006,2026-06-06,06,2026-06-06T06:00:00+00:00,2,152.61,0.0,3.36,94.0,1.26,14.45,16.39,3.0
Paris,FR,48.8566,2.3522,2026-06-06,06,2026-06-06T06:00:00+00:00,1,96.02,0.04,1.55,59.52,0.1,0.72,1.4,2.42
Sydney,AU,-33.8688,151.2093,2026-06-06,06,2026-06-06T06:00:00+00:00,1,73.29,0.13,0.93,46.84,0.24,1.41,1.78,0.14
Tokyo,JP,35.6762,139.6503,2026-06-06,06,2026-06-06T06:00:00+00:00,2,122.47,1.67,8.6,85.87,9.65,6.79,15.61,0.99
Antananarivo,MG,-18.8792,47.5079,2026-06-06,07,2026-06-06T07:00:00+00:00,1,118.81,0.08,0.4,31.87,0.18,2.85,4.7,0.67
Cairo,EG,30.0444,31.2357,2026-06-06,07,2026-06-06T07:00:00+00:00,3,120.76,1.27,4.31,88.88,9.14,19.46,69.82,24.57
New York,US,40.7128,-74.006,2026-06-06,07,2026-06-06T07:00:00+00:00,2,146.87,0.0,2.66,96.26,1.23,13.24,15.08,3.42
Paris,FR,48.8566,2.3522,2026-06-06,07,2026-06-06T07:00:00+00:00,2,95.66,0.07,1.62,60.13,0.1,0.78,1.51,2.2
Sydney,AU,-33.8688,151.2093,2026-06-06,07,2026-06-06T07:00:00+00:00,1,75.55,0.03,1.48,43.64,0.24,1.53,1.93,0.16
Tokyo,JP,35.6762,139.6503,2026-06-06,07,2026-06-06T07:00:00+00:00,2,122.54,1.17,8.89,87.78,9.79,7.23,16.69,0.88
Antananarivo,MG,-18.8792,47.5079,2026-06-06,08,2026-06-06T08:00:00+00:00,1,110.29,0.06,0.25,35.27,0.17,2.74,4.44,0.64
Cairo,EG,30.0444,31.2357,2026-06-06,08,2026-06-06T08:00:00+00:00,3,110.01,0.49,2.0,109.68,7.62,21.67,71.59,17.24
New York,US,40.7128,-74.006,2026-06-06,08,2026-06-06T08:00:00+00:00,2,144.4,0.0,2.37,94.94,1.2,12.52,14.33,3.37
Paris,FR,48.8566,2.3522,2026-06-06,08,2026-06-06T08:00:00+00:00,2,94.8,0.1,1.46,61.5,0.1,0.81,1.55,2.07
Sydney,AU,-33.8688,151.2093,2026-06-06,08,2026-06-06T08:00:00+00:00,1,78.37,0.0,1.97,40.32,0.23,1.64,2.09,0.17
Tokyo,JP,35.6762,139.6503,2026-06-06,08,2026-06-06T08:00:00+00:00,2,121.99,0.63,9.71,86.74,9.87,7.07,16.87,0.85
Antananarivo,MG,-18.8792,47.5079,2026-06-06,09,2026-06-06T09:00:00+00:00,1,104.81,0.04,0.16,37.23,0.16,2.66,4.22,0.62
Cairo,EG,30.0444,31.2357,2026-06-06,09,2026-06-06T09:00:00+00:00,3,97.14,0.22,0.94,115.08,4.7,19.45,65.74,10.23
New York,US,40.7128,-74.006,2026-06-06,09,2026-06-06T09:00:00+00:00,2,143.71,0.0,2.28,92.77,1.2,12.14,13.99,3.14
Paris,FR,48.8566,2.3522,2026-06-06,09,2026-06-06T09:00:00+00:00,2,94.3,0.1,1.18,65.63,0.1,0.83,1.56,1.93
Sydney,AU,-33.8688,151.2093,2026-06-06,09,2026-06-06T09:00:00+00:00,1,81.07,0.0,2.28,37.68,0.23,1.75,2.3,0.15
Tokyo,JP,35.6762,139.6503,2026-06-06,09,2026-06-06T09:00:00+00:00,2,120.92,0.19,10.45,84.31,9.88,6.72,16.54,0.82
Antananarivo,MG,-18.8792,47.5079,2026-06-06,10,2026-06-06T10:00:00+00:00,1,98.38,0.03,0.12,42.41,0.15,2.47,3.77,0.56
Cairo,EG,30.0444,31.2357,2026-06-06,10,2026-06-06T10:00:00+00:00,3,84.42,0.07,0.26,104.64,0.93,10.56,42.49,2.4
New York,US,40.7128,-74.006,2026-06-06,10,2026-06-06T10:00:00+00:00,2,143.1,0.0,2.42,88.41,1.25,11.85,13.77,2.92
Paris,FR,48.8566,2.3522,2026-06-06,10,2026-06-06T10:00:00+00:00,2,96.21,0.08,0.73,77.0,0.11,0.88,1.39,1.24
Sydney,AU,-33.8688,151.2093,2026-06-06,10,2026-06-06T10:00:00+00:00,1,81.4,0.0,2.43,34.65,0.25,1.78,2.43,0.11
Tokyo,JP,35.6762,139.6503,2026-06-06,10,2026-06-06T10:00:00+00:00,2,118.91,0.01,10.0,81.68,9.91,6.42,16.0,0.73
Antananarivo,MG,-18.8792,47.5079,2026-06-06,11,2026-06-06T11:00:00+00:00,1,95.26,0.03,0.12,45.8,0.14,2.53,3.72,0.53
Cairo,EG,30.0444,31.2357,2026-06-06,11,2026-06-06T11:00:00+00:00,3,83.11,0.05,0.19,99.73,0.33,11.13,54.44,1.51
New York,US,40.7128,-74.006,2026-06-06,11,2026-06-06T11:00:00+00:00,2,145.26,0.06,3.09,83.21,1.37,11.65,13.64,2.93
Paris,FR,48.8566,2.3522,2026-06-06,11,2026-06-06T11:00:00+00:00,2,96.66,0.09,0.53,79.16,0.11,0.98,1.27,0.83
Sydney,AU,-33.8688,151.2093,2026-06-06,11,2026-06-06T11:00:00+00:00,1,81.41,0.0,2.38,32.96,0.27,1.81,2.46,0.08
Tokyo,JP,35.6762,139.6503,2026-06-06,11,2026-06-06T11:00:00+00:00,2,117.02,0.0,8.69,78.69,9.73,6.06,15.21,0.64
Antananarivo,MG,-18.8792,47.5079,2026-06-06,12,2026-06-06T12:00:00+00:00,1,93.33,0.03,0.14,47.13,0.14,2.59,3.75,0.53
Cairo,EG,30.0444,31.2357,2026-06-06,12,2026-06-06T12:00:00+00:00,3,83.06,0.05,0.2,97.0,0.26,14.37,80.49,1.39
New York,US,40.7128,-74.006,2026-06-06,12,2026-06-06T12:00:00+00:00,2,149.72,0.37,3.66,80.48,1.62,11.49,13.52,2.84
Paris,FR,48.8566,2.3522,2026-06-06,12,2026-06-06T12:00:00+00:00,2,97.2,0.09,0.44,78.86,0.13,1.34,1.58,0.71
Sydney,AU,-33.8688,151.2093,2026-06-06,12,2026-06-06T12:00:00+00:00,1,80.11,0.0,2.14,32.97,0.26,1.73,2.35,0.06
Tokyo,JP,35.6762,139.6503,2026-06-06,12,2026-06-06T12:00:00+00:00,2,115.28,0.0,7.58,75.98,9.48,5.75,14.48,0.55
Antananarivo,MG,-18.8792,47.5079,2026-06-06,13,2026-06-06T13:00:00+00:00,1,99.78,0.04,0.3,44.2,0.17,2.99,4.34,0.69
Cairo,EG,30.0444,31.2357,2026-06-06,13,2026-06-06T13:00:00+00:00,4,84.05,0.05,0.23,95.48,0.28,17.17,101.43,1.35
New York,US,40.7128,-74.006,2026-06-06,13,2026-06-06T13:00:00+00:00,2,152.94,0.62,3.71,85.74,2.11,11.44,13.41,2.6
Paris,FR,48.8566,2.3522,2026-06-06,13,2026-06-06T13:00:00+00:00,2,98.16,0.08,0.37,81.15,0.18,1.93,2.43,0.68
Sydney,AU,-33.8688,151.2093,2026-06-06,13,2026-06-06T13:00:00+00:00,1,77.63,0.0,1.94,33.81,0.24,1.54,2.1,0.05
Tokyo,JP,35.6762,139.6503,2026-06-06,13,2026-06-06T13:00:00+00:00,2,113.4,0.0,6.52,73.88,9.04,5.4,13.58,0.45
Antananarivo,MG,-18.8792,47.5079,2026-06-06,14,2026-06-06T14:00:00+00:00,1,112.82,0.03,0.63,38.84,0.21,3.68,5.39,0.92
Cairo,EG,30.0444,31.2357,2026-06-06,14,2026-06-06T14:00:00+00:00,4,84.57,0.05,0.27,94.06,0.33,18.04,107.01,1.34
New York,US,40.7128,-74.006,2026-06-06,14,2026-06-06T14:00:00+00:00,2,154.52,0.64,3.34,92.11,2.4,11.93,13.89,2.56
Paris,FR,48.8566,2.3522,2026-06-06,14,2026-06-06T14:00:00+00:00,2,98.56,0.07,0.33,86.78,0.22,2.06,3.14,0.67
Sydney,AU,-33.8688,151.2093,2026-06-06,14,2026-06-06T14:00:00+00:00,1,76.23,0.0,1.88,32.59,0.21,1.39,1.89,0.04
Tokyo,JP,35.6762,139.6503,2026-06-06,14,2026-06-06T14:00:00+00:00,2,112.27,0.0,5.92,71.9,8.71,5.14,12.85,0.36
Antananarivo,MG,-18.8792,47.5079,2026-06-06,15,2026-06-06T15:00:00+00:00,1,127.2,0.0,1.01,34.31,0.23,4.4,6.49,1.06
Cairo,EG,30.0444,31.2357,2026-06-06,15,2026-06-06T15:00:00+00:00,4,85.85,0.05,0.33,94.36,0.4,18.53,109.3,1.32
New York,US,40.7128,-74.006,2026-06-06,15,2026-06-06T15:00:00+00:00,3,155.9,0.49,2.74,103.19,2.61,13.59,15.55,2.54
Paris,FR,48.8566,2.3522,2026-06-06,15,2026-06-06T15:00:00+00:00,2,98.51,0.07,0.36,91.4,0.26,1.86,3.59,0.7
Sydney,AU,-33.8688,151.2093,2026-06-06,15,2026-06-06T15:00:00+00:00,1,75.15,0.0,1.84,31.0,0.21,1.29,1.73,0.04
Tokyo,JP,35.6762,139.6503,2026-06-06,15,2026-06-06T15:00:00+00:00,2,112.55,0.0,6.04,69.74,8.74,5.12,12.56,0.32
Antananarivo,MG,-18.8792,47.5079,2026-06-06,16,2026-06-06T16:00:00+00:00,1,141.16,0.0,1.26,30.36,0.25,5.11,7.52,1.11
Cairo,EG,30.0444,31.2357,2026-06-06,16,2026-06-06T16:00:00+00:00,4,87.04,0.04,0.51,95.27,0.55,19.9,117.84,1.56
New York,US,40.7128,-74.006,2026-06-06,16,2026-06-06T16:00:00+00:00,3,130.66,0.18,1.28,127.1,2.39,13.42,14.71,0.8
Paris,FR,48.8566,2.3522,2026-06-06,16,2026-06-06T16:00:00+00:00,2,98.55,0.07,0.39,93.73,0.28,1.64,3.84,0.74
Sydney,AU,-33.8688,151.2093,2026-06-06,16,2026-06-06T16:00:00+00:00,1,73.83,0.0,1.8,28.9,0.2,1.21,1.6,0.03
Tokyo,JP,35.6762,139.6503,2026-06-06,16,2026-06-06T16:00:00+00:00,2,113.83,0.0,6.62,67.6,8.94,5.33,12.53,0.29
Antananarivo,MG,-18.8792,47.5079,2026-06-06,17,2026-06-06T17:00:00+00:00,1,153.29,0.0,1.4,27.83,0.25,5.7,8.35,0.93
Cairo,EG,30.0444,31.2357,2026-06-06,17,2026-06-06T17:00:00+00:00,4,89.42,0.01,0.76,96.57,0.83,20.2,115.89,2.06
New York,US,40.7128,-74.006,2026-06-06,17,2026-06-06T17:00:00+00:00,3,122.12,0.13,0.92,129.34,1.91,12.14,13.18,0.49
Paris,FR,48.8566,2.3522,2026-06-06,17,2026-06-06T17:00:00+00:00,2,98.23,0.07,0.44,92.94,0.3,1.59,4.12,0.83
Sydney,AU,-33.8688,151.2093,2026-06-06,17,2026-06-06T17:00:00+00:00,1,73.23,0.0,1.8,26.43,0.19,1.16,1.5,0.03
Tokyo,JP,35.6762,139.6503,2026-06-06,17,2026-06-06T17:00:00+00:00,2,116.2,0.0,7.8,64.88,9.41,5.8,13.18,0.32
Antananarivo,MG,-18.8792,47.5079,2026-06-06,18,2026-06-06T18:00:00+00:00,1,159.04,0.0,1.42,26.38,0.23,5.9,8.53,0.65
Cairo,EG,30.0444,31.2357,2026-06-06,18,2026-06-06T18:00:00+00:00,3,91.57,0.0,0.86,97.23,1.18,18.3,96.67,2.53
New York,US,40.7128,-74.006,2026-06-06,18,2026-06-06T18:00:00+00:00,3,119.27,0.12,0.89,129.93,1.68,11.27,12.23,0.5
Paris,FR,48.8566,2.3522,2026-06-06,18,2026-06-06T18:00:00+00:00,2,98.17,0.05,0.49,90.98,0.33,1.68,4.58,0.93
Sydney,AU,-33.8688,151.2093,2026-06-06,18,2026-06-06T18:00:00+00:00,1,72.81,0.0,1.79,24.79,0.19,1.11,1.41,0.03
Tokyo,JP,35.6762,139.6503,2026-06-06,18,2026-06-06T18:00:00+00:00,2,119.48,0.0,9.54,61.54,9.95,6.65,14.46,0.32
Antananarivo,MG,-18.8792,47.5079,2026-06-06,19,2026-06-06T19:00:00+00:00,1,148.11,0.0,1.21,26.78,0.19,4.72,6.85,0.45
Cairo,EG,30.0444,31.2357,2026-06-06,19,2026-06-06T19:00:00+00:00,3,91.37,0.0,0.91,94.96,1.66,15.84,73.03,3.04
New York,US,40.7128,-74.006,2026-06-06,19,2026-06-06T19:00:00+00:00,3,119.12,0.11,0.96,131.69,1.57,10.87,11.8,0.54
Paris,FR,48.8566,2.3522,2026-06-06,19,2026-06-06T19:00:00+00:00,2,97.99,0.02,0.6,87.46,0.36,1.79,5.15,1.06
Sydney,AU,-33.8688,151.2093,2026-06-06,19,2026-06-06T19:00:00+00:00,1,72.31,0.0,1.67,25.26,0.2,1.05,1.34,0.03
Tokyo,JP,35.6762,139.6503,2026-06-06,19,2026-06-06T19:00:00+00:00,1,124.29,0.0,12.05,56.91,10.65,7.94,16.51,0.33
Antananarivo,MG,-18.8792,47.5079,2026-06-06,20,2026-06-06T20:00:00+00:00,1,147.6,0.0,1.18,25.14,0.16,4.13,6.07,0.35
Cairo,EG,30.0444,31.2357,2026-06-06,20,2026-06-06T20:00:00+00:00,3,93.21,0.0,1.08,93.51,2.53,14.97,58.99,3.69
New York,US,40.7128,-74.006,2026-06-06,20,2026-06-06T20:00:00+00:00,3,119.67,0.1,1.12,131.82,1.57,11.04,12.02,0.61
Paris,FR,48.8566,2.3522,2026-06-06,20,2026-06-06T20:00:00+00:00,2,98.95,0.0,0.74,83.73,0.39,1.9,5.75,1.28
Sydney,AU,-33.8688,151.2093,2026-06-06,20,2026-06-06T20:00:00+00:00,1,72.21,0.0,1.65,25.25,0.21,1.02,1.3,0.03
Tokyo,JP,35.6762,139.6503,2026-06-06,20,2026-06-06T20:00:00+00:00,1,130.66,0.0,15.2,51.44,11.52,9.61,19.23,0.35
Antananarivo,MG,-18.8792,47.5079,2026-06-06,21,2026-06-06T21:00:00+00:00,1,143.33,0.0,1.11,23.39,0.11,3.53,5.16,0.26
Cairo,EG,30.0444,31.2357,2026-06-06,21,2026-06-06T21:00:00+00:00,3,94.8,0.0,1.37,90.91,3.69,14.95,50.17,4.31
New York,US,40.7128,-74.006,2026-06-06,21,2026-06-06T21:00:00+00:00,3,119.36,0.09,1.35,130.02,1.48,10.49,11.49,0.67
Paris,FR,48.8566,2.3522,2026-06-06,21,2026-06-06T21:00:00+00:00,2,100.01,0.0,0.83,80.89,0.41,1.97,6.33,1.51
Sydney,AU,-33.8688,151.2093,2026-06-06,21,2026-06-06T21:00:00+00:00,1,73.25,0.01,1.77,25.65,0.24,1.03,1.33,0.04
Tokyo,JP,35.6762,139.6503,2026-06-06,21,2026-06-06T21:00:00+00:00,2,135.95,0.14,18.45,47.74,11.96,10.74,21.15,0.4
Antananarivo,MG,-18.8792,47.5079,2026-06-06,22,2026-06-06T22:00:00+00:00,1,138.2,0.0,1.04,21.61,0.08,3.08,4.28,0.23
Cairo,EG,30.0444,31.2357,2026-06-06,22,2026-06-06T22:00:00+00:00,2,94.2,0.0,1.65,85.93,4.72,15.1,44.21,4.8
New York,US,40.7128,-74.006,2026-06-06,22,2026-06-06T22:00:00+00:00,3,119.57,0.08,2.01,123.85,1.39,9.69,10.76,0.76
Paris,FR,48.8566,2.3522,2026-06-06,22,2026-06-06T22:00:00+00:00,2,99.55,0.0,0.86,76.95,0.4,1.97,6.58,1.72
Sydney,AU,-33.8688,151.2093,2026-06-06,22,2026-06-06T22:00:00+00:00,1,74.31,0.06,2.02,25.71,0.28,1.05,1.39,0.06
Tokyo,JP,35.6762,139.6503,2026-06-06,22,2026-06-06T22:00:00+00:00,2,138.55,0.63,20.44,47.25,11.58,10.87,20.32,0.46
Antananarivo,MG,-18.8792,47.5079,2026-06-06,23,2026-06-06T23:00:00+00:00,1,134.85,0.0,0.98,20.06,0.07,2.78,3.73,0.22
Cairo,EG,30.0444,31.2357,2026-06-06,23,2026-06-06T23:00:00+00:00,2,94.82,0.0,1.94,82.18,5.6,16.13,43.25,5.47
New York,US,40.7128,-74.006,2026-06-06,23,2026-06-06T23:00:00+00:00,3,121.69,0.07,2.89,117.07,1.4,9.12,10.33,0.91
Paris,FR,48.8566,2.3522,2026-06-06,23,2026-06-06T23:00:00+00:00,2,100.39,0.0,0.87,74.1,0.38,1.97,6.66,1.97
Sydney,AU,-33.8688,151.2093,2026-06-06,23,2026-06-06T23:00:00+00:00,1,75.09,0.42,1.79,25.8,0.32,1.09,1.47,0.07
Tokyo,JP,35.6762,139.6503,2026-06-06,23,2026-06-06T23:00:00+00:00,2,138.04,1.42,19.99,49.91,10.56,10.15,18.08,0.49
Antananarivo,MG,-18.8792,47.5079,2026-06-07,00,2026-06-07T00:00:00+00:00,1,130.36,0.0,0.92,18.98,0.07,2.5,3.28,0.23
Cairo,EG,30.0444,31.2357,2026-06-07,00,2026-06-07T00:00:00+00:00,2,95.96,0.0,2.2,78.62,6.23,17.75,45.33,6.28
New York,US,40.7128,-74.006,2026-06-07,00,2026-06-07T00:00:00+00:00,3,122.87,0.03,3.47,111.67,1.44,8.54,9.81,1.12
Paris,FR,48.8566,2.3522,2026-06-07,00,2026-06-07T00:00:00+00:00,2,101.32,0.0,0.85,71.55,0.35,1.98,6.63,2.12
Sydney,AU,-33.8688,151.2093,2026-06-07,00,2026-06-07T00:00:00+00:00,1,74.93,0.75,1.43,26.73,0.37,1.18,1.6,0.11
Tokyo,JP,35.6762,139.6503,2026-06-07,00,2026-06-07T00:00:00+00:00,1,135.96,2.15,18.27,53.95,9.67,9.27,16.31,0.48
Antananarivo,MG,-18.8792,47.5079,2026-06-07,01,2026-06-07T01:00:00+00:00,1,126.07,0.0,0.87,18.31,0.06,2.26,2.94,0.23
Cairo,EG,30.0444,31.2357,2026-06-07,01,2026-06-07T01:00:00+00:00,2,96.02,0.0,2.4,74.32,6.31,19.44,48.42,7.11
New York,US,40.7128,-74.006,2026-06-07,01,2026-06-07T01:00:00+00:00,3,123.6,0.0,3.52,106.62,1.48,8.12,9.37,1.36
Paris,FR,48.8566,2.3522,2026-06-07,01,2026-06-07T01:00:00+00:00,2,100.9,0.0,0.83,68.05,0.32,1.97,6.5,2.07
Sydney,AU,-33.8688,151.2093,2026-06-07,01,2026-06-07T01:00:00+00:00,1,74.17,0.56,1.22,36.43,0.74,1.58,1.97,0.15
Tokyo,JP,35.6762,139.6503,2026-06-07,01,2026-06-07T01:00:00+00:00,1,133.44,2.13,16.96,57.5,8.75,8.53,14.25,0.39
Antananarivo,MG,-18.8792,47.5079,2026-06-07,02,2026-06-07T02:00:00+00:00,1,123.29,0.0,0.83,18.14,0.06,2.08,2.72,0.23
Cairo,EG,30.0444,31.2357,2026-06-07,02,2026-06-07T02:00:00+00:00,3,96.84,0.0,2.6,71.11,5.98,21.38,52.39,7.47
New York,US,40.7128,-74.006,2026-06-07,02,2026-06-07T02:00:00+00:00,3,125.98,0.0,3.74,101.26,1.56,7.65,8.76,1.56
Paris,FR,48.8566,2.3522,2026-06-07,02,2026-06-07T02:00:00+00:00,2,101.16,0.0,0.83,64.89,0.28,2.0,6.44,1.84
Sydney,AU,-33.8688,151.2093,2026-06-07,02,2026-06-07T02:00:00+00:00,1,75.59,0.56,1.21,38.99,1.05,2.09,2.51,0.19
Tokyo,JP,35.6762,139.6503,2026-06-07,02,2026-06-07T02:00:00+00:00,2,130.86,2.27,15.31,61.24,7.74,7.86,12.43,0.34
Antananarivo,MG,-18.8792,47.5079,2026-06-07,03,2026-06-07T03:00:00+00:00,1,121.31,0.0,0.81,18.45,0.07,2.01,2.65,0.24
Cairo,EG,30.0444,31.2357,2026-06-07,03,2026-06-07T03:00:00+00:00,3,97.93,0.0,2.78,68.58,5.54,23.32,56.81,6.92
New York,US,40.7128,-74.006,2026-06-07,03,2026-06-07T03:00:00+00:00,2,128.39,0.0,4.38,93.99,1.71,6.74,7.62,1.59
Paris,FR,48.8566,2.3522,2026-06-07,03,2026-06-07T03:00:00+00:00,2,101.13,0.0,0.87,61.55,0.24,2.05,6.41,1.49
Sydney,AU,-33.8688,151.2093,2026-06-07,03,2026-06-07T03:00:00+00:00,1,78.18,0.56,1.31,42.12,1.49,2.73,3.2,0.23
Tokyo,JP,35.6762,139.6503,2026-06-07,03,2026-06-07T03:00:00+00:00,2,128.52,2.3,13.71,64.96,7.05,7.25,11.15,0.32
Antananarivo,MG,-18.8792,47.5079,2026-06-07,04,2026-06-07T04:00:00+00:00,1,123.29,0.01,0.85,19.52,0.11,2.15,3.07,0.31
Cairo,EG,30.0444,31.2357,2026-06-07,04,2026-06-07T04:00:00+00:00,3,97.69,0.04,3.02,65.61,5.28,24.88,60.7,6.68
New York,US,40.7128,-74.006,2026-06-07,04,2026-06-07T04:00:00+00:00,2,128.41,0.0,4.99,84.33,1.85,5.45,6.16,1.36
Paris,FR,48.8566,2.3522,2026-06-07,04,2026-06-07T04:00:00+00:00,1,99.93,0.0,0.93,57.79,0.21,2.08,6.37,1.23
Sydney,AU,-33.8688,151.2093,2026-06-07,04,2026-06-07T04:00:00+00:00,1,80.87,0.47,1.34,49.1,1.73,3.32,3.86,0.25
Tokyo,JP,35.6762,139.6503,2026-06-07,04,2026-06-07T04:00:00+00:00,2,127.64,2.16,12.69,68.32,6.49,6.64,9.8,0.28
Antananarivo,MG,-18.8792,47.5079,2026-06-07,05,2026-06-07T05:00:00+00:00,1,128.97,0.14,0.75,20.75,0.15,2.46,3.86,0.39
Cairo,EG,30.0444,31.2357,2026-06-07,05,2026-06-07T05:00:00+00:00,3,98.52,0.37,2.94,64.99,5.59,26.48,64.94,7.4
New York,US,40.7128,-74.006,2026-06-07,05,2026-06-07T05:00:00+00:00,2,130.48,0.0,5.22,78.51,1.99,4.48,5.13,1.24
Paris,FR,48.8566,2.3522,2026-06-07,05,2026-06-07T05:00:00+00:00,1,99.7,0.01,1.18,55.02,0.21,2.13,6.48,1.19
Sydney,AU,-33.8688,151.2093,2026-06-07,05,2026-06-07T05:00:00+00:00,1,80.75,0.38,1.41,51.1,1.54,3.45,4.04,0.23
Tokyo,JP,35.6762,139.6503,2026-06-07,05,2026-06-07T05:00:00+00:00,2,126.51,1.86,12.27,69.93,5.89,5.96,8.42,0.24
Antananarivo,MG,-18.8792,47.5079,2026-06-07,06,2026-06-07T06:00:00+00:00,1,134.51,0.2,0.62,23.68,0.18,2.92,4.6,0.53
Cairo,EG,30.0444,31.2357,2026-06-07,06,2026-06-07T06:00:00+00:00,3,99.34,0.66,2.52,68.25,6.28,28.14,69.01,8.12
New York,US,40.7128,-74.006,2026-06-07,06,2026-06-07T06:00:00+00:00,2,131.84,0.0,5.14,74.83,2.0,3.93,4.54,1.08
Paris,FR,48.8566,2.3522,2026-06-07,06,2026-06-07T06:00:00+00:00,1,99.74,0.13,1.38,54.59,0.24,2.17,6.71,1.23
Sydney,AU,-33.8688,151.2093,2026-06-07,06,2026-06-07T06:00:00+00:00,1,80.72,0.24,1.77,50.95,1.41,3.36,4.03,0.23
Tokyo,JP,35.6762,139.6503,2026-06-07,06,2026-06-07T06:00:00+00:00,2,124.48,1.42,11.88,69.86,5.37,5.18,7.18,0.22
Antananarivo,MG,-18.8792,47.5079,2026-06-07,07,2026-06-07T07:00:00+00:00,1,88.48,0.05,0.21,36.05,0.13,1.11,2.02,0.4
Cairo,EG,30.0444,31.2357,2026-06-07,07,2026-06-07T07:00:00+00:00,3,98.91,0.48,1.64,80.69,7.33,29.7,71.12,6.64
New York,US,40.7128,-74.006,2026-06-07,07,2026-06-07T07:00:00+00:00,2,131.45,0.0,4.93,72.61,1.88,3.75,4.28,0.83
Paris,FR,48.8566,2.3522,2026-06-07,07,2026-06-07T07:00:00+00:00,2,100.21,0.2,1.03,66.23,0.36,2.04,6.82,1.06
Sydney,AU,-33.8688,151.2093,2026-06-07,07,2026-06-07T07:00:00+00:00,1,80.57,0.04,2.31,47.98,1.05,3.12,3.89,0.19
Tokyo,JP,35.6762,139.6503,2026-06-07,07,2026-06-07T07:00:00+00:00,2,119.6,0.72,10.66,69.81,4.72,4.07,5.71,0.19
Antananarivo,MG,-18.8792,47.5079,2026-06-07,08,2026-06-07T08:00:00+00:00,1,80.33,0.03,0.13,41.12,0.11,0.9,1.6,0.36
Cairo,EG,30.0444,31.2357,2026-06-07,08,2026-06-07T08:00:00+00:00,3,97.79,0.28,0.99,92.18,6.89,30.38,69.32,5.98
New York,US,40.7128,-74.006,2026-06-07,08,2026-06-07T08:00:00+00:00,2,130.74,0.0,4.72,70.72,1.71,3.81,4.27,0.55
Paris,FR,48.8566,2.3522,2026-06-07,08,2026-06-07T08:00:00+00:00,2,99.18,0.21,0.87,69.98,0.36,1.94,6.57,1.03
Sydney,AU,-33.8688,151.2093,2026-06-07,08,2026-06-07T08:00:00+00:00,1,82.24,0.0,2.69,43.56,0.73,3.05,3.94,0.14
Tokyo,JP,35.6762,139.6503,2026-06-07,08,2026-06-07T08:00:00+00:00,2,115.69,0.28,9.7,68.79,4.23,3.37,4.88,0.18
Antananarivo,MG,-18.8792,47.5079,2026-06-07,09,2026-06-07T09:00:00+00:00,1,76.67,0.02,0.11,42.46,0.1,0.81,1.37,0.33
Cairo,EG,30.0444,31.2357,2026-06-07,09,2026-06-07T09:00:00+00:00,3,96.67,0.18,0.68,101.05,6.23,29.4,64.8,5.35
New York,US,40.7128,-74.006,2026-06-07,09,2026-06-07T09:00:00+00:00,2,131.11,0.0,4.62,68.44,1.64,4.03,4.46,0.35
Paris,FR,48.8566,2.3522,2026-06-07,09,2026-06-07T09:00:00+00:00,2,98.16,0.19,0.76,71.49,0.35,1.94,6.54,1.07
Sydney,AU,-33.8688,151.2093,2026-06-07,09,2026-06-07T09:00:00+00:00,1,84.14,0.0,2.88,40.19,0.62,3.12,4.16,0.11
Tokyo,JP,35.6762,139.6503,2026-06-07,09,2026-06-07T09:00:00+00:00,2,112.04,0.06,8.5,68.32,3.78,2.97,4.52,0.16
Antananarivo,MG,-18.8792,47.5079,2026-06-07,10,2026-06-07T10:00:00+00:00,1,75.89,0.01,0.12,43.91,0.1,0.76,1.25,0.32
Cairo,EG,30.0444,31.2357,2026-06-07,10,2026-06-07T10:00:00+00:00,3,95.63,0.14,0.54,108.09,5.16,25.64,56.05,4.61
New York,US,40.7128,-74.006,2026-06-07,10,2026-06-07T10:00:00+00:00,2,132.33,0.0,4.66,65.04,1.73,4.34,4.8,0.26
Paris,FR,48.8566,2.3522,2026-06-07,10,2026-06-07T10:00:00+00:00,2,98.77,0.11,0.5,78.79,0.36,1.88,6.52,0.85
Sydney,AU,-33.8688,151.2093,2026-06-07,10,2026-06-07T10:00:00+00:00,1,85.26,0.0,2.97,37.53,0.62,3.25,4.44,0.11
Tokyo,JP,35.6762,139.6503,2026-06-07,10,2026-06-07T10:00:00+00:00,2,108.27,0.0,6.56,68.79,3.18,2.58,4.15,0.12
Antananarivo,MG,-18.8792,47.5079,2026-06-07,11,2026-06-07T11:00:00+00:00,1,76.37,0.02,0.14,44.4,0.1,0.81,1.32,0.34
Cairo,EG,30.0444,31.2357,2026-06-07,11,2026-06-07T11:00:00+00:00,3,93.09,0.12,0.49,110.24,3.89,20.71,45.54,3.86
New York,US,40.7128,-74.006,2026-06-07,11,2026-06-07T11:00:00+00:00,2,136.28,0.19,5.13,61.4,1.96,4.71,5.24,0.26
Paris,FR,48.8566,2.3522,2026-06-07,11,2026-06-07T11:00:00+00:00,2,98.0,0.09,0.37,81.2,0.32,1.71,5.8,0.72
Sydney,AU,-33.8688,151.2093,2026-06-07,11,2026-06-07T11:00:00+00:00,1,87.29,0.01,3.12,35.45,0.66,3.5,4.84,0.12
Tokyo,JP,35.6762,139.6503,2026-06-07,11,2026-06-07T11:00:00+00:00,2,105.54,0.0,4.96,69.12,2.68,2.22,3.85,0.1
Antananarivo,MG,-18.8792,47.5079,2026-06-07,12,2026-06-07T12:00:00+00:00,1,77.63,0.02,0.17,43.48,0.11,0.86,1.39,0.35
Cairo,EG,30.0444,31.2357,2026-06-07,12,2026-06-07T12:00:00+00:00,3,91.35,0.12,0.47,111.48,3.12,17.3,38.95,3.23
New York,US,40.7128,-74.006,2026-06-07,12,2026-06-07T12:00:00+00:00,1,142.63,0.79,5.04,59.37,2.25,5.09,5.7,0.29
Paris,FR,48.8566,2.3522,2026-06-07,12,2026-06-07T12:00:00+00:00,2,97.15,0.08,0.32,81.48,0.28,1.61,5.3,0.69
Sydney,AU,-33.8688,151.2093,2026-06-07,12,2026-06-07T12:00:00+00:00,1,90.28,0.01,3.38,32.88,0.72,3.87,5.35,0.15
Tokyo,JP,35.6762,139.6503,2026-06-07,12,2026-06-07T12:00:00+00:00,2,103.91,0.0,3.81,69.13,2.29,1.92,3.62,0.08
Antananarivo,MG,-18.8792,47.5079,2026-06-07,13,2026-06-07T13:00:00+00:00,1,85.27,0.03,0.32,39.49,0.14,1.14,1.86,0.47
Cairo,EG,30.0444,31.2357,2026-06-07,13,2026-06-07T13:00:00+00:00,3,91.05,0.11,0.49,113.76,2.76,15.65,36.62,2.81
New York,US,40.7128,-74.006,2026-06-07,13,2026-06-07T13:00:00+00:00,2,148.7,1.14,4.57,62.74,2.47,5.49,6.14,0.31
Paris,FR,48.8566,2.3522,2026-06-07,13,2026-06-07T13:00:00+00:00,2,97.33,0.07,0.3,82.11,0.25,1.57,4.96,0.68
Sydney,AU,-33.8688,151.2093,2026-06-07,13,2026-06-07T13:00:00+00:00,1,92.62,0.01,3.8,29.54,0.76,4.28,5.78,0.19
Tokyo,JP,35.6762,139.6503,2026-06-07,13,2026-06-07T13:00:00+00:00,2,101.65,0.0,2.4,69.79,1.8,1.58,3.33,0.05
Antananarivo,MG,-18.8792,47.5079,2026-06-07,14,2026-06-07T14:00:00+00:00,1,99.44,0.02,0.62,34.29,0.16,1.71,2.77,0.52
Cairo,EG,30.0444,31.2357,2026-06-07,14,2026-06-07T14:00:00+00:00,3,90.38,0.1,0.54,114.0,2.57,14.91,36.05,2.61
New York,US,40.7128,-74.006,2026-06-07,14,2026-06-07T14:00:00+00:00,2,151.46,1.0,3.9,70.82,2.55,6.19,6.85,0.35
Paris,FR,48.8566,2.3522,2026-06-07,14,2026-06-07T14:00:00+00:00,2,96.65,0.07,0.3,81.68,0.22,1.56,4.76,0.7
Sydney,AU,-33.8688,151.2093,2026-06-07,14,2026-06-07T14:00:00+00:00,1,95.15,0.01,4.25,26.46,0.75,4.73,6.15,0.21
Tokyo,JP,35.6762,139.6503,2026-06-07,14,2026-06-07T14:00:00+00:00,2,100.19,0.0,1.63,70.5,1.58,1.37,3.16,0.04
Antananarivo,MG,-18.8792,47.5079,2026-06-07,15,2026-06-07T15:00:00+00:00,1,114.55,0.0,0.96,30.26,0.18,2.37,3.8,0.45
Cairo,EG,30.0444,31.2357,2026-06-07,15,2026-06-07T15:00:00+00:00,3,89.97,0.09,0.66,114.68,2.54,14.79,35.83,2.62
New York,US,40.7128,-74.006,2026-06-07,15,2026-06-07T15:00:00+00:00,2,153.3,0.66,3.06,83.42,2.56,7.58,8.28,0.4
Paris,FR,48.8566,2.3522,2026-06-07,15,2026-06-07T15:00:00+00:00,2,96.15,0.08,0.35,81.1,0.21,1.56,4.65,0.74
Sydney,AU,-33.8688,151.2093,2026-06-07,15,2026-06-07T15:00:00+00:00,1,97.6,0.01,4.59,24.17,0.75,5.18,6.53,0.22
Tokyo,JP,35.6762,139.6503,2026-06-07,15,2026-06-07T15:00:00+00:00,2,99.18,0.0,1.19,71.34,1.5,1.26,3.11,0.04
Antananarivo,MG,-18.8792,47.5079,2026-06-07,16,2026-06-07T16:00:00+00:00,1,129.84,0.0,1.21,26.78,0.2,3.12,4.95,0.48
Cairo,EG,30.0444,31.2357,2026-06-07,16,2026-06-07T16:00:00+00:00,3,91.51,0.07,1.25,115.13,2.97,15.69,37.18,4.17
New York,US,40.7128,-74.006,2026-06-07,16,2026-06-07T16:00:00+00:00,2,138.47,0.24,1.42,97.96,1.44,5.1,5.47,0.33
Paris,FR,48.8566,2.3522,2026-06-07,16,2026-06-07T16:00:00+00:00,2,95.56,0.19,0.8,74.28,0.19,1.65,4.71,1.05
Sydney,AU,-33.8688,151.2093,2026-06-07,16,2026-06-07T16:00:00+00:00,1,99.31,0.01,4.74,22.93,0.72,5.55,6.81,0.21
Tokyo,JP,35.6762,139.6503,2026-06-07,16,2026-06-07T16:00:00+00:00,2,98.7,0.0,1.05,71.86,1.64,1.39,3.65,0.04
Antananarivo,MG,-18.8792,47.5079,2026-06-07,17,2026-06-07T17:00:00+00:00,1,148.51,0.0,1.44,24.12,0.23,4.01,6.28,0.55
Cairo,EG,30.0444,31.2357,2026-06-07,17,2026-06-07T17:00:00+00:00,3,94.25,0.01,2.23,114.9,3.87,17.13,39.42,6.63
New York,US,40.7128,-74.006,2026-06-07,17,2026-06-07T17:00:00+00:00,2,126.8,0.15,0.93,98.27,0.89,3.38,3.6,0.32
Paris,FR,48.8566,2.3522,2026-06-07,17,2026-06-07T17:00:00+00:00,2,94.34,0.32,1.4,65.0,0.17,1.76,4.87,1.53
Sydney,AU,-33.8688,151.2093,2026-06-07,17,2026-06-07T17:00:00+00:00,1,100.56,0.01,4.7,22.62,0.68,5.86,7.06,0.18
Tokyo,JP,35.6762,139.6503,2026-06-07,17,2026-06-07T17:00:00+00:00,2,99.1,0.0,1.23,71.15,1.85,1.69,4.59,0.04
Antananarivo,MG,-18.8792,47.5079,2026-06-07,18,2026-06-07T18:00:00+00:00,1,165.8,0.0,1.62,22.05,0.25,4.85,7.47,0.61
Cairo,EG,30.0444,31.2357,2026-06-07,18,2026-06-07T18:00:00+00:00,3,97.26,0.0,2.82,115.56,5.13,18.87,42.01,8.49
New York,US,40.7128,-74.006,2026-06-07,18,2026-06-07T18:00:00+00:00,2,121.81,0.14,0.9,96.87,0.8,2.88,3.06,0.36
Paris,FR,48.8566,2.3522,2026-06-07,18,2026-06-07T18:00:00+00:00,1,93.21,0.32,1.86,59.27,0.18,1.84,5.0,2.04
Sydney,AU,-33.8688,151.2093,2026-06-07,18,2026-06-07T18:00:00+00:00,1,101.34,0.0,4.61,22.74,0.67,6.14,7.22,0.16
Tokyo,JP,35.6762,139.6503,2026-06-07,18,2026-06-07T18:00:00+00:00,2,100.18,0.0,1.41,70.32,1.92,1.95,5.36,0.05
Antananarivo,MG,-18.8792,47.5079,2026-06-07,19,2026-06-07T19:00:00+00:00,1,178.57,0.0,1.74,20.51,0.26,5.44,8.19,0.66
Cairo,EG,30.0444,31.2357,2026-06-07,19,2026-06-07T19:00:00+00:00,3,99.28,0.0,3.06,117.59,6.59,20.81,44.92,9.49
New York,US,40.7128,-74.006,2026-06-07,19,2026-06-07T19:00:00+00:00,2,119.53,0.14,0.95,96.26,0.77,2.57,2.73,0.4
Paris,FR,48.8566,2.3522,2026-06-07,19,2026-06-07T19:00:00+00:00,1,93.09,0.16,2.47,54.5,0.19,1.92,5.14,2.81
Sydney,AU,-33.8688,151.2093,2026-06-07,19,2026-06-07T19:00:00+00:00,1,101.36,0.0,4.42,23.17,0.66,6.35,7.39,0.15
Tokyo,JP,35.6762,139.6503,2026-06-07,19,2026-06-07T19:00:00+00:00,2,102.59,0.0,1.73,69.66,2.06,2.15,5.84,0.06
Antananarivo,MG,-18.8792,47.5079,2026-06-07,20,2026-06-07T20:00:00+00:00,1,183.7,0.0,1.76,19.51,0.24,5.58,8.23,0.62
Cairo,EG,30.0444,31.2357,2026-06-07,20,2026-06-07T20:00:00+00:00,3,100.58,0.0,3.01,121.0,8.48,23.07,47.84,9.71
New York,US,40.7128,-74.006,2026-06-07,20,2026-06-07T20:00:00+00:00,2,118.27,0.15,1.05,95.26,0.77,2.38,2.52,0.43
Paris,FR,48.8566,2.3522,2026-06-07,20,2026-06-07T20:00:00+00:00,1,93.44,0.01,3.04,48.21,0.19,2.0,5.27,3.55
Sydney,AU,-33.8688,151.2093,2026-06-07,20,2026-06-07T20:00:00+00:00,1,102.42,0.01,4.36,23.73,0.67,6.61,7.76,0.15
Tokyo,JP,35.6762,139.6503,2026-06-07,20,2026-06-07T20:00:00+00:00,2,104.65,0.0,2.32,67.72,2.37,2.32,6.04,0.07
Antananarivo,MG,-18.8792,47.5079,2026-06-07,21,2026-06-07T21:00:00+00:00,1,180.35,0.0,1.67,18.82,0.18,5.23,7.42,0.52
Cairo,EG,30.0444,31.2357,2026-06-07,21,2026-06-07T21:00:00+00:00,3,101.1,0.0,3.0,120.87,10.29,24.16,49.17,10.01
New York,US,40.7128,-74.006,2026-06-07,21,2026-06-07T21:00:00+00:00,2,117.79,0.16,1.23,93.29,0.77,2.16,2.3,0.43
Paris,FR,48.8566,2.3522,2026-06-07,21,2026-06-07T21:00:00+00:00,1,93.97,0.0,3.36,43.5,0.19,2.08,5.37,4.13
Sydney,AU,-33.8688,151.2093,2026-06-07,21,2026-06-07T21:00:00+00:00,1,106.12,0.03,4.75,24.02,0.76,6.99,8.33,0.17
Tokyo,JP,35.6762,139.6503,2026-06-07,21,2026-06-07T21:00:00+00:00,2,106.61,0.01,3.46,64.52,2.66,2.59,6.27,0.07
Antananarivo,MG,-18.8792,47.5079,2026-06-07,22,2026-06-07T22:00:00+00:00,1,177.86,0.0,1.59,18.14,0.15,4.93,6.62,0.47
Cairo,EG,30.0444,31.2357,2026-06-07,22,2026-06-07T22:00:00+00:00,3,102.68,0.0,3.44,113.41,11.4,22.57,47.15,11.24
New York,US,40.7128,-74.006,2026-06-07,22,2026-06-07T22:00:00+00:00,2,119.39,0.2,1.68,89.13,0.79,1.98,2.12,0.41
Paris,FR,48.8566,2.3522,2026-06-07,22,2026-06-07T22:00:00+00:00,1,92.87,0.0,3.47,39.14,0.17,2.12,5.34,4.24
Sydney,AU,-33.8688,151.2093,2026-06-07,22,2026-06-07T22:00:00+00:00,1,110.68,0.15,5.43,23.25,0.89,7.37,8.95,0.18
Tokyo,JP,35.6762,139.6503,2026-06-07,22,2026-06-07T22:00:00+00:00,2,110.38,0.12,5.6,60.41,3.07,3.17,7.64,0.09
Antananarivo,MG,-18.8792,47.5079,2026-06-07,23,2026-06-07T23:00:00+00:00,1,177.42,0.0,1.54,17.23,0.13,4.72,6.12,0.45
Cairo,EG,30.0444,31.2357,2026-06-07,23,2026-06-07T23:00:00+00:00,3,108.19,0.0,4.58,102.79,11.95,20.04,44.31,14.32
New York,US,40.7128,-74.006,2026-06-07,23,2026-06-07T23:00:00+00:00,2,121.86,0.2,2.34,83.4,0.87,1.8,1.96,0.39
Paris,FR,48.8566,2.3522,2026-06-07,23,2026-06-07T23:00:00+00:00,1,92.5,0.0,3.34,34.26,0.14,2.18,5.34,3.66
Sydney,AU,-33.8688,151.2093,2026-06-07,23,2026-06-07T23:00:00+00:00,1,113.14,1.07,4.59,23.08,1.02,7.6,9.37,0.15
Tokyo,JP,35.6762,139.6503,2026-06-07,23,2026-06-07T23:00:00+00:00,1,115.19,0.52,8.24,57.82,3.7,3.59,8.36,0.11
Antananarivo,MG,-18.8792,47.5079,2026-06-08,00,2026-06-08T00:00:00+00:00,1,173.95,0.0,1.45,16.59,0.12,4.36,5.58,0.43
Cairo,EG,30.0444,31.2357,2026-06-08,00,2026-06-08T00:00:00+00:00,2,115.3,0.0,5.87,91.88,12.18,17.98,43.31,17.58
New York,US,40.7128,-74.006,2026-06-08,00,2026-06-08T00:00:00+00:00,2,123.74,0.09,3.09,77.78,0.93,1.52,1.7,0.37
Paris,FR,48.8566,2.3522,2026-06-08,00,2026-06-08T00:00:00+00:00,1,91.4,0.0,3.1,28.77,0.11,2.26,5.34,2.68
Sydney,AU,-33.8688,151.2093,2026-06-08,00,2026-06-08T00:00:00+00:00,1,113.89,1.97,3.52,24.84,1.36,7.81,9.72,0.12
Tokyo,JP,35.6762,139.6503,2026-06-08,00,2026-06-08T00:00:00+00:00,1,120.42,1.23,10.53,57.44,4.29,3.65,8.2,0.13
Antananarivo,MG,-18.8792,47.5079,2026-06-08,01,2026-06-08T01:00:00+00:00,1,165.13,0.0,1.33,16.91,0.12,3.65,4.77,0.42
Cairo,EG,30.0444,31.2357,2026-06-08,01,2026-06-08T01:00:00+00:00,2,120.11,0.0,6.92,81.38,11.61,16.99,44.29,20.26
New York,US,40.7128,-74.006,2026-06-08,01,2026-06-08T01:00:00+00:00,2,123.62,0.0,3.59,73.69,0.95,1.22,1.41,0.34
Paris,FR,48.8566,2.3522,2026-06-08,01,2026-06-08T01:00:00+00:00,1,89.04,0.0,2.82,23.05,0.08,2.31,5.25,1.87
Sydney,AU,-33.8688,151.2093,2026-06-08,01,2026-06-08T01:00:00+00:00,1,104.78,1.63,4.11,39.98,4.01,7.9,10.26,0.03
Tokyo,JP,35.6762,139.6503,2026-06-08,01,2026-06-08T01:00:00+00:00,1,126.39,2.74,11.3,59.28,4.98,3.89,8.91,0.17
Antananarivo,MG,-18.8792,47.5079,2026-06-08,02,2026-06-08T02:00:00+00:00,1,163.75,0.0,1.29,16.47,0.12,3.37,4.44,0.43
Cairo,EG,30.0444,31.2357,2026-06-08,02,2026-06-08T02:00:00+00:00,2,123.39,0.0,7.75,73.29,10.86,16.84,46.36,22.52
New York,US,40.7128,-74.006,2026-06-08,02,2026-06-08T02:00:00+00:00,2,125.29,0.0,4.15,72.66,1.01,1.02,1.23,0.33
Paris,FR,48.8566,2.3522,2026-06-08,02,2026-06-08T02:00:00+00:00,1,86.44,0.0,2.59,18.4,0.06,2.35,5.15,1.54
Sydney,AU,-33.8688,151.2093,2026-06-08,02,2026-06-08T02:00:00+00:00,1,101.46,1.62,4.0,43.72,4.26,7.95,10.49,0.01
Tokyo,JP,35.6762,139.6503,2026-06-08,02,2026-06-08T02:00:00+00:00,2,130.39,3.03,12.53,60.92,5.92,4.27,10.01,0.21
Antananarivo,MG,-18.8792,47.5079,2026-06-08,03,2026-06-08T03:00:00+00:00,1,166.75,0.0,1.33,16.02,0.13,3.34,4.45,0.5
Cairo,EG,30.0444,31.2357,2026-06-08,03,2026-06-08T03:00:00+00:00,2,125.37,0.0,8.35,66.74,10.14,17.07,48.96,24.52
New York,US,40.7128,-74.006,2026-06-08,03,2026-06-08T03:00:00+00:00,2,127.6,0.0,4.93,70.77,1.11,0.89,1.14,0.34
Paris,FR,48.8566,2.3522,2026-06-08,03,2026-06-08T03:00:00+00:00,1,84.01,0.01,2.44,15.22,0.04,2.37,5.04,1.37
Sydney,AU,-33.8688,151.2093,2026-06-08,03,2026-06-08T03:00:00+00:00,1,98.63,1.51,4.07,48.34,4.46,8.12,10.91,0.0
Tokyo,JP,35.6762,139.6503,2026-06-08,03,2026-06-08T03:00:00+00:00,2,132.02,2.98,12.97,64.38,6.66,4.65,10.7,0.22
Antananarivo,MG,-18.8792,47.5079,2026-06-08,04,2026-06-08T04:00:00+00:00,1,179.32,0.01,1.5,15.8,0.21,3.85,5.45,0.66
Cairo,EG,30.0444,31.2357,2026-06-08,04,2026-06-08T04:00:00+00:00,3,124.86,0.09,9.08,61.09,9.45,17.32,51.4,25.72
New York,US,40.7128,-74.006,2026-06-08,04,2026-06-08T04:00:00+00:00,2,127.58,0.0,5.48,64.58,1.21,0.78,1.1,0.34
Paris,FR,48.8566,2.3522,2026-06-08,04,2026-06-08T04:00:00+00:00,1,82.14,0.02,2.47,13.4,0.04,2.38,4.92,1.33
Sydney,AU,-33.8688,151.2093,2026-06-08,04,2026-06-08T04:00:00+00:00,2,85.58,0.69,2.58,61.33,3.26,6.18,8.89,0.0
Tokyo,JP,35.6762,139.6503,2026-06-08,04,2026-06-08T04:00:00+00:00,2,134.15,3.01,12.65,71.01,7.22,5.53,11.82,0.2
Antananarivo,MG,-18.8792,47.5079,2026-06-08,05,2026-06-08T05:00:00+00:00,1,190.25,0.15,1.46,16.71,0.25,4.33,6.61,0.62
Cairo,EG,30.0444,31.2357,2026-06-08,05,2026-06-08T05:00:00+00:00,3,125.3,1.08,8.62,59.11,9.66,17.89,55.32,26.53
New York,US,40.7128,-74.006,2026-06-08,05,2026-06-08T05:00:00+00:00,1,128.34,0.0,5.92,56.51,1.32,0.75,1.16,0.34
Paris,FR,48.8566,2.3522,2026-06-08,05,2026-06-08T05:00:00+00:00,1,82.59,0.09,3.19,12.19,0.06,2.43,4.92,1.45
Sydney,AU,-33.8688,151.2093,2026-06-08,05,2026-06-08T05:00:00+00:00,2,81.28,0.42,2.2,64.4,2.7,5.09,7.58,0.0
Tokyo,JP,35.6762,139.6503,2026-06-08,05,2026-06-08T05:00:00+00:00,2,138.19,2.58,14.08,74.07,8.01,6.52,13.29,0.2
Antananarivo,MG,-18.8792,47.5079,2026-06-08,06,2026-06-08T06:00:00+00:00,1,177.7,0.2,1.07,21.58,0.25,3.91,6.18,0.57
Cairo,EG,30.0444,31.2357,2026-06-08,06,2026-06-08T06:00:00+00:00,3,125.2,2.13,7.25,62.32,10.8,18.79,61.07,26.13
New York,US,40.7128,-74.006,2026-06-08,06,2026-06-08T06:00:00+00:00,1,128.03,0.0,6.34,47.67,1.44,0.79,1.29,0.34
Paris,FR,48.8566,2.3522,2026-06-08,06,2026-06-08T06:00:00+00:00,1,84.31,0.45,4.24,11.78,0.08,2.51,5.0,1.66
Sydney,AU,-33.8688,151.2093,2026-06-08,06,2026-06-08T06:00:00+00:00,2,81.38,0.26,2.74,64.25,2.74,4.97,7.56,0.0
Tokyo,JP,35.6762,139.6503,2026-06-08,06,2026-06-08T06:00:00+00:00,2,141.57,2.21,15.78,74.01,8.9,7.11,14.08,0.24
Antananarivo,MG,-18.8792,47.5079,2026-06-08,07,2026-06-08T07:00:00+00:00,1,112.36,0.05,0.38,36.9,0.18,1.58,2.64,0.39
Cairo,EG,30.0444,31.2357,2026-06-08,07,2026-06-08T07:00:00+00:00,3,120.65,1.75,5.05,77.23,13.54,20.54,70.9,20.53
New York,US,40.7128,-74.006,2026-06-08,07,2026-06-08T07:00:00+00:00,1,126.04,0.0,6.66,40.78,1.54,0.91,1.48,0.33
Paris,FR,48.8566,2.3522,2026-06-08,07,2026-06-08T07:00:00+00:00,1,87.41,0.72,3.98,20.5,0.12,2.45,4.95,2.01
Sydney,AU,-33.8688,151.2093,2026-06-08,07,2026-06-08T07:00:00+00:00,1,83.82,0.05,3.7,57.11,2.24,5.11,7.95,0.03
Tokyo,JP,35.6762,139.6503,2026-06-08,07,2026-06-08T07:00:00+00:00,2,145.13,1.57,18.47,71.41,9.45,7.52,14.28,0.31
Antananarivo,MG,-18.8792,47.5079,2026-06-08,08,2026-06-08T08:00:00+00:00,1,100.51,0.03,0.23,41.13,0.16,1.4,2.29,0.37
Cairo,EG,30.0444,31.2357,2026-06-08,08,2026-06-08T08:00:00+00:00,3,117.97,1.15,3.57,93.34,13.89,23.63,76.31,18.14
New York,US,40.7128,-74.006,2026-06-08,08,2026-06-08T08:00:00+00:00,1,127.55,0.0,6.79,39.82,1.62,1.17,1.89,0.32
Paris,FR,48.8566,2.3522,2026-06-08,08,2026-06-08T08:00:00+00:00,1,89.25,1.01,3.51,25.75,0.14,2.39,4.64,2.05
Sydney,AU,-33.8688,151.2093,2026-06-08,08,2026-06-08T08:00:00+00:00,1,89.16,0.0,4.69,48.21,1.8,5.54,8.71,0.06
Tokyo,JP,35.6762,139.6503,2026-06-08,08,2026-06-08T08:00:00+00:00,2,148.22,0.87,21.31,68.02,9.65,7.96,14.23,0.36
Antananarivo,MG,-18.8792,47.5079,2026-06-08,09,2026-06-08T09:00:00+00:00,1,96.07,0.02,0.18,42.74,0.14,1.35,2.13,0.37
Cairo,EG,30.0444,31.2357,2026-06-08,09,2026-06-08T09:00:00+00:00,3,116.85,0.62,2.34,112.29,13.31,27.64,81.01,16.68
New York,US,40.7128,-74.006,2026-06-08,09,2026-06-08T09:00:00+00:00,1,130.9,0.0,6.21,43.35,1.5,1.48,2.5,0.27
Paris,FR,48.8566,2.3522,2026-06-08,09,2026-06-08T09:00:00+00:00,1,90.44,1.15,3.01,29.44,0.14,2.38,4.41,2.08
Sydney,AU,-33.8688,151.2093,2026-06-08,09,2026-06-08T09:00:00+00:00,1,95.83,0.0,5.75,41.82,1.79,6.27,9.89,0.07
Tokyo,JP,35.6762,139.6503,2026-06-08,09,2026-06-08T09:00:00+00:00,2,149.83,0.27,22.91,65.97,9.89,8.59,14.51,0.35
Antananarivo,MG,-18.8792,47.5079,2026-06-08,10,2026-06-08T10:00:00+00:00,1,94.07,0.02,0.15,44.7,0.13,1.29,1.93,0.36
Cairo,EG,30.0444,31.2357,2026-06-08,10,2026-06-08T10:00:00+00:00,3,104.16,0.26,1.12,125.03,9.54,22.42,61.59,9.67
New York,US,40.7128,-74.006,2026-06-08,10,2026-06-08T10:00:00+00:00,1,131.22,0.0,4.96,45.69,1.15,1.73,2.92,0.18
Paris,FR,48.8566,2.3522,2026-06-08,10,2026-06-08T10:00:00+00:00,1,93.49,0.63,2.19,45.44,0.15,2.42,4.7,2.29
Sydney,AU,-33.8688,151.2093,2026-06-08,10,2026-06-08T10:00:00+00:00,1,101.18,0.01,6.65,36.96,1.93,6.97,10.99,0.09
Tokyo,JP,35.6762,139.6503,2026-06-08,10,2026-06-08T10:00:00+00:00,2,149.51,0.01,22.03,65.5,10.14,9.35,14.98,0.29
Antananarivo,MG,-18.8792,47.5079,2026-06-08,11,2026-06-08T11:00:00+00:00,1,94.03,0.03,0.15,45.34,0.14,1.39,2.0,0.36
Cairo,EG,30.0444,31.2357,2026-06-08,11,2026-06-08T11:00:00+00:00,3,96.85,0.16,0.74,126.27,6.97,18.24,48.58,6.63
New York,US,40.7128,-74.006,2026-06-08,11,2026-06-08T11:00:00+00:00,1,129.68,0.13,4.24,46.86,0.92,1.88,3.19,0.13
Paris,FR,48.8566,2.3522,2026-06-08,11,2026-06-08T11:00:00+00:00,1,95.14,0.41,1.55,55.22,0.19,2.84,5.74,2.58
Sydney,AU,-33.8688,151.2093,2026-06-08,11,2026-06-08T11:00:00+00:00,1,106.23,0.01,7.34,33.3,2.01,7.57,11.82,0.09
Tokyo,JP,35.6762,139.6503,2026-06-08,11,2026-06-08T11:00:00+00:00,2,147.16,0.0,18.61,66.92,9.86,10.16,15.76,0.17
Antananarivo,MG,-18.8792,47.5079,2026-06-08,12,2026-06-08T12:00:00+00:00,1,94.55,0.03,0.16,45.25,0.14,1.58,2.22,0.36
Cairo,EG,30.0444,31.2357,2026-06-08,12,2026-06-08T12:00:00+00:00,3,94.43,0.14,0.65,127.5,6.33,17.18,44.69,5.78
New York,US,40.7128,-74.006,2026-06-08,12,2026-06-08T12:00:00+00:00,1,127.31,0.54,3.2,50.2,0.78,1.86,3.16,0.1
Paris,FR,48.8566,2.3522,2026-06-08,12,2026-06-08T12:00:00+00:00,2,96.33,0.27,1.15,63.27,0.26,3.56,7.14,2.61
Sydney,AU,-33.8688,151.2093,2026-06-08,12,2026-06-08T12:00:00+00:00,1,110.09,0.01,7.83,30.12,2.0,8.08,12.36,0.08
Tokyo,JP,35.6762,139.6503,2026-06-08,12,2026-06-08T12:00:00+00:00,2,141.96,0.0,14.03,72.08,8.92,10.92,16.8,0.1
Antananarivo,MG,-18.8792,47.5079,2026-06-08,13,2026-06-08T13:00:00+00:00,1,98.34,0.04,0.23,43.67,0.17,1.89,2.7,0.43
Cairo,EG,30.0444,31.2357,2026-06-08,13,2026-06-08T13:00:00+00:00,3,93.17,0.12,0.6,123.69,5.39,16.68,49.02,4.65
New York,US,40.7128,-74.006,2026-06-08,13,2026-06-08T13:00:00+00:00,1,122.42,0.69,2.26,55.69,0.69,1.77,2.98,0.08
Paris,FR,48.8566,2.3522,2026-06-08,13,2026-06-08T13:00:00+00:00,2,96.97,0.11,0.67,76.39,0.32,3.14,6.68,1.83
Sydney,AU,-33.8688,151.2093,2026-06-08,13,2026-06-08T13:00:00+00:00,1,112.47,0.02,8.27,27.12,1.99,8.3,12.34,0.07
Tokyo,JP,35.6762,139.6503,2026-06-08,13,2026-06-08T13:00:00+00:00,2,132.63,0.0,7.92,83.86,7.32,11.45,17.55,0.0
Antananarivo,MG,-18.8792,47.5079,2026-06-08,14,2026-06-08T14:00:00+00:00,1,106.54,0.03,0.42,41.59,0.2,2.3,3.38,0.56
Cairo,EG,30.0444,31.2357,2026-06-08,14,2026-06-08T14:00:00+00:00,3,91.29,0.1,0.62,117.91,4.61,16.73,55.75,3.84
New York,US,40.7128,-74.006,2026-06-08,14,2026-06-08T14:00:00+00:00,2,117.05,0.54,1.61,62.99,0.63,1.77,2.86,0.07
Paris,FR,48.8566,2.3522,2026-06-08,14,2026-06-08T14:00:00+00:00,2,96.1,0.07,0.51,81.38,0.33,2.29,5.15,1.35
Sydney,AU,-33.8688,151.2093,2026-06-08,14,2026-06-08T14:00:00+00:00,1,114.09,0.02,8.78,24.33,2.04,8.64,12.43,0.06
Tokyo,JP,35.6762,139.6503,2026-06-08,14,2026-06-08T14:00:00+00:00,2,126.65,0.0,4.63,92.08,5.48,11.35,17.74,0.0
Antananarivo,MG,-18.8792,47.5079,2026-06-08,15,2026-06-08T15:00:00+00:00,1,115.46,0.0,0.68,39.95,0.23,2.69,3.98,0.67
Cairo,EG,30.0444,31.2357,2026-06-08,15,2026-06-08T15:00:00+00:00,3,91.18,0.09,0.77,116.9,4.53,16.97,57.98,3.72
New York,US,40.7128,-74.006,2026-06-08,15,2026-06-08T15:00:00+00:00,2,112.16,0.35,1.12,71.09,0.6,1.9,2.87,0.05
Paris,FR,48.8566,2.3522,2026-06-08,15,2026-06-08T15:00:00+00:00,2,95.22,0.07,0.55,82.92,0.36,1.9,4.5,1.25
Sydney,AU,-33.8688,151.2093,2026-06-08,15,2026-06-08T15:00:00+00:00,1,114.31,0.01,9.04,22.04,2.05,8.95,12.47,0.05
Tokyo,JP,35.6762,139.6503,2026-06-08,15,2026-06-08T15:00:00+00:00,2,121.78,0.0,2.8,97.78,4.01,10.81,17.62,0.0
Antananarivo,MG,-18.8792,47.5079,2026-06-08,16,2026-06-08T16:00:00+00:00,1,125.09,0.0,0.86,38.61,0.26,3.1,4.6,0.75
Cairo,EG,30.0444,31.2357,2026-06-08,16,2026-06-08T16:00:00+00:00,3,94.28,0.09,1.88,118.29,5.38,17.69,58.26,6.0
New York,US,40.7128,-74.006,2026-06-08,16,2026-06-08T16:00:00+00:00,2,109.08,0.22,0.77,79.27,0.52,1.98,2.78,0.04
Paris,FR,48.8566,2.3522,2026-06-08,16,2026-06-08T16:00:00+00:00,2,95.11,0.07,0.62,83.36,0.38,1.67,4.17,1.22
Sydney,AU,-33.8688,151.2093,2026-06-08,16,2026-06-08T16:00:00+00:00,1,112.56,0.01,9.0,20.48,2.02,9.4,12.56,0.04
Tokyo,JP,35.6762,139.6503,2026-06-08,16,2026-06-08T16:00:00+00:00,2,116.01,0.0,1.7,98.81,2.59,8.89,13.76,0.0
Antananarivo,MG,-18.8792,47.5079,2026-06-08,17,2026-06-08T17:00:00+00:00,1,133.91,0.0,0.94,37.98,0.27,3.38,5.0,0.7
Cairo,EG,30.0444,31.2357,2026-06-08,17,2026-06-08T17:00:00+00:00,3,99.6,0.02,3.93,117.74,6.61,18.52,57.91,9.71
New York,US,40.7128,-74.006,2026-06-08,17,2026-06-08T17:00:00+00:00,2,106.24,0.16,0.6,83.88,0.45,1.91,2.59,0.03
Paris,FR,48.8566,2.3522,2026-06-08,17,2026-06-08T17:00:00+00:00,2,95.05,0.05,0.72,82.39,0.38,1.4,3.56,1.18
Sydney,AU,-33.8688,151.2093,2026-06-08,17,2026-06-08T17:00:00+00:00,1,110.04,0.01,8.69,19.72,1.91,9.6,12.24,0.04
Tokyo,JP,35.6762,139.6503,2026-06-08,17,2026-06-08T17:00:00+00:00,2,111.17,0.0,1.26,95.13,1.64,6.72,9.23,0.0
Antananarivo,MG,-18.8792,47.5079,2026-06-08,18,2026-06-08T18:00:00+00:00,1,137.23,0.0,0.94,38.24,0.25,3.31,4.86,0.55
Cairo,EG,30.0444,31.2357,2026-06-08,18,2026-06-08T18:00:00+00:00,3,103.68,0.0,5.24,112.82,6.95,18.71,58.67,12.34
New York,US,40.7128,-74.006,2026-06-08,18,2026-06-08T18:00:00+00:00,2,104.42,0.15,0.56,85.52,0.43,1.88,2.51,0.03
Paris,FR,48.8566,2.3522,2026-06-08,18,2026-06-08T18:00:00+00:00,2,95.17,0.03,0.82,81.12,0.34,1.13,2.81,1.12
Sydney,AU,-33.8688,151.2093,2026-06-08,18,2026-06-08T18:00:00+00:00,1,106.78,0.01,8.31,19.58,1.76,9.43,11.56,0.05
Tokyo,JP,35.6762,139.6503,2026-06-08,18,2026-06-08T18:00:00+00:00,2,107.75,0.0,1.13,89.31,1.26,5.09,6.43,0.01
Antananarivo,MG,-18.8792,47.5079,2026-06-08,19,2026-06-08T19:00:00+00:00,1,132.63,0.0,0.85,39.15,0.22,2.83,4.19,0.43
Cairo,EG,30.0444,31.2357,2026-06-08,19,2026-06-08T19:00:00+00:00,3,104.75,0.0,5.76,105.29,6.28,18.52,60.79,13.54
New York,US,40.7128,-74.006,2026-06-08,19,2026-06-08T19:00:00+00:00,2,103.76,0.14,0.57,86.44,0.43,1.84,2.46,0.03
Paris,FR,48.8566,2.3522,2026-06-08,19,2026-06-08T19:00:00+00:00,2,95.56,0.01,0.93,79.45,0.29,0.95,2.13,1.04
Sydney,AU,-33.8688,151.2093,2026-06-08,19,2026-06-08T19:00:00+00:00,1,103.54,0.01,7.92,19.59,1.57,9.12,10.79,0.05
Tokyo,JP,35.6762,139.6503,2026-06-08,19,2026-06-08T19:00:00+00:00,2,105.81,0.0,1.19,82.97,1.14,3.91,4.76,0.01
Antananarivo,MG,-18.8792,47.5079,2026-06-08,20,2026-06-08T20:00:00+00:00,1,126.91,0.0,0.78,40.2,0.19,2.4,3.62,0.4
Cairo,EG,30.0444,31.2357,2026-06-08,20,2026-06-08T20:00:00+00:00,3,106.11,0.0,5.59,100.15,5.77,19.16,65.15,13.39
New York,US,40.7128,-74.006,2026-06-08,20,2026-06-08T20:00:00+00:00,2,103.73,0.16,0.64,86.34,0.43,1.79,2.42,0.03
Paris,FR,48.8566,2.3522,2026-06-08,20,2026-06-08T20:00:00+00:00,2,96.66,0.0,1.03,77.61,0.24,0.94,1.75,0.96
Sydney,AU,-33.8688,151.2093,2026-06-08,20,2026-06-08T20:00:00+00:00,1,101.62,0.02,7.7,18.75,1.44,9.03,10.45,0.05
Tokyo,JP,35.6762,139.6503,2026-06-08,20,2026-06-08T20:00:00+00:00,2,105.89,0.0,1.64,76.59,1.23,3.34,3.97,0.02
Antananarivo,MG,-18.8792,47.5079,2026-06-08,21,2026-06-08T21:00:00+00:00,1,117.26,0.0,0.68,41.59,0.16,1.89,2.82,0.34
Cairo,EG,30.0444,31.2357,2026-06-08,21,2026-06-08T21:00:00+00:00,3,111.84,0.0,5.99,98.28,8.28,20.47,67.12,13.2
New York,US,40.7128,-74.006,2026-06-08,21,2026-06-08T21:00:00+00:00,2,104.35,0.17,0.77,85.69,0.41,1.61,2.23,0.04
Paris,FR,48.8566,2.3522,2026-06-08,21,2026-06-08T21:00:00+00:00,2,97.86,0.0,1.09,75.2,0.19,1.0,1.57,0.9
Sydney,AU,-33.8688,151.2093,2026-06-08,21,2026-06-08T21:00:00+00:00,1,102.41,0.07,7.76,17.86,1.43,8.99,10.33,0.08
Tokyo,JP,35.6762,139.6503,2026-06-08,21,2026-06-08T21:00:00+00:00,2,108.89,0.01,2.77,69.42,1.44,3.29,3.8,0.03
Antananarivo,MG,-18.8792,47.5079,2026-06-08,22,2026-06-08T22:00:00+00:00,1,107.26,0.0,0.58,43.08,0.15,1.56,2.29,0.33
Cairo,EG,30.0444,31.2357,2026-06-08,22,2026-06-08T22:00:00+00:00,3,121.52,0.0,7.35,96.22,14.23,20.21,60.86,14.34
New York,US,40.7128,-74.006,2026-06-08,22,2026-06-08T22:00:00+00:00,2,106.58,0.23,1.19,83.29,0.45,1.57,2.23,0.06
Paris,FR,48.8566,2.3522,2026-06-08,22,2026-06-08T22:00:00+00:00,2,97.06,0.0,1.09,71.61,0.17,1.06,1.46,0.84
Sydney,AU,-33.8688,151.2093,2026-06-08,22,2026-06-08T22:00:00+00:00,1,106.01,0.25,8.21,16.42,1.47,9.06,10.46,0.11
Tokyo,JP,35.6762,139.6503,2026-06-08,22,2026-06-08T22:00:00+00:00,2,114.47,0.1,4.66,61.87,1.78,3.63,4.12,0.06
Antananarivo,MG,-18.8792,47.5079,2026-06-08,23,2026-06-08T23:00:00+00:00,1,101.81,0.0,0.52,43.53,0.14,1.46,2.11,0.31
Cairo,EG,30.0444,31.2357,2026-06-08,23,2026-06-08T23:00:00+00:00,3,129.79,0.0,8.87,91.09,18.17,19.62,54.76,17.5
New York,US,40.7128,-74.006,2026-06-08,23,2026-06-08T23:00:00+00:00,2,109.44,0.23,1.77,79.67,0.54,1.69,2.47,0.08
Paris,FR,48.8566,2.3522,2026-06-08,23,2026-06-08T23:00:00+00:00,2,97.8,0.0,1.08,68.46,0.15,1.13,1.42,0.81
Sydney,AU,-33.8688,151.2093,2026-06-08,23,2026-06-08T23:00:00+00:00,1,110.35,1.2,7.53,16.62,1.57,9.21,10.82,0.09
Tokyo,JP,35.6762,139.6503,2026-06-08,23,2026-06-08T23:00:00+00:00,1,121.34,0.37,6.52,56.1,2.2,4.16,4.7,0.09
Antananarivo,MG,-18.8792,47.5079,2026-06-09,00,2026-06-09T00:00:00+00:00,1,98.34,0.0,0.48,43.65,0.13,1.41,2.02,0.28
Cairo,EG,30.0444,31.2357,2026-06-09,00,2026-06-09T00:00:00+00:00,3,132.94,0.0,9.2,85.91,18.95,19.51,53.33,19.55
New York,US,40.7128,-74.006,2026-06-09,00,2026-06-09T00:00:00+00:00,2,110.85,0.09,2.22,76.72,0.57,1.67,2.52,0.09
Paris,FR,48.8566,2.3522,2026-06-09,00,2026-06-09T00:00:00+00:00,2,98.81,0.0,1.03,65.93,0.14,1.15,1.44,0.77
Sydney,AU,-33.8688,151.2093,2026-06-09,00,2026-06-09T00:00:00+00:00,1,113.16,2.23,6.57,18.33,1.92,9.32,11.18,0.05
Tokyo,JP,35.6762,139.6503,2026-06-09,00,2026-06-09T00:00:00+00:00,1,127.29,0.79,7.37,55.17,2.63,4.67,5.23,0.11
Antananarivo,MG,-18.8792,47.5079,2026-06-09,01,2026-06-09T01:00:00+00:00,1,95.2,0.0,0.45,43.78,0.12,1.32,1.87,0.25
Cairo,EG,30.0444,31.2357,2026-06-09,01,2026-06-09T01:00:00+00:00,3,130.58,0.0,8.78,80.43,17.5,19.57,53.27,20.65
New York,US,40.7128,-74.006,2026-06-09,01,2026-06-09T01:00:00+00:00,2,111.82,0.0,2.81,69.04,0.53,1.64,2.56,0.13
Paris,FR,48.8566,2.3522,2026-06-09,01,2026-06-09T01:00:00+00:00,2,99.36,0.0,0.95,63.9,0.16,1.14,1.58,0.75
Sydney,AU,-33.8688,151.2093,2026-06-09,01,2026-06-09T01:00:00+00:00,1,86.01,0.95,5.36,41.87,3.87,5.72,7.2,0.0
Tokyo,JP,35.6762,139.6503,2026-06-09,01,2026-06-09T01:00:00+00:00,1,130.64,0.8,7.54,59.72,3.24,5.24,5.88,0.12
Antananarivo,MG,-18.8792,47.5079,2026-06-09,02,2026-06-09T02:00:00+00:00,1,92.24,0.0,0.41,44.35,0.11,1.2,1.73,0.22
Cairo,EG,30.0444,31.2357,2026-06-09,02,2026-06-09T02:00:00+00:00,3,129.2,0.0,8.59,75.55,15.36,20.08,54.08,22.07
New York,US,40.7128,-74.006,2026-06-09,02,2026-06-09T02:00:00+00:00,1,114.83,0.0,3.6,59.83,0.48,1.7,2.72,0.17
Paris,FR,48.8566,2.3522,2026-06-09,02,2026-06-09T02:00:00+00:00,2,100.65,0.0,0.88,63.24,0.18,1.16,1.86,0.76
Sydney,AU,-33.8688,151.2093,2026-06-09,02,2026-06-09T02:00:00+00:00,1,81.37,1.07,4.45,46.22,3.7,5.11,6.57,0.0
Tokyo,JP,35.6762,139.6503,2026-06-09,02,2026-06-09T02:00:00+00:00,2,133.14,0.72,7.88,66.02,4.26,6.02,6.78,0.12
Antananarivo,MG,-18.8792,47.5079,2026-06-09,03,2026-06-09T03:00:00+00:00,1,89.44,0.0,0.37,45.8,0.12,1.09,1.6,0.2
Cairo,EG,30.0444,31.2357,2026-06-09,03,2026-06-09T03:00:00+00:00,3,127.8,0.0,8.41,71.53,13.08,20.66,55.53,23.42
New York,US,40.7128,-74.006,2026-06-09,03,2026-06-09T03:00:00+00:00,1,117.38,0.0,4.31,52.61,0.45,1.73,2.8,0.19
Paris,FR,48.8566,2.3522,2026-06-09,03,2026-06-09T03:00:00+00:00,2,102.12,0.0,0.83,63.61,0.21,1.2,2.26,0.78
Sydney,AU,-33.8688,151.2093,2026-06-09,03,2026-06-09T03:00:00+00:00,1,80.23,1.21,4.38,48.82,3.96,5.32,6.92,0.0
Tokyo,JP,35.6762,139.6503,2026-06-09,03,2026-06-09T03:00:00+00:00,2,137.9,0.81,9.44,70.97,5.67,7.28,8.19,0.1
Antananarivo,MG,-18.8792,47.5079,2026-06-09,04,2026-06-09T04:00:00+00:00,1,88.82,0.0,0.37,47.38,0.14,1.04,1.63,0.23
Cairo,EG,30.0444,31.2357,2026-06-09,04,2026-06-09T04:00:00+00:00,3,124.15,0.06,8.52,67.72,11.14,20.94,56.86,24.14
New York,US,40.7128,-74.006,2026-06-09,04,2026-06-09T04:00:00+00:00,1,116.9,0.0,4.53,47.48,0.42,1.68,2.76,0.18
Paris,FR,48.8566,2.3522,2026-06-09,04,2026-06-09T04:00:00+00:00,2,101.44,0.0,0.81,64.08,0.26,1.22,2.71,0.77
Sydney,AU,-33.8688,151.2093,2026-06-09,04,2026-06-09T04:00:00+00:00,1,79.26,1.02,4.03,53.1,3.69,5.03,6.63,0.0
Tokyo,JP,35.6762,139.6503,2026-06-09,04,2026-06-09T04:00:00+00:00,2,144.17,1.04,12.01,74.21,6.85,8.71,9.59,0.08
Antananarivo,MG,-18.8792,47.5079,2026-06-09,05,2026-06-09T05:00:00+00:00,1,89.79,0.03,0.36,48.0,0.16,0.99,1.68,0.29
Cairo,EG,30.0444,31.2357,2026-06-09,05,2026-06-09T05:00:00+00:00,3,121.93,0.8,8.06,67.73,10.69,21.31,59.45,24.62
New York,US,40.7128,-74.006,2026-06-09,05,2026-06-09T05:00:00+00:00,1,114.29,0.0,4.03,45.44,0.4,1.61,2.71,0.14
Paris,FR,48.8566,2.3522,2026-06-09,05,2026-06-09T05:00:00+00:00,2,101.75,0.0,1.01,65.29,0.32,1.26,3.19,0.74
Sydney,AU,-33.8688,151.2093,2026-06-09,05,2026-06-09T05:00:00+00:00,1,78.63,0.78,4.34,55.13,3.62,4.87,6.5,0.0
Tokyo,JP,35.6762,139.6503,2026-06-09,05,2026-06-09T05:00:00+00:00,2,151.76,1.34,14.79,75.83,7.56,10.08,10.86,0.11
Antananarivo,MG,-18.8792,47.5079,2026-06-09,06,2026-06-09T06:00:00+00:00,1,88.62,0.04,0.28,48.64,0.17,0.88,1.53,0.34
Cairo,EG,30.0444,31.2357,2026-06-09,06,2026-06-09T06:00:00+00:00,3,121.02,1.63,6.84,71.99,11.25,21.95,63.4,24.39
New York,US,40.7128,-74.006,2026-06-09,06,2026-06-09T06:00:00+00:00,1,110.48,0.0,3.34,44.64,0.39,1.53,2.69,0.1
Paris,FR,48.8566,2.3522,2026-06-09,06,2026-06-09T06:00:00+00:00,2,102.14,0.05,1.38,66.02,0.37,1.3,3.59,0.74
Sydney,AU,-33.8688,151.2093,2026-06-09,06,2026-06-09T06:00:00+00:00,1,80.36,0.49,5.88,54.9,4.11,5.18,7.03,0.0
Tokyo,JP,35.6762,139.6503,2026-06-09,06,2026-06-09T06:00:00+00:00,2,158.87,1.67,17.41,76.59,8.19,11.29,12.03,0.15
Antananarivo,MG,-18.8792,47.5079,2026-06-09,07,2026-06-09T07:00:00+00:00,1,79.91,0.03,0.15,50.31,0.11,0.58,0.96,0.23
Cairo,EG,30.0444,31.2357,2026-06-09,07,2026-06-09T07:00:00+00:00,3,119.57,1.53,5.17,84.48,12.26,23.52,69.9,21.89
New York,US,40.7128,-74.006,2026-06-09,07,2026-06-09T07:00:00+00:00,1,107.42,0.0,2.87,43.93,0.39,1.47,2.7,0.08
Paris,FR,48.8566,2.3522,2026-06-09,07,2026-06-09T07:00:00+00:00,2,101.86,0.12,1.52,66.93,0.41,1.31,3.8,0.81
Sydney,AU,-33.8688,151.2093,2026-06-09,07,2026-06-09T07:00:00+00:00,1,84.61,0.09,7.68,47.33,3.52,5.54,7.64,0.0
Tokyo,JP,35.6762,139.6503,2026-06-09,07,2026-06-09T07:00:00+00:00,2,163.83,1.35,20.0,76.5,8.63,12.12,12.83,0.17
Antananarivo,MG,-18.8792,47.5079,2026-06-09,08,2026-06-09T08:00:00+00:00,1,76.91,0.02,0.1,49.94,0.09,0.54,0.81,0.21
Cairo,EG,30.0444,31.2357,2026-06-09,08,2026-06-09T08:00:00+00:00,3,117.83,0.98,3.58,102.54,12.28,26.82,75.02,20.07
New York,US,40.7128,-74.006,2026-06-09,08,2026-06-09T08:00:00+00:00,1,105.78,0.0,2.63,43.18,0.39,1.43,2.73,0.07
Paris,FR,48.8566,2.3522,2026-06-09,08,2026-06-09T08:00:00+00:00,2,101.07,0.16,1.39,69.26,0.42,1.24,3.68,0.95
Sydney,AU,-33.8688,151.2093,2026-06-09,08,2026-06-09T08:00:00+00:00,1,90.03,0.0,8.19,39.29,2.6,5.84,8.12,0.02
Tokyo,JP,35.6762,139.6503,2026-06-09,08,2026-06-09T08:00:00+00:00,2,164.77,0.72,20.96,77.24,8.21,12.15,12.89,0.14
Antananarivo,MG,-18.8792,47.5079,2026-06-09,09,2026-06-09T09:00:00+00:00,1,75.15,0.02,0.08,49.29,0.09,0.51,0.77,0.19
Cairo,EG,30.0444,31.2357,2026-06-09,09,2026-06-09T09:00:00+00:00,3,117.12,0.53,2.38,123.79,11.92,30.82,80.21,18.59
New York,US,40.7128,-74.006,2026-06-09,09,2026-06-09T09:00:00+00:00,1,105.35,0.0,2.62,42.43,0.41,1.41,2.77,0.07
Paris,FR,48.8566,2.3522,2026-06-09,09,2026-06-09T09:00:00+00:00,2,99.74,0.14,1.13,72.6,0.4,1.13,3.32,1.03
Sydney,AU,-33.8688,151.2093,2026-06-09,09,2026-06-09T09:00:00+00:00,1,95.67,0.01,8.43,33.91,2.3,6.14,8.58,0.06
Tokyo,JP,35.6762,139.6503,2026-06-09,09,2026-06-09T09:00:00+00:00,2,161.14,0.2,19.43,79.86,6.96,11.33,12.03,0.08
Antananarivo,MG,-18.8792,47.5079,2026-06-09,10,2026-06-09T10:00:00+00:00,1,74.06,0.01,0.07,49.19,0.08,0.51,0.77,0.18
Cairo,EG,30.0444,31.2357,2026-06-09,10,2026-06-09T10:00:00+00:00,3,101.42,0.19,0.95,129.96,8.78,26.9,77.45,8.0
New York,US,40.7128,-74.006,2026-06-09,10,2026-06-09T10:00:00+00:00,1,105.69,0.0,2.95,40.71,0.44,1.4,2.83,0.08
Paris,FR,48.8566,2.3522,2026-06-09,10,2026-06-09T10:00:00+00:00,2,99.49,0.08,0.76,78.93,0.3,0.79,2.21,0.78
Sydney,AU,-33.8688,151.2093,2026-06-09,10,2026-06-09T10:00:00+00:00,1,99.71,0.02,8.68,29.42,2.28,6.47,9.11,0.08
Tokyo,JP,35.6762,139.6503,2026-06-09,10,2026-06-09T10:00:00+00:00,2,147.88,0.01,11.93,87.23,4.82,9.23,9.81,0.05
Antananarivo,MG,-18.8792,47.5079,2026-06-09,11,2026-06-09T11:00:00+00:00,1,72.57,0.01,0.07,49.07,0.08,0.52,0.8,0.18
Cairo,EG,30.0444,31.2357,2026-06-09,11,2026-06-09T11:00:00+00:00,3,94.4,0.13,0.63,122.89,6.18,24.43,77.33,4.94
New York,US,40.7128,-74.006,2026-06-09,11,2026-06-09T11:00:00+00:00,1,111.61,0.25,4.0,39.44,0.54,1.42,3.01,0.14
Paris,FR,48.8566,2.3522,2026-06-09,11,2026-06-09T11:00:00+00:00,2,98.31,0.07,0.57,79.57,0.21,0.58,1.52,0.65
Sydney,AU,-33.8688,151.2093,2026-06-09,11,2026-06-09T11:00:00+00:00,1,104.07,0.02,9.04,25.78,2.32,6.94,9.79,0.08
Tokyo,JP,35.6762,139.6503,2026-06-09,11,2026-06-09T11:00:00+00:00,2,139.66,0.0,6.5,92.92,3.38,7.49,8.05,0.06
Antananarivo,MG,-18.8792,47.5079,2026-06-09,12,2026-06-09T12:00:00+00:00,1,71.5,0.01,0.07,48.88,0.07,0.52,0.85,0.18
Cairo,EG,30.0444,31.2357,2026-06-09,12,2026-06-09T12:00:00+00:00,3,92.46,0.12,0.61,121.47,5.53,24.34,78.89,4.43
New York,US,40.7128,-74.006,2026-06-09,12,2026-06-09T12:00:00+00:00,1,120.53,1.03,4.59,44.13,0.79,1.43,3.19,0.22
Paris,FR,48.8566,2.3522,2026-06-09,12,2026-06-09T12:00:00+00:00,2,97.22,0.07,0.53,78.34,0.19,0.52,1.24,0.67
Sydney,AU,-33.8688,151.2093,2026-06-09,12,2026-06-09T12:00:00+00:00,1,107.61,0.02,9.2,22.96,2.35,7.39,10.29,0.07
Tokyo,JP,35.6762,139.6503,2026-06-09,12,2026-06-09T12:00:00+00:00,2,135.37,0.0,4.46,93.92,2.54,6.26,6.86,0.1
Antananarivo,MG,-18.8792,47.5079,2026-06-09,13,2026-06-09T13:00:00+00:00,1,74.35,0.02,0.13,47.65,0.09,0.66,1.15,0.28
Cairo,EG,30.0444,31.2357,2026-06-09,13,2026-06-09T13:00:00+00:00,3,92.75,0.12,0.65,124.19,5.34,24.66,80.04,4.33
New York,US,40.7128,-74.006,2026-06-09,13,2026-06-09T13:00:00+00:00,2,117.0,0.92,3.08,63.15,1.25,1.25,2.98,0.19
Paris,FR,48.8566,2.3522,2026-06-09,13,2026-06-09T13:00:00+00:00,2,97.37,0.06,0.57,77.39,0.18,0.5,1.04,0.73
Sydney,AU,-33.8688,151.2093,2026-06-09,13,2026-06-09T13:00:00+00:00,1,108.84,0.03,9.17,20.82,2.38,7.57,10.33,0.07
Tokyo,JP,35.6762,139.6503,2026-06-09,13,2026-06-09T13:00:00+00:00,2,132.13,0.0,3.54,92.31,2.08,5.28,5.91,0.13
Antananarivo,MG,-18.8792,47.5079,2026-06-09,14,2026-06-09T14:00:00+00:00,1,80.05,0.02,0.25,45.43,0.13,0.89,1.64,0.44
Cairo,EG,30.0444,31.2357,2026-06-09,14,2026-06-09T14:00:00+00:00,3,92.49,0.11,0.72,124.6,5.03,24.32,79.5,4.22
New York,US,40.7128,-74.006,2026-06-09,14,2026-06-09T14:00:00+00:00,2,116.46,0.91,2.65,67.46,1.32,1.31,3.05,0.2
Paris,FR,48.8566,2.3522,2026-06-09,14,2026-06-09T14:00:00+00:00,2,97.21,0.06,0.63,76.18,0.18,0.5,0.87,0.78
Sydney,AU,-33.8688,151.2093,2026-06-09,14,2026-06-09T14:00:00+00:00,1,108.58,0.02,8.94,19.44,2.35,7.57,10.03,0.05
Tokyo,JP,35.6762,139.6503,2026-06-09,14,2026-06-09T14:00:00+00:00,2,130.18,0.0,3.14,89.31,1.96,4.69,5.32,0.16
Antananarivo,MG,-18.8792,47.5079,2026-06-09,15,2026-06-09T15:00:00+00:00,1,85.46,0.0,0.41,43.87,0.16,1.13,2.11,0.52
Cairo,EG,30.0444,31.2357,2026-06-09,15,2026-06-09T15:00:00+00:00,3,91.72,0.09,0.88,122.01,4.47,23.44,78.96,4.04
New York,US,40.7128,-74.006,2026-06-09,15,2026-06-09T15:00:00+00:00,2,115.38,0.7,2.12,73.74,1.33,1.54,3.25,0.2
Paris,FR,48.8566,2.3522,2026-06-09,15,2026-06-09T15:00:00+00:00,2,97.05,0.06,0.72,75.43,0.17,0.5,0.77,0.83
Sydney,AU,-33.8688,151.2093,2026-06-09,15,2026-06-09T15:00:00+00:00,1,106.75,0.01,8.49,18.31,2.25,7.47,9.64,0.05
Tokyo,JP,35.6762,139.6503,2026-06-09,15,2026-06-09T15:00:00+00:00,2,129.12,0.0,2.97,86.31,1.98,4.33,4.98,0.2
Antananarivo,MG,-18.8792,47.5079,2026-06-09,16,2026-06-09T16:00:00+00:00,1,93.97,0.0,0.57,41.92,0.19,1.55,2.86,0.57
Cairo,EG,30.0444,31.2357,2026-06-09,16,2026-06-09T16:00:00+00:00,3,92.37,0.07,1.55,117.04,4.03,22.54,79.49,4.7
New York,US,40.7128,-74.006,2026-06-09,16,2026-06-09T16:00:00+00:00,2,109.49,0.31,1.16,88.5,0.89,1.34,2.57,0.16
Paris,FR,48.8566,2.3522,2026-06-09,16,2026-06-09T16:00:00+00:00,2,97.8,0.06,0.87,74.92,0.16,0.5,0.68,0.9
Sydney,AU,-33.8688,151.2093,2026-06-09,16,2026-06-09T16:00:00+00:00,1,104.06,0.01,7.99,17.28,2.17,7.57,9.54,0.05
Tokyo,JP,35.6762,139.6503,2026-06-09,16,2026-06-09T16:00:00+00:00,2,128.51,0.0,2.95,83.67,2.03,4.13,4.81,0.25
Antananarivo,MG,-18.8792,47.5079,2026-06-09,17,2026-06-09T17:00:00+00:00,1,107.12,0.0,0.76,39.99,0.23,2.17,3.95,0.59
Cairo,EG,30.0444,31.2357,2026-06-09,17,2026-06-09T17:00:00+00:00,3,93.68,0.01,2.5,108.36,3.33,21.29,79.65,5.71
New York,US,40.7128,-74.006,2026-06-09,17,2026-06-09T17:00:00+00:00,2,106.78,0.2,0.85,95.31,0.78,1.45,2.57,0.15
Paris,FR,48.8566,2.3522,2026-06-09,17,2026-06-09T17:00:00+00:00,2,98.03,0.05,1.04,73.33,0.14,0.5,0.59,0.98
Sydney,AU,-33.8688,151.2093,2026-06-09,17,2026-06-09T17:00:00+00:00,1,101.72,0.01,7.7,16.32,2.13,7.79,9.64,0.07
Tokyo,JP,35.6762,139.6503,2026-06-09,17,2026-06-09T17:00:00+00:00,2,128.3,0.0,3.01,81.92,2.15,4.05,4.76,0.28
Antananarivo,MG,-18.8792,47.5079,2026-06-09,18,2026-06-09T18:00:00+00:00,1,117.44,0.0,0.87,38.8,0.24,2.7,4.82,0.56
Cairo,EG,30.0444,31.2357,2026-06-09,18,2026-06-09T18:00:00+00:00,3,93.49,0.0,2.47,101.79,2.59,20.05,76.68,5.71
New York,US,40.7128,-74.006,2026-06-09,18,2026-06-09T18:00:00+00:00,2,105.97,0.18,0.8,99.07,0.78,1.67,2.88,0.18
Paris,FR,48.8566,2.3522,2026-06-09,18,2026-06-09T18:00:00+00:00,2,98.17,0.03,1.12,71.82,0.12,0.5,0.5,1.04
Sydney,AU,-33.8688,151.2093,2026-06-09,18,2026-06-09T18:00:00+00:00,1,99.76,0.01,7.66,15.33,2.17,8.04,9.81,0.09
Tokyo,JP,35.6762,139.6503,2026-06-09,18,2026-06-09T18:00:00+00:00,2,128.51,0.0,3.11,80.69,2.29,4.07,4.79,0.29
Antananarivo,MG,-18.8792,47.5079,2026-06-09,19,2026-06-09T19:00:00+00:00,1,127.75,0.0,0.98,37.38,0.25,3.25,5.7,0.55
Cairo,EG,30.0444,31.2357,2026-06-09,19,2026-06-09T19:00:00+00:00,3,92.41,0.0,2.06,104.02,4.35,20.08,68.83,5.13
New York,US,40.7128,-74.006,2026-06-09,19,2026-06-09T19:00:00+00:00,3,106.96,0.18,0.86,102.2,0.83,1.92,3.36,0.23
Paris,FR,48.8566,2.3522,2026-06-09,19,2026-06-09T19:00:00+00:00,2,98.27,0.01,1.34,67.52,0.11,0.5,0.5,1.27
Sydney,AU,-33.8688,151.2093,2026-06-09,19,2026-06-09T19:00:00+00:00,1,98.14,0.02,7.87,14.58,2.25,8.38,10.15,0.09
Tokyo,JP,35.6762,139.6503,2026-06-09,19,2026-06-09T19:00:00+00:00,2,129.3,0.0,3.31,79.67,2.47,4.22,4.97,0.3
Antananarivo,MG,-18.8792,47.5079,2026-06-09,20,2026-06-09T20:00:00+00:00,1,136.34,0.0,1.08,35.99,0.24,3.71,6.35,0.51
Cairo,EG,30.0444,31.2357,2026-06-09,20,2026-06-09T20:00:00+00:00,3,94.02,0.0,2.38,112.56,10.37,22.12,63.83,5.24
New York,US,40.7128,-74.006,2026-06-09,20,2026-06-09T20:00:00+00:00,3,107.76,0.2,0.99,101.66,0.92,2.19,4.18,0.31
Paris,FR,48.8566,2.3522,2026-06-09,20,2026-06-09T20:00:00+00:00,2,98.41,0.0,1.72,60.54,0.11,0.5,0.5,1.67
Sydney,AU,-33.8688,151.2093,2026-06-09,20,2026-06-09T20:00:00+00:00,1,96.96,0.03,8.09,14.1,2.2,8.75,10.49,0.06
Tokyo,JP,35.6762,139.6503,2026-06-09,20,2026-06-09T20:00:00+00:00,2,131.07,0.0,3.85,78.08,2.88,4.76,5.57,0.28
Antananarivo,MG,-18.8792,47.5079,2026-06-09,21,2026-06-09T21:00:00+00:00,1,133.56,0.0,1.05,35.04,0.18,3.58,6.02,0.39
Cairo,EG,30.0444,31.2357,2026-06-09,21,2026-06-09T21:00:00+00:00,3,99.24,0.0,3.68,113.71,18.03,24.98,72.75,6.75
New York,US,40.7128,-74.006,2026-06-09,21,2026-06-09T21:00:00+00:00,2,108.74,0.23,1.2,99.82,0.96,2.44,5.2,0.38
Paris,FR,48.8566,2.3522,2026-06-09,21,2026-06-09T21:00:00+00:00,1,98.28,0.0,2.06,54.13,0.1,0.5,0.5,1.91
Sydney,AU,-33.8688,151.2093,2026-06-09,21,2026-06-09T21:00:00+00:00,1,98.1,0.07,8.58,13.99,2.18,9.08,10.78,0.06
Tokyo,JP,35.6762,139.6503,2026-06-09,21,2026-06-09T21:00:00+00:00,2,134.12,0.02,5.06,75.55,3.5,5.7,6.58,0.27
Antananarivo,MG,-18.8792,47.5079,2026-06-09,22,2026-06-09T22:00:00+00:00,1,128.2,0.0,0.98,34.15,0.15,3.33,5.52,0.35
Cairo,EG,30.0444,31.2357,2026-06-09,22,2026-06-09T22:00:00+00:00,3,105.42,0.0,5.23,104.09,22.37,24.81,77.79,9.41
New York,US,40.7128,-74.006,2026-06-09,22,2026-06-09T22:00:00+00:00,2,110.66,0.26,1.62,96.54,1.0,2.7,6.47,0.39
Paris,FR,48.8566,2.3522,2026-06-09,22,2026-06-09T22:00:00+00:00,1,96.79,0.0,2.22,48.31,0.08,0.5,0.5,1.82
Sydney,AU,-33.8688,151.2093,2026-06-09,22,2026-06-09T22:00:00+00:00,1,101.87,0.21,9.49,14.12,2.27,9.44,11.19,0.06
Tokyo,JP,35.6762,139.6503,2026-06-09,22,2026-06-09T22:00:00+00:00,2,139.86,0.1,7.87,71.65,4.55,7.33,8.33,0.26
Antananarivo,MG,-18.8792,47.5079,2026-06-09,23,2026-06-09T23:00:00+00:00,1,126.66,0.0,0.94,33.18,0.14,3.26,5.3,0.37
Cairo,EG,30.0444,31.2357,2026-06-09,23,2026-06-09T23:00:00+00:00,3,111.77,0.0,6.5,93.81,23.41,21.17,59.65,12.4
New York,US,40.7128,-74.006,2026-06-09,23,2026-06-09T23:00:00+00:00,2,112.52,0.22,2.09,91.73,1.02,2.91,7.87,0.31
Paris,FR,48.8566,2.3522,2026-06-09,23,2026-06-09T23:00:00+00:00,1,96.06,0.0,2.14,44.39,0.06,0.5,0.52,1.61
Sydney,AU,-33.8688,151.2093,2026-06-09,23,2026-06-09T23:00:00+00:00,1,105.76,1.09,8.94,15.55,2.33,9.66,11.47,0.05
Tokyo,JP,35.6762,139.6503,2026-06-09,23,2026-06-09T23:00:00+00:00,2,151.38,0.42,13.07,65.96,6.16,9.92,11.15,0.22
Antananarivo,MG,-18.8792,47.5079,2026-06-10,00,2026-06-10T00:00:00+00:00,1,126.53,0.0,0.93,32.41,0.14,3.26,5.12,0.41
Cairo,EG,30.0444,31.2357,2026-06-10,00,2026-06-10T00:00:00+00:00,2,115.57,0.0,7.14,85.01,22.76,17.97,43.75,14.54
New York,US,40.7128,-74.006,2026-06-10,00,2026-06-10T00:00:00+00:00,2,112.67,0.07,2.46,87.11,0.97,2.98,8.92,0.24
Paris,FR,48.8566,2.3522,2026-06-10,00,2026-06-10T00:00:00+00:00,1,95.51,0.0,1.98,41.44,0.06,0.5,0.54,1.35
Sydney,AU,-33.8688,151.2093,2026-06-10,00,2026-06-10T00:00:00+00:00,1,107.14,1.97,7.64,18.09,2.43,9.56,11.34,0.03
Tokyo,JP,35.6762,139.6503,2026-06-10,00,2026-06-10T00:00:00+00:00,2,168.44,1.14,20.37,59.64,8.14,13.33,14.85,0.17
Antananarivo,MG,-18.8792,47.5079,2026-06-10,01,2026-06-10T01:00:00+00:00,1,129.4,0.0,0.97,30.94,0.14,3.38,5.15,0.49
Cairo,EG,30.0444,31.2357,2026-06-10,01,2026-06-10T01:00:00+00:00,2,115.77,0.0,7.19,77.5,21.06,16.48,38.69,15.91
New York,US,40.7128,-74.006,2026-06-10,01,2026-06-10T01:00:00+00:00,2,111.07,0.0,2.49,81.98,0.88,2.96,9.39,0.19
Paris,FR,48.8566,2.3522,2026-06-10,01,2026-06-10T01:00:00+00:00,1,94.63,0.0,1.86,38.55,0.05,0.5,0.58,1.15
Sydney,AU,-33.8688,151.2093,2026-06-10,01,2026-06-10T01:00:00+00:00,1,100.42,1.87,6.97,26.74,3.4,8.31,9.77,0.0
Tokyo,JP,35.6762,139.6503,2026-06-10,01,2026-06-10T01:00:00+00:00,2,185.98,2.2,27.36,54.95,9.76,16.41,18.03,0.13
Antananarivo,MG,-18.8792,47.5079,2026-06-10,02,2026-06-10T02:00:00+00:00,1,133.66,0.0,1.03,29.05,0.16,3.61,5.48,0.63
Cairo,EG,30.0444,31.2357,2026-06-10,02,2026-06-10T02:00:00+00:00,2,116.25,0.0,7.11,72.65,19.42,16.58,39.61,16.97
New York,US,40.7128,-74.006,2026-06-10,02,2026-06-10T02:00:00+00:00,2,111.52,0.0,2.63,77.67,0.81,3.04,9.8,0.18
Paris,FR,48.8566,2.3522,2026-06-10,02,2026-06-10T02:00:00+00:00,1,94.55,0.0,1.79,36.3,0.05,0.5,0.64,1.07
Sydney,AU,-33.8688,151.2093,2026-06-10,02,2026-06-10T02:00:00+00:00,1,95.72,1.7,6.75,31.58,3.66,6.97,8.45,0.0
Tokyo,JP,35.6762,139.6503,2026-06-10,02,2026-06-10T02:00:00+00:00,2,194.62,2.89,30.16,54.63,10.61,17.62,19.18,0.15
Antananarivo,MG,-18.8792,47.5079,2026-06-10,03,2026-06-10T03:00:00+00:00,1,141.07,0.0,1.14,27.7,0.21,3.99,6.14,0.86
Cairo,EG,30.0444,31.2357,2026-06-10,03,2026-06-10T03:00:00+00:00,2,116.47,0.0,6.9,69.11,17.54,18.47,43.52,17.32
New York,US,40.7128,-74.006,2026-06-10,03,2026-06-10T03:00:00+00:00,2,112.61,0.0,2.87,73.74,0.77,3.21,10.27,0.17
Paris,FR,48.8566,2.3522,2026-06-10,03,2026-06-10T03:00:00+00:00,1,94.84,0.0,1.73,35.83,0.06,0.5,0.68,1.1
Sydney,AU,-33.8688,151.2093,2026-06-10,03,2026-06-10T03:00:00+00:00,1,92.6,1.42,6.9,35.79,3.88,5.83,7.47,0.0
Tokyo,JP,35.6762,139.6503,2026-06-10,03,2026-06-10T03:00:00+00:00,2,193.79,3.04,28.72,59.54,10.89,17.47,19.03,0.21
Antananarivo,MG,-18.8792,47.5079,2026-06-10,04,2026-06-10T04:00:00+00:00,1,160.99,0.02,1.45,26.45,0.34,4.95,7.88,1.26
Cairo,EG,30.0444,31.2357,2026-06-10,04,2026-06-10T04:00:00+00:00,2,114.76,0.06,6.93,65.8,15.79,20.02,46.94,17.02
New York,US,40.7128,-74.006,2026-06-10,04,2026-06-10T04:00:00+00:00,2,112.19,0.0,2.89,70.71,0.73,3.42,10.79,0.2
Paris,FR,48.8566,2.3522,2026-06-10,04,2026-06-10T04:00:00+00:00,1,94.89,0.0,1.6,38.79,0.08,0.5,0.73,1.22
Sydney,AU,-33.8688,151.2093,2026-06-10,04,2026-06-10T04:00:00+00:00,1,93.09,1.04,7.27,38.82,3.84,5.09,6.87,0.06
Tokyo,JP,35.6762,139.6503,2026-06-10,04,2026-06-10T04:00:00+00:00,2,185.33,3.25,23.43,70.74,10.4,16.59,18.37,0.23
Antananarivo,MG,-18.8792,47.5079,2026-06-10,05,2026-06-10T05:00:00+00:00,1,183.3,0.27,1.33,26.38,0.4,6.1,9.82,1.5
Cairo,EG,30.0444,31.2357,2026-06-10,05,2026-06-10T05:00:00+00:00,2,114.81,0.73,6.56,66.13,15.31,20.35,49.41,16.83
New York,US,40.7128,-74.006,2026-06-10,05,2026-06-10T05:00:00+00:00,2,111.17,0.0,2.65,69.09,0.72,3.66,11.43,0.35
Paris,FR,48.8566,2.3522,2026-06-10,05,2026-06-10T05:00:00+00:00,1,95.26,0.01,1.84,39.86,0.1,0.52,0.81,1.2
Sydney,AU,-33.8688,151.2093,2026-06-10,05,2026-06-10T05:00:00+00:00,1,96.98,0.89,8.46,36.36,3.87,5.25,7.31,0.14
Tokyo,JP,35.6762,139.6503,2026-06-10,05,2026-06-10T05:00:00+00:00,2,175.4,2.85,18.84,81.09,9.8,15.25,17.38,0.25
Antananarivo,MG,-18.8792,47.5079,2026-06-10,06,2026-06-10T06:00:00+00:00,1,196.1,0.32,0.97,32.05,0.42,7.49,11.53,1.72
Cairo,EG,30.0444,31.2357,2026-06-10,06,2026-06-10T06:00:00+00:00,3,114.61,1.39,5.4,71.42,15.43,22.02,53.0,15.6
New York,US,40.7128,-74.006,2026-06-10,06,2026-06-10T06:00:00+00:00,2,109.78,0.0,2.39,68.24,0.72,3.87,11.98,0.63
Paris,FR,48.8566,2.3522,2026-06-10,06,2026-06-10T06:00:00+00:00,1,96.18,0.04,2.27,41.95,0.12,0.55,0.93,1.16
Sydney,AU,-33.8688,151.2093,2026-06-10,06,2026-06-10T06:00:00+00:00,1,100.61,0.51,9.96,33.55,3.87,5.51,7.77,0.19
Tokyo,JP,35.6762,139.6503,2026-06-10,06,2026-06-10T06:00:00+00:00,2,164.47,2.2,15.38,87.65,9.21,13.37,15.99,0.28
Antananarivo,MG,-18.8792,47.5079,2026-06-10,07,2026-06-10T07:00:00+00:00,1,92.67,0.06,0.2,48.31,0.25,1.73,2.99,0.55
Cairo,EG,30.0444,31.2357,2026-06-10,07,2026-06-10T07:00:00+00:00,3,113.84,1.2,3.9,85.01,15.29,25.12,57.42,13.5
New York,US,40.7128,-74.006,2026-06-10,07,2026-06-10T07:00:00+00:00,2,108.99,0.0,2.21,68.66,0.77,3.97,11.48,0.93
Paris,FR,48.8566,2.3522,2026-06-10,07,2026-06-10T07:00:00+00:00,1,96.57,0.08,2.01,50.38,0.15,0.56,1.01,1.16
Sydney,AU,-33.8688,151.2093,2026-06-10,07,2026-06-10T07:00:00+00:00,1,104.96,0.08,11.41,28.88,3.37,5.94,8.38,0.22
Tokyo,JP,35.6762,139.6503,2026-06-10,07,2026-06-10T07:00:00+00:00,2,154.51,1.44,13.62,90.27,8.64,11.4,14.67,0.31
Antananarivo,MG,-18.8792,47.5079,2026-06-10,08,2026-06-10T08:00:00+00:00,1,83.32,0.04,0.12,48.82,0.23,1.41,2.41,0.47
Cairo,EG,30.0444,31.2357,2026-06-10,08,2026-06-10T08:00:00+00:00,3,111.47,0.56,2.18,106.01,13.81,29.38,61.78,11.12
New York,US,40.7128,-74.006,2026-06-10,08,2026-06-10T08:00:00+00:00,2,107.96,0.0,2.08,68.41,0.77,4.0,10.5,0.94
Paris,FR,48.8566,2.3522,2026-06-10,08,2026-06-10T08:00:00+00:00,1,96.15,0.18,1.81,53.16,0.15,0.6,1.06,1.19
Sydney,AU,-33.8688,151.2093,2026-06-10,08,2026-06-10T08:00:00+00:00,1,110.78,0.01,12.01,23.91,2.68,6.35,8.9,0.2
Tokyo,JP,35.6762,139.6503,2026-06-10,08,2026-06-10T08:00:00+00:00,2,148.09,0.74,14.02,87.4,8.34,9.82,13.69,0.36
Antananarivo,MG,-18.8792,47.5079,2026-06-10,09,2026-06-10T09:00:00+00:00,1,80.72,0.03,0.09,48.06,0.23,1.52,2.47,0.47
Cairo,EG,30.0444,31.2357,2026-06-10,09,2026-06-10T09:00:00+00:00,3,108.61,0.27,1.24,122.5,11.83,31.84,63.9,8.87
New York,US,40.7128,-74.006,2026-06-10,09,2026-06-10T09:00:00+00:00,2,107.11,0.0,2.0,68.24,0.77,4.04,10.03,0.89
Paris,FR,48.8566,2.3522,2026-06-10,09,2026-06-10T09:00:00+00:00,1,95.37,0.24,1.58,54.86,0.15,0.62,1.05,1.23
Sydney,AU,-33.8688,151.2093,2026-06-10,09,2026-06-10T09:00:00+00:00,1,115.55,0.03,12.0,20.23,2.21,6.49,9.07,0.19
Tokyo,JP,35.6762,139.6503,2026-06-10,09,2026-06-10T09:00:00+00:00,2,145.18,0.22,15.52,82.34,8.36,8.67,13.01,0.44
Antananarivo,MG,-18.8792,47.5079,2026-06-10,10,2026-06-10T10:00:00+00:00,1,74.84,0.02,0.08,49.3,0.18,1.27,1.98,0.37
Cairo,EG,30.0444,31.2357,2026-06-10,10,2026-06-10T10:00:00+00:00,3,100.28,0.16,0.76,127.94,7.55,25.35,49.9,5.29
New York,US,40.7128,-74.006,2026-06-10,10,2026-06-10T10:00:00+00:00,2,106.83,0.0,2.04,67.96,0.77,4.12,10.05,0.88
Paris,FR,48.8566,2.3522,2026-06-10,10,2026-06-10T10:00:00+00:00,2,96.3,0.13,0.82,68.86,0.1,0.5,0.63,0.87
Sydney,AU,-33.8688,151.2093,2026-06-10,10,2026-06-10T10:00:00+00:00,1,118.32,0.04,11.57,16.87,1.86,6.44,8.82,0.2
Tokyo,JP,35.6762,139.6503,2026-06-10,10,2026-06-10T10:00:00+00:00,2,144.33,0.01,16.69,76.52,8.88,7.94,12.73,0.51
Antananarivo,MG,-18.8792,47.5079,2026-06-10,11,2026-06-10T11:00:00+00:00,1,70.72,0.02,0.08,49.72,0.15,1.09,1.68,0.32
Cairo,EG,30.0444,31.2357,2026-06-10,11,2026-06-10T11:00:00+00:00,3,93.96,0.12,0.58,126.05,5.07,20.52,40.43,3.73
New York,US,40.7128,-74.006,2026-06-10,11,2026-06-10T11:00:00+00:00,2,107.75,0.01,2.46,67.74,0.83,4.23,10.41,0.91
Paris,FR,48.8566,2.3522,2026-06-10,11,2026-06-10T11:00:00+00:00,2,96.02,0.09,0.47,76.61,0.07,0.5,0.5,0.66
Sydney,AU,-33.8688,151.2093,2026-06-10,11,2026-06-10T11:00:00+00:00,1,118.98,0.05,10.34,14.69,1.41,6.11,8.12,0.16
Tokyo,JP,35.6762,139.6503,2026-06-10,11,2026-06-10T11:00:00+00:00,2,146.39,0.0,17.48,70.51,9.87,7.67,12.86,0.61
Antananarivo,MG,-18.8792,47.5079,2026-06-10,12,2026-06-10T12:00:00+00:00,1,69.74,0.02,0.09,49.13,0.14,1.09,1.67,0.32
Cairo,EG,30.0444,31.2357,2026-06-10,12,2026-06-10T12:00:00+00:00,3,90.74,0.11,0.54,124.61,3.97,18.19,36.48,3.11
New York,US,40.7128,-74.006,2026-06-10,12,2026-06-10T12:00:00+00:00,2,111.09,0.1,3.08,67.75,0.9,4.29,10.53,0.9
Paris,FR,48.8566,2.3522,2026-06-10,12,2026-06-10T12:00:00+00:00,2,95.82,0.08,0.35,80.03,0.06,0.5,0.5,0.6
Sydney,AU,-33.8688,151.2093,2026-06-10,12,2026-06-10T12:00:00+00:00,1,114.68,0.05,8.47,14.02,1.03,5.28,6.86,0.12
Tokyo,JP,35.6762,139.6503,2026-06-10,12,2026-06-10T12:00:00+00:00,2,149.53,0.0,18.21,65.42,10.81,7.73,13.4,0.66
Antananarivo,MG,-18.8792,47.5079,2026-06-10,13,2026-06-10T13:00:00+00:00,1,79.5,0.05,0.23,45.56,0.19,1.52,2.5,0.58
Cairo,EG,30.0444,31.2357,2026-06-10,13,2026-06-10T13:00:00+00:00,3,88.2,0.09,0.47,119.92,2.84,14.55,31.91,2.27
New York,US,40.7128,-74.006,2026-06-10,13,2026-06-10T13:00:00+00:00,2,114.98,0.32,3.05,69.67,0.98,4.43,10.96,0.91
Paris,FR,48.8566,2.3522,2026-06-10,13,2026-06-10T13:00:00+00:00,2,96.08,0.07,0.33,82.04,0.07,0.5,0.54,0.6
Sydney,AU,-33.8688,151.2093,2026-06-10,13,2026-06-10T13:00:00+00:00,1,106.86,0.05,6.63,14.06,0.77,4.22,5.35,0.09
Tokyo,JP,35.6762,139.6503,2026-06-10,13,2026-06-10T13:00:00+00:00,2,151.93,0.0,18.7,60.94,11.65,8.1,14.25,0.65
Antananarivo,MG,-18.8792,47.5079,2026-06-10,14,2026-06-10T14:00:00+00:00,1,98.4,0.06,0.61,40.25,0.26,2.36,4.05,0.99
Cairo,EG,30.0444,31.2357,2026-06-10,14,2026-06-10T14:00:00+00:00,3,86.35,0.09,0.49,115.03,2.35,12.15,28.73,1.96
New York,US,40.7128,-74.006,2026-06-10,14,2026-06-10T14:00:00+00:00,2,116.9,0.42,2.63,71.87,1.08,4.69,11.58,1.0
Paris,FR,48.8566,2.3522,2026-06-10,14,2026-06-10T14:00:00+00:00,2,95.5,0.06,0.37,82.32,0.09,0.5,0.57,0.64
Sydney,AU,-33.8688,151.2093,2026-06-10,14,2026-06-10T14:00:00+00:00,1,100.32,0.03,5.44,14.49,0.63,3.44,4.23,0.07
Tokyo,JP,35.6762,139.6503,2026-06-10,14,2026-06-10T14:00:00+00:00,1,154.6,0.0,19.36,57.1,12.55,8.51,15.03,0.65
Antananarivo,MG,-18.8792,47.5079,2026-06-10,15,2026-06-10T15:00:00+00:00,1,119.01,0.0,1.12,35.8,0.31,3.31,5.73,1.33
Cairo,EG,30.0444,31.2357,2026-06-10,15,2026-06-10T15:00:00+00:00,3,86.26,0.08,0.62,112.32,2.29,10.99,26.8,2.0
New York,US,40.7128,-74.006,2026-06-10,15,2026-06-10T15:00:00+00:00,2,118.88,0.4,2.1,75.78,1.19,5.25,12.4,1.14
Paris,FR,48.8566,2.3522,2026-06-10,15,2026-06-10T15:00:00+00:00,2,95.02,0.05,0.46,82.14,0.09,0.5,0.52,0.68
Sydney,AU,-33.8688,151.2093,2026-06-10,15,2026-06-10T15:00:00+00:00,1,95.34,0.02,4.6,15.31,0.55,2.95,3.52,0.05
Tokyo,JP,35.6762,139.6503,2026-06-10,15,2026-06-10T15:00:00+00:00,1,157.27,0.0,20.0,54.06,13.24,8.94,15.61,0.64
Antananarivo,MG,-18.8792,47.5079,2026-06-10,16,2026-06-10T16:00:00+00:00,1,146.39,0.0,1.57,31.78,0.39,4.71,8.1,1.73
Cairo,EG,30.0444,31.2357,2026-06-10,16,2026-06-10T16:00:00+00:00,3,87.62,0.07,1.12,110.27,2.59,10.73,26.78,2.93
New York,US,40.7128,-74.006,2026-06-10,16,2026-06-10T16:00:00+00:00,2,123.82,0.18,1.95,80.2,1.29,6.07,11.95,1.18
Paris,FR,48.8566,2.3522,2026-06-10,16,2026-06-10T16:00:00+00:00,2,95.22,0.04,0.59,82.39,0.09,0.5,0.5,0.75
Sydney,AU,-33.8688,151.2093,2026-06-10,16,2026-06-10T16:00:00+00:00,1,90.19,0.01,3.47,20.75,0.43,2.34,2.75,0.04
Tokyo,JP,35.6762,139.6503,2026-06-10,16,2026-06-10T16:00:00+00:00,1,158.43,0.0,20.14,51.88,13.75,9.2,15.99,0.61
Antananarivo,MG,-18.8792,47.5079,2026-06-10,17,2026-06-10T17:00:00+00:00,1,183.02,0.0,2.06,28.66,0.5,6.67,11.24,2.14
Cairo,EG,30.0444,31.2357,2026-06-10,17,2026-06-10T17:00:00+00:00,3,89.94,0.01,1.79,108.67,3.29,11.18,27.5,4.27
New York,US,40.7128,-74.006,2026-06-10,17,2026-06-10T17:00:00+00:00,2,125.36,0.14,2.05,78.59,1.26,6.17,10.55,1.08
Paris,FR,48.8566,2.3522,2026-06-10,17,2026-06-10T17:00:00+00:00,2,95.2,0.03,0.71,81.98,0.09,0.5,0.5,0.9
Sydney,AU,-33.8688,151.2093,2026-06-10,17,2026-06-10T17:00:00+00:00,1,86.09,0.01,2.81,21.45,0.35,1.94,2.26,0.03
Tokyo,JP,35.6762,139.6503,2026-06-10,17,2026-06-10T17:00:00+00:00,1,160.04,0.0,20.29,50.09,14.27,9.72,16.74,0.58
Antananarivo,MG,-18.8792,47.5079,2026-06-10,18,2026-06-10T18:00:00+00:00,1,215.55,0.0,2.43,26.22,0.58,8.58,14.12,2.4
Cairo,EG,30.0444,31.2357,2026-06-10,18,2026-06-10T18:00:00+00:00,3,91.51,0.0,1.94,109.02,4.23,12.02,28.97,4.95
New York,US,40.7128,-74.006,2026-06-10,18,2026-06-10T18:00:00+00:00,2,126.81,0.11,2.25,76.92,1.26,6.23,9.85,1.01
Paris,FR,48.8566,2.3522,2026-06-10,18,2026-06-10T18:00:00+00:00,2,95.36,0.01,0.78,81.58,0.1,0.5,0.5,1.06
Sydney,AU,-33.8688,151.2093,2026-06-10,18,2026-06-10T18:00:00+00:00,1,82.27,0.0,2.33,22.98,0.36,1.59,1.82,0.02
Tokyo,JP,35.6762,139.6503,2026-06-10,18,2026-06-10T18:00:00+00:00,2,161.11,0.0,20.51,48.58,14.79,10.24,17.59,0.55
Antananarivo,MG,-18.8792,47.5079,2026-06-10,19,2026-06-10T19:00:00+00:00,2,240.67,0.0,2.7,24.38,0.69,10.19,16.46,2.8
Cairo,EG,30.0444,31.2357,2026-06-10,19,2026-06-10T19:00:00+00:00,3,91.9,0.0,1.9,110.37,5.34,12.81,30.9,5.32
New York,US,40.7128,-74.006,2026-06-10,19,2026-06-10T19:00:00+00:00,2,129.83,0.12,2.49,76.52,1.29,6.4,9.42,0.86
Paris,FR,48.8566,2.3522,2026-06-10,19,2026-06-10T19:00:00+00:00,2,95.93,0.0,0.9,79.82,0.11,0.5,0.5,1.29
Sydney,AU,-33.8688,151.2093,2026-06-10,19,2026-06-10T19:00:00+00:00,1,78.29,0.0,1.82,29.61,0.54,1.17,1.29,0.0
Tokyo,JP,35.6762,139.6503,2026-06-10,19,2026-06-10T19:00:00+00:00,2,161.76,0.0,20.74,47.36,15.27,10.62,18.24,0.54
Antananarivo,MG,-18.8792,47.5079,2026-06-10,20,2026-06-10T20:00:00+00:00,2,256.29,0.0,2.9,23.5,0.79,11.25,17.9,3.29
Cairo,EG,30.0444,31.2357,2026-06-10,20,2026-06-10T20:00:00+00:00,3,93.95,0.0,2.1,112.3,7.21,13.49,33.25,5.78
New York,US,40.7128,-74.006,2026-06-10,20,2026-06-10T20:00:00+00:00,2,132.17,0.13,2.63,76.03,1.25,6.47,8.94,0.64
Paris,FR,48.8566,2.3522,2026-06-10,20,2026-06-10T20:00:00+00:00,2,97.19,0.0,1.08,76.61,0.11,0.5,0.51,1.62
Sydney,AU,-33.8688,151.2093,2026-06-10,20,2026-06-10T20:00:00+00:00,1,76.57,0.0,1.33,31.63,0.37,0.85,0.95,0.0
Tokyo,JP,35.6762,139.6503,2026-06-10,20,2026-06-10T20:00:00+00:00,2,162.17,0.0,20.64,46.69,15.62,10.89,18.55,0.51
Antananarivo,MG,-18.8792,47.5079,2026-06-10,21,2026-06-10T21:00:00+00:00,2,255.53,0.0,2.92,23.38,0.79,11.33,17.7,3.48
Cairo,EG,30.0444,31.2357,2026-06-10,21,2026-06-10T21:00:00+00:00,3,97.04,0.0,2.74,110.46,10.09,13.73,35.16,6.38
New York,US,40.7128,-74.006,2026-06-10,21,2026-06-10T21:00:00+00:00,2,134.88,0.15,2.91,75.31,1.16,6.5,8.64,0.46
Paris,FR,48.8566,2.3522,2026-06-10,21,2026-06-10T21:00:00+00:00,2,98.37,0.0,1.25,73.38,0.11,0.5,0.51,1.97
Sydney,AU,-33.8688,151.2093,2026-06-10,21,2026-06-10T21:00:00+00:00,1,76.5,0.0,1.04,33.69,0.26,0.63,0.75,0.02
Tokyo,JP,35.6762,139.6503,2026-06-10,21,2026-06-10T21:00:00+00:00,2,160.89,0.06,20.69,47.56,15.77,11.03,18.42,0.46
Antananarivo,MG,-18.8792,47.5079,2026-06-10,22,2026-06-10T22:00:00+00:00,2,248.05,0.0,2.86,23.8,0.78,10.98,16.84,3.64
Cairo,EG,30.0444,31.2357,2026-06-10,22,2026-06-10T22:00:00+00:00,3,99.79,0.0,3.54,103.14,13.44,13.47,35.26,7.4
New York,US,40.7128,-74.006,2026-06-10,22,2026-06-10T22:00:00+00:00,2,136.4,0.15,3.28,73.73,0.99,6.57,8.66,0.36
Paris,FR,48.8566,2.3522,2026-06-10,22,2026-06-10T22:00:00+00:00,2,97.99,0.0,1.37,68.77,0.1,0.5,0.5,2.26
Sydney,AU,-33.8688,151.2093,2026-06-10,22,2026-06-10T22:00:00+00:00,1,76.79,0.01,0.96,35.63,0.2,0.51,0.67,0.03
Tokyo,JP,35.6762,139.6503,2026-06-10,22,2026-06-10T22:00:00+00:00,2,157.6,0.33,19.84,51.78,15.03,10.77,17.49,0.38
Antananarivo,MG,-18.8792,47.5079,2026-06-10,23,2026-06-10T23:00:00+00:00,2,242.94,0.0,2.81,24.52,0.79,10.7,16.21,3.86
Cairo,EG,30.0444,31.2357,2026-06-10,23,2026-06-10T23:00:00+00:00,2,104.53,0.0,4.54,95.41,16.76,13.44,35.24,9.5
New York,US,40.7128,-74.006,2026-06-10,23,2026-06-10T23:00:00+00:00,2,137.34,0.07,3.68,72.8,0.92,6.68,8.58,0.35
Paris,FR,48.8566,2.3522,2026-06-10,23,2026-06-10T23:00:00+00:00,2,98.05,0.0,1.41,63.98,0.1,0.5,0.5,2.38
Sydney,AU,-33.8688,151.2093,2026-06-10,23,2026-06-10T23:00:00+00:00,1,77.16,0.1,0.85,37.04,0.19,0.51,0.74,0.04
Tokyo,JP,35.6762,139.6503,2026-06-10,23,2026-06-10T23:00:00+00:00,2,154.21,0.61,18.16,57.16,13.79,10.26,16.2,0.35
Antananarivo,MG,-18.8792,47.5079,2026-06-11,00,2026-06-11T00:00:00+00:00,2,239.24,0.0,2.76,25.29,0.8,10.49,15.81,4.05
Cairo,EG,30.0444,31.2357,2026-06-11,00,2026-06-11T00:00:00+00:00,2,110.86,0.0,5.65,87.41,19.65,13.48,35.45,11.99
New York,US,40.7128,-74.006,2026-06-11,00,2026-06-11T00:00:00+00:00,2,137.4,0.01,3.76,72.39,0.87,6.66,8.36,0.36
Paris,FR,48.8566,2.3522,2026-06-11,00,2026-06-11T00:00:00+00:00,1,97.93,0.0,1.36,59.7,0.09,0.5,0.54,2.04
Sydney,AU,-33.8688,151.2093,2026-06-11,00,2026-06-11T00:00:00+00:00,1,76.79,0.16,0.68,39.39,0.2,0.57,1.03,0.05
Tokyo,JP,35.6762,139.6503,2026-06-11,00,2026-06-11T00:00:00+00:00,2,151.43,0.87,16.43,61.9,12.97,9.79,15.27,0.35
Antananarivo,MG,-18.8792,47.5079,2026-06-11,01,2026-06-11T01:00:00+00:00,2,235.36,0.0,2.71,26.23,0.82,10.25,15.41,4.24
Cairo,EG,30.0444,31.2357,2026-06-11,01,2026-06-11T01:00:00+00:00,2,115.44,0.0,6.55,80.06,20.69,13.41,35.54,14.3
New York,US,40.7128,-74.006,2026-06-11,01,2026-06-11T01:00:00+00:00,2,136.98,0.0,3.53,70.79,0.82,6.35,7.68,0.31
Paris,FR,48.8566,2.3522,2026-06-11,01,2026-06-11T01:00:00+00:00,1,96.74,0.0,1.29,54.57,0.08,0.5,0.59,1.46
Sydney,AU,-33.8688,151.2093,2026-06-11,01,2026-06-11T01:00:00+00:00,1,75.27,0.13,0.5,44.96,0.17,0.77,1.58,0.04
Tokyo,JP,35.6762,139.6503,2026-06-11,01,2026-06-11T01:00:00+00:00,2,147.58,1.29,13.6,67.85,12.01,9.21,14.33,0.36
Antananarivo,MG,-18.8792,47.5079,2026-06-11,02,2026-06-11T02:00:00+00:00,2,232.28,0.0,2.66,27.43,0.85,10.04,15.1,4.44
Cairo,EG,30.0444,31.2357,2026-06-11,02,2026-06-11T02:00:00+00:00,2,119.57,0.0,7.14,74.72,19.87,13.7,36.63,16.51
New York,US,40.7128,-74.006,2026-06-11,02,2026-06-11T02:00:00+00:00,2,137.3,0.0,3.52,66.69,0.77,5.95,6.83,0.23
Paris,FR,48.8566,2.3522,2026-06-11,02,2026-06-11T02:00:00+00:00,1,96.06,0.0,1.27,49.39,0.08,0.5,0.68,1.08
Sydney,AU,-33.8688,151.2093,2026-06-11,02,2026-06-11T02:00:00+00:00,1,74.69,0.1,0.43,46.6,0.16,0.86,1.7,0.03
Tokyo,JP,35.6762,139.6503,2026-06-11,02,2026-06-11T02:00:00+00:00,2,141.96,1.34,10.36,74.83,10.75,8.34,12.97,0.36
Antananarivo,MG,-18.8792,47.5079,2026-06-11,03,2026-06-11T03:00:00+00:00,1,231.45,0.0,2.65,28.3,0.89,9.99,15.0,4.64
Cairo,EG,30.0444,31.2357,2026-06-11,03,2026-06-11T03:00:00+00:00,2,122.93,0.0,7.46,70.47,17.94,15.09,39.28,18.22
New York,US,40.7128,-74.006,2026-06-11,03,2026-06-11T03:00:00+00:00,2,138.16,0.0,3.63,61.96,0.75,5.53,6.13,0.19
Paris,FR,48.8566,2.3522,2026-06-11,03,2026-06-11T03:00:00+00:00,1,95.46,0.0,1.31,44.89,0.08,0.5,0.79,0.92
Sydney,AU,-33.8688,151.2093,2026-06-11,03,2026-06-11T03:00:00+00:00,1,74.47,0.09,0.42,47.03,0.18,0.95,1.74,0.02
Tokyo,JP,35.6762,139.6503,2026-06-11,03,2026-06-11T03:00:00+00:00,2,134.97,1.01,7.13,82.32,9.19,7.45,11.58,0.26
Antananarivo,MG,-18.8792,47.5079,2026-06-11,04,2026-06-11T04:00:00+00:00,2,240.07,0.02,2.79,27.81,0.93,10.21,15.55,4.46
Cairo,EG,30.0444,31.2357,2026-06-11,04,2026-06-11T04:00:00+00:00,2,123.81,0.11,8.07,66.21,15.87,16.0,41.32,19.39
New York,US,40.7128,-74.006,2026-06-11,04,2026-06-11T04:00:00+00:00,1,137.27,0.0,3.62,56.84,0.73,5.2,5.69,0.18
Paris,FR,48.8566,2.3522,2026-06-11,04,2026-06-11T04:00:00+00:00,1,94.35,0.0,1.43,40.87,0.08,0.5,0.91,0.87
Sydney,AU,-33.8688,151.2093,2026-06-11,04,2026-06-11T04:00:00+00:00,1,75.4,0.09,0.52,45.72,0.2,1.09,1.87,0.03
Tokyo,JP,35.6762,139.6503,2026-06-11,04,2026-06-11T04:00:00+00:00,2,127.9,0.42,4.06,89.35,7.12,6.39,9.89,0.1
Antananarivo,MG,-18.8792,47.5079,2026-06-11,05,2026-06-11T05:00:00+00:00,2,249.99,0.38,2.29,28.93,1.0,10.55,16.47,4.41
Cairo,EG,30.0444,31.2357,2026-06-11,05,2026-06-11T05:00:00+00:00,2,125.36,1.04,7.78,66.06,15.23,16.14,43.03,20.39
New York,US,40.7128,-74.006,2026-06-11,05,2026-06-11T05:00:00+00:00,1,136.95,0.0,3.54,52.88,0.76,5.02,5.54,0.21
Paris,FR,48.8566,2.3522,2026-06-11,05,2026-06-11T05:00:00+00:00,1,95.03,0.02,1.92,38.74,0.1,0.52,1.09,0.92
Sydney,AU,-33.8688,151.2093,2026-06-11,05,2026-06-11T05:00:00+00:00,1,76.66,0.1,0.69,43.19,0.22,1.24,2.05,0.04
Tokyo,JP,35.6762,139.6503,2026-06-11,05,2026-06-11T05:00:00+00:00,2,122.65,0.14,2.14,93.72,5.12,5.26,8.15,0.01
Antananarivo,MG,-18.8792,47.5079,2026-06-11,06,2026-06-11T06:00:00+00:00,2,246.94,0.41,1.41,36.07,0.98,11.28,17.16,4.17
Cairo,EG,30.0444,31.2357,2026-06-11,06,2026-06-11T06:00:00+00:00,2,126.12,1.91,6.65,70.41,15.38,17.2,45.65,20.3
New York,US,40.7128,-74.006,2026-06-11,06,2026-06-11T06:00:00+00:00,1,136.8,0.0,3.54,49.02,0.84,4.9,5.48,0.25
Paris,FR,48.8566,2.3522,2026-06-11,06,2026-06-11T06:00:00+00:00,1,96.55,0.23,2.34,40.62,0.15,0.56,1.34,1.08
Sydney,AU,-33.8688,151.2093,2026-06-11,06,2026-06-11T06:00:00+00:00,1,78.1,0.07,0.91,41.71,0.22,1.34,2.22,0.04
Tokyo,JP,35.6762,139.6503,2026-06-11,06,2026-06-11T06:00:00+00:00,2,119.58,0.07,1.35,95.43,3.63,4.23,6.57,0.01
Antananarivo,MG,-18.8792,47.5079,2026-06-11,07,2026-06-11T07:00:00+00:00,1,100.59,0.07,0.23,49.38,0.42,2.74,4.69,0.81
Cairo,EG,30.0444,31.2357,2026-06-11,07,2026-06-11T07:00:00+00:00,2,124.99,1.79,5.21,82.88,15.8,19.32,48.85,18.85
New York,US,40.7128,-74.006,2026-06-11,07,2026-06-11T07:00:00+00:00,1,137.18,0.0,3.77,44.17,0.96,4.8,5.43,0.26
Paris,FR,48.8566,2.3522,2026-06-11,07,2026-06-11T07:00:00+00:00,1,99.47,0.26,1.53,56.68,0.29,0.62,1.64,1.04
Sydney,AU,-33.8688,151.2093,2026-06-11,07,2026-06-11T07:00:00+00:00,1,79.48,0.01,1.25,39.65,0.22,1.4,2.35,0.04
Tokyo,JP,35.6762,139.6503,2026-06-11,07,2026-06-11T07:00:00+00:00,2,118.47,0.04,1.06,96.32,2.61,3.53,5.43,0.03
Antananarivo,MG,-18.8792,47.5079,2026-06-11,08,2026-06-11T08:00:00+00:00,1,86.64,0.04,0.12,54.12,0.45,2.47,4.08,0.52
Cairo,EG,30.0444,31.2357,2026-06-11,08,2026-06-11T08:00:00+00:00,3,122.26,1.0,3.35,103.46,15.2,23.48,53.15,16.82
New York,US,40.7128,-74.006,2026-06-11,08,2026-06-11T08:00:00+00:00,1,138.78,0.0,4.12,38.54,1.05,4.71,5.32,0.25
Paris,FR,48.8566,2.3522,2026-06-11,08,2026-06-11T08:00:00+00:00,2,99.06,0.25,1.24,60.71,0.31,0.66,1.71,0.97
Sydney,AU,-33.8688,151.2093,2026-06-11,08,2026-06-11T08:00:00+00:00,1,81.91,0.0,1.59,37.15,0.22,1.47,2.46,0.05
Tokyo,JP,35.6762,139.6503,2026-06-11,08,2026-06-11T08:00:00+00:00,2,118.58,0.02,1.03,97.21,2.05,3.25,4.99,0.04
Antananarivo,MG,-18.8792,47.5079,2026-06-11,09,2026-06-11T09:00:00+00:00,1,82.3,0.03,0.1,55.69,0.48,2.58,4.05,0.43
Cairo,EG,30.0444,31.2357,2026-06-11,09,2026-06-11T09:00:00+00:00,3,118.53,0.42,1.82,124.84,13.94,27.0,56.34,14.15
New York,US,40.7128,-74.006,2026-06-11,09,2026-06-11T09:00:00+00:00,1,141.64,0.0,4.6,33.07,1.12,4.59,5.16,0.24
Paris,FR,48.8566,2.3522,2026-06-11,09,2026-06-11T09:00:00+00:00,2,98.37,0.21,1.02,63.61,0.29,0.68,1.67,0.91
Sydney,AU,-33.8688,151.2093,2026-06-11,09,2026-06-11T09:00:00+00:00,1,83.79,0.01,1.7,35.2,0.22,1.53,2.51,0.05
Tokyo,JP,35.6762,139.6503,2026-06-11,09,2026-06-11T09:00:00+00:00,2,119.52,0.01,1.07,98.71,1.78,3.28,5.07,0.04
Antananarivo,MG,-18.8792,47.5079,2026-06-11,10,2026-06-11T10:00:00+00:00,2,72.15,0.02,0.08,60.07,0.51,2.18,3.19,0.23
Cairo,EG,30.0444,31.2357,2026-06-11,10,2026-06-11T10:00:00+00:00,3,103.51,0.19,0.84,125.05,7.65,17.96,38.1,7.15
New York,US,40.7128,-74.006,2026-06-11,10,2026-06-11T10:00:00+00:00,1,145.77,0.0,5.29,27.51,1.17,4.5,5.05,0.23
Paris,FR,48.8566,2.3522,2026-06-11,10,2026-06-11T10:00:00+00:00,2,98.9,0.1,0.78,69.54,0.26,0.61,1.4,0.73
Sydney,AU,-33.8688,151.2093,2026-06-11,10,2026-06-11T10:00:00+00:00,1,83.67,0.01,1.6,34.08,0.22,1.56,2.49,0.04
Tokyo,JP,35.6762,139.6503,2026-06-11,10,2026-06-11T10:00:00+00:00,3,121.0,0.0,1.08,100.77,1.68,3.47,5.42,0.04
Antananarivo,MG,-18.8792,47.5079,2026-06-11,11,2026-06-11T11:00:00+00:00,2,68.52,0.02,0.08,62.12,0.53,2.19,3.11,0.15
Cairo,EG,30.0444,31.2357,2026-06-11,11,2026-06-11T11:00:00+00:00,3,96.52,0.13,0.58,121.13,4.58,14.03,31.06,4.58
New York,US,40.7128,-74.006,2026-06-11,11,2026-06-11T11:00:00+00:00,1,153.46,0.2,6.42,22.24,1.31,4.52,5.12,0.23
Paris,FR,48.8566,2.3522,2026-06-11,11,2026-06-11T11:00:00+00:00,2,98.17,0.09,0.65,72.0,0.23,0.6,1.31,0.71
Sydney,AU,-33.8688,151.2093,2026-06-11,11,2026-06-11T11:00:00+00:00,1,82.94,0.0,1.37,34.83,0.21,1.55,2.45,0.04
Tokyo,JP,35.6762,139.6503,2026-06-11,11,2026-06-11T11:00:00+00:00,3,122.04,0.0,1.08,102.35,1.76,3.78,5.94,0.04
Antananarivo,MG,-18.8792,47.5079,2026-06-11,12,2026-06-11T12:00:00+00:00,2,67.47,0.02,0.1,61.71,0.51,2.2,3.19,0.14
Cairo,EG,30.0444,31.2357,2026-06-11,12,2026-06-11T12:00:00+00:00,3,93.64,0.11,0.5,119.85,3.39,13.28,30.51,3.45
New York,US,40.7128,-74.006,2026-06-11,12,2026-06-11T12:00:00+00:00,1,165.56,1.38,7.0,20.0,1.6,4.79,5.51,0.25
Paris,FR,48.8566,2.3522,2026-06-11,12,2026-06-11T12:00:00+00:00,2,97.63,0.09,0.59,73.52,0.23,0.67,1.45,0.81
Sydney,AU,-33.8688,151.2093,2026-06-11,12,2026-06-11T12:00:00+00:00,1,81.93,0.0,1.17,35.98,0.2,1.51,2.4,0.03
Tokyo,JP,35.6762,139.6503,2026-06-11,12,2026-06-11T12:00:00+00:00,3,123.4,0.0,1.08,104.44,1.86,4.26,6.57,0.05
Antananarivo,MG,-18.8792,47.5079,2026-06-11,13,2026-06-11T13:00:00+00:00,1,72.52,0.04,0.19,59.29,0.51,2.43,3.67,0.29
Cairo,EG,30.0444,31.2357,2026-06-11,13,2026-06-11T13:00:00+00:00,3,91.13,0.09,0.45,117.39,2.51,12.28,29.44,2.48
New York,US,40.7128,-74.006,2026-06-11,13,2026-06-11T13:00:00+00:00,1,177.8,2.7,6.92,24.36,2.1,5.55,6.43,0.23
Paris,FR,48.8566,2.3522,2026-06-11,13,2026-06-11T13:00:00+00:00,2,97.26,0.08,0.55,75.49,0.23,0.76,1.6,0.95
Sydney,AU,-33.8688,151.2093,2026-06-11,13,2026-06-11T13:00:00+00:00,1,80.71,0.0,1.1,35.3,0.18,1.48,2.36,0.03
Tokyo,JP,35.6762,139.6503,2026-06-11,13,2026-06-11T13:00:00+00:00,3,124.91,0.0,1.27,105.84,2.08,4.84,7.28,0.08
Antananarivo,MG,-18.8792,47.5079,2026-06-11,14,2026-06-11T14:00:00+00:00,1,82.63,0.03,0.42,55.18,0.5,2.86,4.47,0.56
Cairo,EG,30.0444,31.2357,2026-06-11,14,2026-06-11T14:00:00+00:00,3,89.74,0.09,0.48,115.49,2.12,11.69,29.48,2.07
New York,US,40.7128,-74.006,2026-06-11,14,2026-06-11T14:00:00+00:00,1,183.75,2.57,6.83,37.27,2.57,7.15,8.19,0.22
Paris,FR,48.8566,2.3522,2026-06-11,14,2026-06-11T14:00:00+00:00,2,96.43,0.07,0.53,76.89,0.22,0.82,1.67,1.09
Sydney,AU,-33.8688,151.2093,2026-06-11,14,2026-06-11T14:00:00+00:00,1,79.65,0.0,1.07,32.98,0.16,1.49,2.29,0.02
Tokyo,JP,35.6762,139.6503,2026-06-11,14,2026-06-11T14:00:00+00:00,3,126.01,0.0,1.54,105.86,2.36,5.22,7.77,0.12
Antananarivo,MG,-18.8792,47.5079,2026-06-11,15,2026-06-11T15:00:00+00:00,1,93.42,0.0,0.71,51.48,0.48,3.28,5.28,0.8
Cairo,EG,30.0444,31.2357,2026-06-11,15,2026-06-11T15:00:00+00:00,3,89.11,0.08,0.58,114.03,2.03,11.29,29.58,1.96
New York,US,40.7128,-74.006,2026-06-11,15,2026-06-11T15:00:00+00:00,2,186.48,1.59,5.83,63.07,2.99,10.76,11.93,0.24
Paris,FR,48.8566,2.3522,2026-06-11,15,2026-06-11T15:00:00+00:00,2,95.88,0.07,0.59,77.67,0.21,0.83,1.65,1.24
Sydney,AU,-33.8688,151.2093,2026-06-11,15,2026-06-11T15:00:00+00:00,1,78.32,0.0,0.97,31.38,0.15,1.49,2.27,0.02
Tokyo,JP,35.6762,139.6503,2026-06-11,15,2026-06-11T15:00:00+00:00,3,127.0,0.0,1.76,105.37,2.67,5.48,8.07,0.15
Antananarivo,MG,-18.8792,47.5079,2026-06-11,16,2026-06-11T16:00:00+00:00,1,112.19,0.0,1.04,46.52,0.47,4.12,6.73,1.21
Cairo,EG,30.0444,31.2357,2026-06-11,16,2026-06-11T16:00:00+00:00,3,90.45,0.08,1.28,111.51,2.32,11.23,30.39,3.72
New York,US,40.7128,-74.006,2026-06-11,16,2026-06-11T16:00:00+00:00,2,162.22,0.37,3.05,89.79,2.34,10.46,11.21,0.1
Paris,FR,48.8566,2.3522,2026-06-11,16,2026-06-11T16:00:00+00:00,2,96.19,0.08,0.67,78.41,0.18,0.87,1.66,1.42
Sydney,AU,-33.8688,151.2093,2026-06-11,16,2026-06-11T16:00:00+00:00,1,76.98,0.0,0.87,30.08,0.15,1.5,2.28,0.01
Tokyo,JP,35.6762,139.6503,2026-06-11,16,2026-06-11T16:00:00+00:00,3,128.17,0.0,1.96,104.63,3.01,5.77,8.35,0.2
Antananarivo,MG,-18.8792,47.5079,2026-06-11,17,2026-06-11T17:00:00+00:00,1,142.46,0.0,1.47,41.76,0.49,5.6,9.1,1.68
Cairo,EG,30.0444,31.2357,2026-06-11,17,2026-06-11T17:00:00+00:00,3,93.26,0.02,2.58,107.02,2.98,11.54,31.68,6.69
New York,US,40.7128,-74.006,2026-06-11,17,2026-06-11T17:00:00+00:00,2,142.75,0.16,2.28,88.3,1.68,7.27,7.78,0.13
Paris,FR,48.8566,2.3522,2026-06-11,17,2026-06-11T17:00:00+00:00,2,95.91,0.07,0.77,77.94,0.18,0.97,1.76,1.63
Sydney,AU,-33.8688,151.2093,2026-06-11,17,2026-06-11T17:00:00+00:00,1,76.1,0.0,0.81,28.79,0.15,1.53,2.31,0.01
Tokyo,JP,35.6762,139.6503,2026-06-11,17,2026-06-11T17:00:00+00:00,3,129.82,0.0,2.24,104.25,3.45,6.16,8.7,0.24
Antananarivo,MG,-18.8792,47.5079,2026-06-11,18,2026-06-11T18:00:00+00:00,1,169.89,0.0,1.79,38.26,0.5,7.05,11.36,1.8
Cairo,EG,30.0444,31.2357,2026-06-11,18,2026-06-11T18:00:00+00:00,3,96.09,0.0,3.5,102.95,3.71,12.08,32.78,8.96
New York,US,40.7128,-74.006,2026-06-11,18,2026-06-11T18:00:00+00:00,2,132.24,0.1,2.3,84.16,1.43,5.52,5.94,0.21
Paris,FR,48.8566,2.3522,2026-06-11,18,2026-06-11T18:00:00+00:00,2,95.99,0.06,0.85,77.16,0.22,1.13,1.94,1.78
Sydney,AU,-33.8688,151.2093,2026-06-11,18,2026-06-11T18:00:00+00:00,1,75.5,0.0,0.77,27.65,0.15,1.56,2.35,0.01
Tokyo,JP,35.6762,139.6503,2026-06-11,18,2026-06-11T18:00:00+00:00,3,131.84,0.0,2.64,103.62,4.11,6.61,9.14,0.28
Antananarivo,MG,-18.8792,47.5079,2026-06-11,19,2026-06-11T19:00:00+00:00,1,194.24,0.0,2.06,35.5,0.55,8.45,13.56,1.93
Cairo,EG,30.0444,31.2357,2026-06-11,19,2026-06-11T19:00:00+00:00,3,97.73,0.0,4.11,100.48,4.38,12.93,33.62,10.71
New York,US,40.7128,-74.006,2026-06-11,19,2026-06-11T19:00:00+00:00,2,125.89,0.09,2.45,81.89,1.32,4.47,4.83,0.3
Paris,FR,48.8566,2.3522,2026-06-11,19,2026-06-11T19:00:00+00:00,2,96.55,0.03,1.04,76.09,0.28,1.32,2.17,1.96
Sydney,AU,-33.8688,151.2093,2026-06-11,19,2026-06-11T19:00:00+00:00,1,75.18,0.0,0.76,26.87,0.15,1.59,2.37,0.01
Tokyo,JP,35.6762,139.6503,2026-06-11,19,2026-06-11T19:00:00+00:00,3,134.16,0.0,3.15,102.53,5.03,7.18,9.71,0.31
Antananarivo,MG,-18.8792,47.5079,2026-06-11,20,2026-06-11T20:00:00+00:00,1,211.9,0.0,2.28,33.65,0.55,9.53,15.2,1.96
Cairo,EG,30.0444,31.2357,2026-06-11,20,2026-06-11T20:00:00+00:00,3,99.72,0.0,4.18,104.02,5.59,14.74,35.73,11.26
New York,US,40.7128,-74.006,2026-06-11,20,2026-06-11T20:00:00+00:00,2,123.81,0.13,2.8,80.72,1.46,4.77,5.16,0.39
Paris,FR,48.8566,2.3522,2026-06-11,20,2026-06-11T20:00:00+00:00,2,97.51,0.0,1.3,74.4,0.36,1.53,2.43,2.23
Sydney,AU,-33.8688,151.2093,2026-06-11,20,2026-06-11T20:00:00+00:00,1,75.41,0.01,0.81,26.29,0.16,1.62,2.38,0.02
Tokyo,JP,35.6762,139.6503,2026-06-11,20,2026-06-11T20:00:00+00:00,3,137.87,0.0,3.9,100.68,5.83,7.96,10.48,0.36
Antananarivo,MG,-18.8792,47.5079,2026-06-11,21,2026-06-11T21:00:00+00:00,1,212.87,0.0,2.28,32.4,0.48,9.66,15.29,1.8
Cairo,EG,30.0444,31.2357,2026-06-11,21,2026-06-11T21:00:00+00:00,3,101.2,0.0,3.76,111.81,8.61,17.86,42.63,10.21
New York,US,40.7128,-74.006,2026-06-11,21,2026-06-11T21:00:00+00:00,2,124.91,0.18,3.28,80.72,1.66,5.51,5.95,0.48
Paris,FR,48.8566,2.3522,2026-06-11,21,2026-06-11T21:00:00+00:00,2,98.65,0.0,1.46,73.55,0.42,1.69,2.67,2.51
Sydney,AU,-33.8688,151.2093,2026-06-11,21,2026-06-11T21:00:00+00:00,1,77.7,0.02,1.08,25.53,0.2,1.68,2.44,0.03
Tokyo,JP,35.6762,139.6503,2026-06-11,21,2026-06-11T21:00:00+00:00,2,143.2,0.16,5.04,99.75,6.72,9.08,11.59,0.37
Antananarivo,MG,-18.8792,47.5079,2026-06-11,22,2026-06-11T22:00:00+00:00,1,207.59,0.0,2.19,31.98,0.5,9.41,14.83,2.01
Cairo,EG,30.0444,31.2357,2026-06-11,22,2026-06-11T22:00:00+00:00,3,104.43,0.0,3.84,113.78,13.29,19.38,46.44,9.64
New York,US,40.7128,-74.006,2026-06-11,22,2026-06-11T22:00:00+00:00,2,131.99,0.24,4.81,77.24,1.95,6.21,6.66,0.58
Paris,FR,48.8566,2.3522,2026-06-11,22,2026-06-11T22:00:00+00:00,2,98.93,0.0,1.47,72.51,0.45,1.72,2.82,2.66
Sydney,AU,-33.8688,151.2093,2026-06-11,22,2026-06-11T22:00:00+00:00,1,80.76,0.06,1.56,24.43,0.25,1.74,2.51,0.04
Tokyo,JP,35.6762,139.6503,2026-06-11,22,2026-06-11T22:00:00+00:00,3,149.17,0.68,5.8,101.56,8.07,10.58,13.02,0.25
Antananarivo,MG,-18.8792,47.5079,2026-06-11,23,2026-06-11T23:00:00+00:00,1,204.49,0.0,2.14,32.95,0.59,9.23,14.54,2.46
Cairo,EG,30.0444,31.2357,2026-06-11,23,2026-06-11T23:00:00+00:00,3,112.53,0.0,5.2,106.06,16.26,18.73,44.6,12.73
New York,US,40.7128,-74.006,2026-06-11,23,2026-06-11T23:00:00+00:00,2,142.41,0.2,7.19,70.0,2.13,6.64,7.06,0.6
Paris,FR,48.8566,2.3522,2026-06-11,23,2026-06-11T23:00:00+00:00,2,99.71,0.0,1.35,72.36,0.46,1.69,3.02,2.69
Sydney,AU,-33.8688,151.2093,2026-06-11,23,2026-06-11T23:00:00+00:00,1,83.18,0.3,1.56,23.93,0.3,1.79,2.67,0.05
Tokyo,JP,35.6762,139.6503,2026-06-11,23,2026-06-11T23:00:00+00:00,3,156.3,1.34,7.03,102.64,9.2,12.44,14.87,0.2
Antananarivo,MG,-18.8792,47.5079,2026-06-12,00,2026-06-12T00:00:00+00:00,1,202.02,0.0,2.09,34.14,0.67,9.1,14.35,2.79
Cairo,EG,30.0444,31.2357,2026-06-12,00,2026-06-12T00:00:00+00:00,2,120.95,0.0,6.45,96.06,17.65,17.51,43.18,15.74
New York,US,40.7128,-74.006,2026-06-12,00,2026-06-12T00:00:00+00:00,2,150.53,0.05,9.02,64.47,2.1,6.77,7.16,0.46
Paris,FR,48.8566,2.3522,2026-06-12,00,2026-06-12T00:00:00+00:00,2,100.13,0.0,1.19,72.22,0.48,1.68,3.33,2.62
Sydney,AU,-33.8688,151.2093,2026-06-12,00,2026-06-12T00:00:00+00:00,1,83.82,0.52,1.28,25.5,0.34,1.83,2.84,0.06
Tokyo,JP,35.6762,139.6503,2026-06-12,00,2026-06-12T00:00:00+00:00,3,163.45,1.74,7.93,106.76,10.0,14.64,17.08,0.13
Antananarivo,MG,-18.8792,47.5079,2026-06-12,01,2026-06-12T01:00:00+00:00,1,199.51,0.0,2.04,35.14,0.7,8.92,14.09,2.77
Cairo,EG,30.0444,31.2357,2026-06-12,01,2026-06-12T01:00:00+00:00,2,125.49,0.0,7.21,86.01,16.84,16.48,42.91,18.13
New York,US,40.7128,-74.006,2026-06-12,01,2026-06-12T01:00:00+00:00,2,150.95,0.0,9.03,61.04,1.84,6.65,7.02,0.3
Paris,FR,48.8566,2.3522,2026-06-12,01,2026-06-12T01:00:00+00:00,2,99.76,0.0,1.03,71.96,0.49,1.72,3.73,2.37
Sydney,AU,-33.8688,151.2093,2026-06-12,01,2026-06-12T01:00:00+00:00,1,78.2,0.2,0.83,39.56,0.36,1.63,2.71,0.02
Tokyo,JP,35.6762,139.6503,2026-06-12,01,2026-06-12T01:00:00+00:00,3,169.64,1.77,8.52,112.08,10.45,17.44,19.95,0.1
Antananarivo,MG,-18.8792,47.5079,2026-06-12,02,2026-06-12T02:00:00+00:00,1,196.96,0.0,1.98,35.52,0.72,8.78,13.9,2.74
Cairo,EG,30.0444,31.2357,2026-06-12,02,2026-06-12T02:00:00+00:00,2,128.49,0.0,7.77,77.71,14.6,16.02,43.17,20.74
New York,US,40.7128,-74.006,2026-06-12,02,2026-06-12T02:00:00+00:00,1,153.77,0.0,9.01,59.95,1.71,6.74,7.1,0.2
Paris,FR,48.8566,2.3522,2026-06-12,02,2026-06-12T02:00:00+00:00,2,99.72,0.0,0.94,71.35,0.48,1.82,4.18,2.03
Sydney,AU,-33.8688,151.2093,2026-06-12,02,2026-06-12T02:00:00+00:00,1,76.2,0.16,0.7,41.6,0.36,1.67,2.7,0.01
Tokyo,JP,35.6762,139.6503,2026-06-12,02,2026-06-12T02:00:00+00:00,3,173.95,1.43,8.09,121.52,10.69,20.64,23.2,0.14
Antananarivo,MG,-18.8792,47.5079,2026-06-12,03,2026-06-12T03:00:00+00:00,1,197.98,0.0,1.99,35.25,0.75,8.85,14.08,2.72
Cairo,EG,30.0444,31.2357,2026-06-12,03,2026-06-12T03:00:00+00:00,2,130.46,0.0,8.23,70.94,12.2,15.84,43.77,23.12
New York,US,40.7128,-74.006,2026-06-12,03,2026-06-12T03:00:00+00:00,1,156.78,0.0,9.59,58.41,1.77,6.73,7.08,0.17
Paris,FR,48.8566,2.3522,2026-06-12,03,2026-06-12T03:00:00+00:00,2,99.67,0.0,0.91,69.55,0.45,1.93,4.56,1.64
Sydney,AU,-33.8688,151.2093,2026-06-12,03,2026-06-12T03:00:00+00:00,1,75.4,0.13,0.65,43.51,0.36,1.77,2.77,0.01
Tokyo,JP,35.6762,139.6503,2026-06-12,03,2026-06-12T03:00:00+00:00,3,173.4,0.92,6.71,133.76,10.99,23.51,26.04,0.12
Antananarivo,MG,-18.8792,47.5079,2026-06-12,04,2026-06-12T04:00:00+00:00,1,211.92,0.01,2.21,33.83,0.8,9.5,15.53,2.71
Cairo,EG,30.0444,31.2357,2026-06-12,04,2026-06-12T04:00:00+00:00,2,130.18,0.13,8.77,65.28,10.28,15.64,44.33,24.64
New York,US,40.7128,-74.006,2026-06-12,04,2026-06-12T04:00:00+00:00,1,155.92,0.0,9.73,56.64,1.82,6.34,6.67,0.18
Paris,FR,48.8566,2.3522,2026-06-12,04,2026-06-12T04:00:00+00:00,2,98.93,0.0,0.93,67.1,0.41,2.01,4.78,1.33
Sydney,AU,-33.8688,151.2093,2026-06-12,04,2026-06-12T04:00:00+00:00,1,75.01,0.07,0.44,47.87,0.23,1.5,2.44,0.01
Tokyo,JP,35.6762,139.6503,2026-06-12,04,2026-06-12T04:00:00+00:00,4,169.86,0.56,5.02,144.57,10.73,25.0,27.45,0.07
Antananarivo,MG,-18.8792,47.5079,2026-06-12,05,2026-06-12T05:00:00+00:00,2,230.72,0.27,2.05,33.11,0.86,10.47,17.28,2.8
Cairo,EG,30.0444,31.2357,2026-06-12,05,2026-06-12T05:00:00+00:00,2,130.8,1.17,8.12,64.39,10.28,15.52,45.35,25.04
New York,US,40.7128,-74.006,2026-06-12,05,2026-06-12T05:00:00+00:00,1,154.88,0.0,9.41,52.32,1.77,5.82,6.18,0.17
Paris,FR,48.8566,2.3522,2026-06-12,05,2026-06-12T05:00:00+00:00,2,98.33,0.0,1.16,64.32,0.38,2.06,4.87,1.22
Sydney,AU,-33.8688,151.2093,2026-06-12,05,2026-06-12T05:00:00+00:00,1,74.29,0.06,0.39,49.84,0.19,1.26,2.04,0.01
Tokyo,JP,35.6762,139.6503,2026-06-12,05,2026-06-12T05:00:00+00:00,4,162.37,0.34,3.4,150.18,9.24,24.73,27.07,0.04
Antananarivo,MG,-18.8792,47.5079,2026-06-12,06,2026-06-12T06:00:00+00:00,2,243.3,0.38,1.44,38.2,0.83,12.1,19.23,2.65
Cairo,EG,30.0444,31.2357,2026-06-12,06,2026-06-12T06:00:00+00:00,2,131.16,1.97,6.79,70.69,11.86,15.69,46.82,23.37
New York,US,40.7128,-74.006,2026-06-12,06,2026-06-12T06:00:00+00:00,1,153.66,0.0,9.01,47.52,1.74,5.14,5.57,0.16
Paris,FR,48.8566,2.3522,2026-06-12,06,2026-06-12T06:00:00+00:00,2,97.74,0.03,1.49,61.95,0.36,2.07,4.86,1.18
Sydney,AU,-33.8688,151.2093,2026-06-12,06,2026-06-12T06:00:00+00:00,1,74.4,0.04,0.46,50.24,0.21,1.18,1.89,0.02
Tokyo,JP,35.6762,139.6503,2026-06-12,06,2026-06-12T06:00:00+00:00,4,153.4,0.2,2.26,152.3,7.41,22.61,24.98,0.03
Antananarivo,MG,-18.8792,47.5079,2026-06-12,07,2026-06-12T07:00:00+00:00,2,121.78,0.09,0.37,61.32,0.71,5.67,8.9,0.88
Cairo,EG,30.0444,31.2357,2026-06-12,07,2026-06-12T07:00:00+00:00,2,129.01,1.57,4.88,87.79,14.11,17.15,49.31,19.11
New York,US,40.7128,-74.006,2026-06-12,07,2026-06-12T07:00:00+00:00,1,151.43,0.0,8.68,42.24,1.72,4.47,4.95,0.17
Paris,FR,48.8566,2.3522,2026-06-12,07,2026-06-12T07:00:00+00:00,2,97.01,0.06,1.55,60.3,0.34,1.98,4.54,1.13
Sydney,AU,-33.8688,151.2093,2026-06-12,07,2026-06-12T07:00:00+00:00,1,76.79,0.01,1.11,43.75,0.22,1.23,1.99,0.04
Tokyo,JP,35.6762,139.6503,2026-06-12,07,2026-06-12T07:00:00+00:00,4,142.29,0.1,1.29,148.23,5.08,17.62,19.64,0.02
Antananarivo,MG,-18.8792,47.5079,2026-06-12,08,2026-06-12T08:00:00+00:00,2,107.87,0.05,0.21,65.28,0.66,5.26,7.97,0.74
Cairo,EG,30.0444,31.2357,2026-06-12,08,2026-06-12T08:00:00+00:00,3,125.68,0.82,2.99,109.95,14.62,21.27,53.48,16.83
New York,US,40.7128,-74.006,2026-06-12,08,2026-06-12T08:00:00+00:00,1,149.43,0.0,8.42,37.53,1.75,3.99,4.55,0.19
Paris,FR,48.8566,2.3522,2026-06-12,08,2026-06-12T08:00:00+00:00,1,95.68,0.11,1.45,57.8,0.31,1.84,4.13,1.15
Sydney,AU,-33.8688,151.2093,2026-06-12,08,2026-06-12T08:00:00+00:00,1,81.38,0.01,2.03,35.23,0.24,1.38,2.26,0.08
Tokyo,JP,35.6762,139.6503,2026-06-12,08,2026-06-12T08:00:00+00:00,4,137.92,0.06,1.31,143.0,3.52,14.95,17.1,0.03
Antananarivo,MG,-18.8792,47.5079,2026-06-12,09,2026-06-12T09:00:00+00:00,2,101.7,0.04,0.17,65.81,0.62,5.05,7.54,0.64
Cairo,EG,30.0444,31.2357,2026-06-12,09,2026-06-12T09:00:00+00:00,3,120.06,0.37,1.65,129.41,14.24,24.56,57.09,14.63
New York,US,40.7128,-74.006,2026-06-12,09,2026-06-12T09:00:00+00:00,1,146.72,0.0,8.08,34.14,1.85,3.69,4.33,0.21
Paris,FR,48.8566,2.3522,2026-06-12,09,2026-06-12T09:00:00+00:00,1,94.36,0.15,1.26,56.49,0.29,1.7,3.77,1.2
Sydney,AU,-33.8688,151.2093,2026-06-12,09,2026-06-12T09:00:00+00:00,1,85.54,0.02,2.58,29.95,0.31,1.55,2.57,0.14
Tokyo,JP,35.6762,139.6503,2026-06-12,09,2026-06-12T09:00:00+00:00,4,137.84,0.02,1.65,140.07,2.83,13.85,16.29,0.03
Antananarivo,MG,-18.8792,47.5079,2026-06-12,10,2026-06-12T10:00:00+00:00,2,84.38,0.03,0.13,71.36,0.58,3.79,5.22,0.29
Cairo,EG,30.0444,31.2357,2026-06-12,10,2026-06-12T10:00:00+00:00,3,100.59,0.16,0.67,116.13,6.85,17.15,38.45,5.84
New York,US,40.7128,-74.006,2026-06-12,10,2026-06-12T10:00:00+00:00,1,142.31,0.0,7.76,32.03,2.05,3.57,4.27,0.23
Paris,FR,48.8566,2.3522,2026-06-12,10,2026-06-12T10:00:00+00:00,1,93.5,0.17,0.99,57.55,0.27,1.56,3.41,1.22
Sydney,AU,-33.8688,151.2093,2026-06-12,10,2026-06-12T10:00:00+00:00,1,87.79,0.03,2.81,27.0,0.4,1.7,2.75,0.19
Tokyo,JP,35.6762,139.6503,2026-06-12,10,2026-06-12T10:00:00+00:00,3,141.03,0.0,2.26,137.9,2.87,13.8,16.69,0.05
Antananarivo,MG,-18.8792,47.5079,2026-06-12,11,2026-06-12T11:00:00+00:00,2,80.52,0.04,0.14,72.49,0.55,3.64,4.8,0.25
Cairo,EG,30.0444,31.2357,2026-06-12,11,2026-06-12T11:00:00+00:00,3,93.7,0.1,0.42,107.31,3.86,14.66,31.77,2.87
New York,US,40.7128,-74.006,2026-06-12,11,2026-06-12T11:00:00+00:00,1,140.29,0.39,7.62,31.71,2.35,3.69,4.48,0.28
Paris,FR,48.8566,2.3522,2026-06-12,11,2026-06-12T11:00:00+00:00,1,92.1,0.15,0.78,59.05,0.24,1.45,3.07,1.24
Sydney,AU,-33.8688,151.2093,2026-06-12,11,2026-06-12T11:00:00+00:00,1,88.94,0.04,2.68,24.79,0.36,1.81,2.8,0.12
Tokyo,JP,35.6762,139.6503,2026-06-12,11,2026-06-12T11:00:00+00:00,3,145.17,0.0,2.81,135.53,3.21,14.29,17.57,0.11
Antananarivo,MG,-18.8792,47.5079,2026-06-12,12,2026-06-12T12:00:00+00:00,2,80.3,0.04,0.17,72.36,0.53,3.74,4.86,0.26
Cairo,EG,30.0444,31.2357,2026-06-12,12,2026-06-12T12:00:00+00:00,3,91.95,0.09,0.38,105.97,3.2,14.22,31.04,2.07
New York,US,40.7128,-74.006,2026-06-12,12,2026-06-12T12:00:00+00:00,1,140.84,1.48,6.92,34.19,2.67,4.09,4.98,0.33
Paris,FR,48.8566,2.3522,2026-06-12,12,2026-06-12T12:00:00+00:00,2,90.52,0.12,0.62,60.49,0.2,1.35,2.67,1.25
Sydney,AU,-33.8688,151.2093,2026-06-12,12,2026-06-12T12:00:00+00:00,1,89.92,0.04,2.51,23.54,0.32,1.89,2.77,0.07
Tokyo,JP,35.6762,139.6503,2026-06-12,12,2026-06-12T12:00:00+00:00,3,149.13,0.0,3.2,133.51,3.54,14.94,18.43,0.17
Antananarivo,MG,-18.8792,47.5079,2026-06-12,13,2026-06-12T13:00:00+00:00,2,88.49,0.05,0.32,69.3,0.54,4.27,5.67,0.48
Cairo,EG,30.0444,31.2357,2026-06-12,13,2026-06-12T13:00:00+00:00,3,91.01,0.08,0.37,105.98,2.81,13.36,29.67,1.59
New York,US,40.7128,-74.006,2026-06-12,13,2026-06-12T13:00:00+00:00,1,139.61,1.99,6.18,41.65,2.92,4.85,5.75,0.31
Paris,FR,48.8566,2.3522,2026-06-12,13,2026-06-12T13:00:00+00:00,2,89.27,0.12,0.44,61.92,0.17,1.24,2.3,1.17
Sydney,AU,-33.8688,151.2093,2026-06-12,13,2026-06-12T13:00:00+00:00,1,90.16,0.04,2.45,22.05,0.32,2.03,2.8,0.05
Tokyo,JP,35.6762,139.6503,2026-06-12,13,2026-06-12T13:00:00+00:00,3,152.48,0.0,3.46,132.49,3.94,15.63,19.01,0.27
Antananarivo,MG,-18.8792,47.5079,2026-06-12,14,2026-06-12T14:00:00+00:00,2,105.21,0.04,0.7,64.06,0.59,5.23,7.19,0.85
Cairo,EG,30.0444,31.2357,2026-06-12,14,2026-06-12T14:00:00+00:00,3,89.34,0.08,0.4,105.37,2.42,11.85,27.16,1.35
New York,US,40.7128,-74.006,2026-06-12,14,2026-06-12T14:00:00+00:00,1,138.29,1.87,5.54,51.62,3.04,5.77,6.67,0.29
Paris,FR,48.8566,2.3522,2026-06-12,14,2026-06-12T14:00:00+00:00,2,87.09,0.11,0.39,61.67,0.15,1.21,2.11,1.12
Sydney,AU,-33.8688,151.2093,2026-06-12,14,2026-06-12T14:00:00+00:00,1,90.95,0.04,2.49,20.27,0.33,2.24,2.99,0.04
Tokyo,JP,35.6762,139.6503,2026-06-12,14,2026-06-12T14:00:00+00:00,3,155.93,0.0,3.88,129.82,4.53,16.7,20.01,0.33
Antananarivo,MG,-18.8792,47.5079,2026-06-12,15,2026-06-12T15:00:00+00:00,1,123.82,0.0,1.17,59.92,0.63,6.28,8.81,1.17
Cairo,EG,30.0444,31.2357,2026-06-12,15,2026-06-12T15:00:00+00:00,3,87.92,0.07,0.48,104.76,2.01,10.39,24.79,1.3
New York,US,40.7128,-74.006,2026-06-12,15,2026-06-12T15:00:00+00:00,2,137.85,1.31,4.58,68.03,3.13,7.68,8.6,0.27
Paris,FR,48.8566,2.3522,2026-06-12,15,2026-06-12T15:00:00+00:00,2,85.9,0.11,0.43,62.19,0.14,1.22,2.02,1.18
Sydney,AU,-33.8688,151.2093,2026-06-12,15,2026-06-12T15:00:00+00:00,1,91.38,0.02,2.54,18.64,0.37,2.52,3.28,0.03
Tokyo,JP,35.6762,139.6503,2026-06-12,15,2026-06-12T15:00:00+00:00,3,160.28,0.0,4.18,127.86,5.29,18.16,21.33,0.36
Antananarivo,MG,-18.8792,47.5079,2026-06-12,16,2026-06-12T16:00:00+00:00,1,151.87,0.0,1.66,54.9,0.72,7.81,11.21,1.75
Cairo,EG,30.0444,31.2357,2026-06-12,16,2026-06-12T16:00:00+00:00,3,88.76,0.08,1.03,104.2,1.95,9.64,24.67,2.77
New York,US,40.7128,-74.006,2026-06-12,16,2026-06-12T16:00:00+00:00,2,127.01,0.49,2.47,82.95,2.44,7.9,8.53,0.13
Paris,FR,48.8566,2.3522,2026-06-12,16,2026-06-12T16:00:00+00:00,2,86.28,0.13,0.5,63.64,0.13,1.26,1.98,1.3
Sydney,AU,-33.8688,151.2093,2026-06-12,16,2026-06-12T16:00:00+00:00,1,92.04,0.02,2.67,17.27,0.45,2.97,3.77,0.02
Tokyo,JP,35.6762,139.6503,2026-06-12,16,2026-06-12T16:00:00+00:00,3,163.39,0.0,3.78,129.34,5.85,18.83,21.59,0.34
Antananarivo,MG,-18.8792,47.5079,2026-06-12,17,2026-06-12T17:00:00+00:00,2,192.1,0.0,2.24,51.08,0.93,10.04,14.71,2.73
Cairo,EG,30.0444,31.2357,2026-06-12,17,2026-06-12T17:00:00+00:00,3,91.1,0.02,2.04,101.71,2.18,9.35,25.61,5.17
New York,US,40.7128,-74.006,2026-06-12,17,2026-06-12T17:00:00+00:00,2,119.85,0.24,1.7,85.85,1.84,6.9,7.36,0.13
Paris,FR,48.8566,2.3522,2026-06-12,17,2026-06-12T17:00:00+00:00,2,86.26,0.12,0.57,64.81,0.14,1.32,1.99,1.47
Sydney,AU,-33.8688,151.2093,2026-06-12,17,2026-06-12T17:00:00+00:00,1,93.14,0.01,2.98,15.88,0.56,3.61,4.47,0.02
Tokyo,JP,35.6762,139.6503,2026-06-12,17,2026-06-12T17:00:00+00:00,3,168.97,0.0,3.88,129.15,6.38,19.82,22.21,0.3
Antananarivo,MG,-18.8792,47.5079,2026-06-12,18,2026-06-12T18:00:00+00:00,2,229.84,0.0,2.71,49.3,1.18,12.3,18.12,3.78
Cairo,EG,30.0444,31.2357,2026-06-12,18,2026-06-12T18:00:00+00:00,2,93.45,0.0,2.67,99.42,2.44,9.22,26.39,6.96
New York,US,40.7128,-74.006,2026-06-12,18,2026-06-12T18:00:00+00:00,2,116.95,0.17,1.69,85.93,1.55,6.0,6.4,0.21
Paris,FR,48.8566,2.3522,2026-06-12,18,2026-06-12T18:00:00+00:00,2,86.51,0.1,0.67,65.45,0.14,1.37,2.01,1.65
Sydney,AU,-33.8688,151.2093,2026-06-12,18,2026-06-12T18:00:00+00:00,1,94.32,0.01,3.35,14.47,0.64,4.37,5.29,0.01
Tokyo,JP,35.6762,139.6503,2026-06-12,18,2026-06-12T18:00:00+00:00,3,175.93,0.0,4.32,128.23,7.13,21.18,23.34,0.25
Antananarivo,MG,-18.8792,47.5079,2026-06-12,19,2026-06-12T19:00:00+00:00,2,261.2,0.0,3.06,48.14,1.44,14.28,21.02,4.85
Cairo,EG,30.0444,31.2357,2026-06-12,19,2026-06-12T19:00:00+00:00,2,94.34,0.0,2.98,97.83,2.65,9.34,27.06,8.1
New York,US,40.7128,-74.006,2026-06-12,19,2026-06-12T19:00:00+00:00,2,117.5,0.16,2.12,85.55,1.5,5.2,5.55,0.29
Paris,FR,48.8566,2.3522,2026-06-12,19,2026-06-12T19:00:00+00:00,2,86.85,0.07,1.07,60.82,0.14,1.45,2.12,1.98
Sydney,AU,-33.8688,151.2093,2026-06-12,19,2026-06-12T19:00:00+00:00,1,95.08,0.02,3.65,13.24,0.67,5.16,6.13,0.01
Tokyo,JP,35.6762,139.6503,2026-06-12,19,2026-06-12T19:00:00+00:00,3,182.89,0.0,5.08,126.17,8.0,22.73,24.87,0.24
Antananarivo,MG,-18.8792,47.5079,2026-06-12,20,2026-06-12T20:00:00+00:00,2,282.72,0.0,3.23,47.13,1.57,15.77,23.0,5.48
Cairo,EG,30.0444,31.2357,2026-06-12,20,2026-06-12T20:00:00+00:00,2,95.29,0.0,2.86,99.6,2.93,10.03,28.4,8.17
New York,US,40.7128,-74.006,2026-06-12,20,2026-06-12T20:00:00+00:00,2,119.51,0.21,2.86,84.04,1.56,4.7,5.02,0.35
Paris,FR,48.8566,2.3522,2026-06-12,20,2026-06-12T20:00:00+00:00,1,87.27,0.01,1.73,52.76,0.14,1.58,2.3,2.39
Sydney,AU,-33.8688,151.2093,2026-06-12,20,2026-06-12T20:00:00+00:00,1,95.4,0.02,3.95,12.46,0.71,5.91,6.92,0.01
Tokyo,JP,35.6762,139.6503,2026-06-12,20,2026-06-12T20:00:00+00:00,3,193.15,0.0,6.41,120.55,9.43,25.61,28.02,0.26
Antananarivo,MG,-18.8792,47.5079,2026-06-12,21,2026-06-12T21:00:00+00:00,2,286.26,0.0,3.12,45.04,1.45,16.24,23.26,5.3
Cairo,EG,30.0444,31.2357,2026-06-12,21,2026-06-12T21:00:00+00:00,3,95.72,0.0,2.49,102.5,3.87,11.4,31.05,7.36
New York,US,40.7128,-74.006,2026-06-12,21,2026-06-12T21:00:00+00:00,2,122.71,0.24,3.77,82.3,1.57,4.38,4.66,0.38
Paris,FR,48.8566,2.3522,2026-06-12,21,2026-06-12T21:00:00+00:00,1,87.79,0.0,2.22,46.68,0.13,1.72,2.5,2.56
Sydney,AU,-33.8688,151.2093,2026-06-12,21,2026-06-12T21:00:00+00:00,1,97.03,0.06,4.44,12.09,0.78,6.62,7.69,0.02
Tokyo,JP,35.6762,139.6503,2026-06-12,21,2026-06-12T21:00:00+00:00,3,205.05,0.02,8.4,114.6,11.09,29.2,31.95,0.24
Antananarivo,MG,-18.8792,47.5079,2026-06-12,22,2026-06-12T22:00:00+00:00,2,279.07,0.0,2.84,41.77,1.06,15.87,22.2,4.2
Cairo,EG,30.0444,31.2357,2026-06-12,22,2026-06-12T22:00:00+00:00,3,95.33,0.0,2.41,102.02,5.88,12.9,33.7,6.78
New York,US,40.7128,-74.006,2026-06-12,22,2026-06-12T22:00:00+00:00,2,129.21,0.3,5.26,80.89,1.71,4.68,4.94,0.42
Paris,FR,48.8566,2.3522,2026-06-12,22,2026-06-12T22:00:00+00:00,1,86.63,0.0,2.43,42.23,0.11,1.82,2.65,2.2
Sydney,AU,-33.8688,151.2093,2026-06-12,22,2026-06-12T22:00:00+00:00,1,100.03,0.16,5.17,11.9,0.93,7.26,8.44,0.04
Tokyo,JP,35.6762,139.6503,2026-06-12,22,2026-06-12T22:00:00+00:00,3,217.48,0.11,11.45,108.34,13.01,33.19,36.29,0.19
Antananarivo,MG,-18.8792,47.5079,2026-06-12,23,2026-06-12T23:00:00+00:00,2,273.47,0.0,2.6,40.4,0.9,15.59,21.62,3.73
Cairo,EG,30.0444,31.2357,2026-06-12,23,2026-06-12T23:00:00+00:00,2,97.49,0.0,2.83,99.25,8.4,14.39,36.38,8.05
New York,US,40.7128,-74.006,2026-06-12,23,2026-06-12T23:00:00+00:00,2,137.0,0.32,7.01,78.95,1.9,5.06,5.32,0.46
Paris,FR,48.8566,2.3522,2026-06-12,23,2026-06-12T23:00:00+00:00,1,86.33,0.0,2.22,40.41,0.1,1.92,2.82,1.73
Sydney,AU,-33.8688,151.2093,2026-06-12,23,2026-06-12T23:00:00+00:00,1,101.75,0.62,5.03,12.75,1.08,7.64,8.91,0.04
Tokyo,JP,35.6762,139.6503,2026-06-12,23,2026-06-12T23:00:00+00:00,3,230.31,0.28,14.65,103.37,14.7,37.06,40.43,0.16
Antananarivo,MG,-18.8792,47.5079,2026-06-13,00,2026-06-13T00:00:00+00:00,2,266.89,0.0,2.38,40.28,0.85,15.31,21.12,3.57
Cairo,EG,30.0444,31.2357,2026-06-13,00,2026-06-13T00:00:00+00:00,2,100.98,0.0,3.43,95.55,11.2,15.96,39.37,9.97
New York,US,40.7128,-74.006,2026-06-13,00,2026-06-13T00:00:00+00:00,2,142.96,0.15,8.54,75.8,1.97,4.92,5.21,0.47
Paris,FR,48.8566,2.3522,2026-06-13,00,2026-06-13T00:00:00+00:00,1,86.3,0.0,1.94,39.32,0.1,2.05,3.08,1.37
Sydney,AU,-33.8688,151.2093,2026-06-13,00,2026-06-13T00:00:00+00:00,1,101.33,1.21,4.29,14.56,1.23,7.69,9.0,0.03
Tokyo,JP,35.6762,139.6503,2026-06-13,00,2026-06-13T00:00:00+00:00,3,240.86,0.58,16.93,101.79,15.98,40.49,44.05,0.14
Antananarivo,MG,-18.8792,47.5079,2026-06-13,01,2026-06-13T01:00:00+00:00,2,256.81,0.0,2.16,40.07,0.77,14.78,20.26,3.15
Cairo,EG,30.0444,31.2357,2026-06-13,01,2026-06-13T01:00:00+00:00,2,103.93,0.0,4.16,89.09,13.04,17.16,41.55,12.7
New York,US,40.7128,-74.006,2026-06-13,01,2026-06-13T01:00:00+00:00,2,145.6,0.0,8.89,69.43,1.96,4.45,4.78,0.49
Paris,FR,48.8566,2.3522,2026-06-13,01,2026-06-13T01:00:00+00:00,1,85.52,0.0,1.7,37.98,0.11,2.18,3.39,1.1
Sydney,AU,-33.8688,151.2093,2026-06-13,01,2026-06-13T01:00:00+00:00,1,96.82,1.09,4.56,23.19,2.27,7.38,8.51,0.0
Tokyo,JP,35.6762,139.6503,2026-06-13,01,2026-06-13T01:00:00+00:00,3,246.86,0.83,17.57,105.29,16.51,42.99,46.64,0.13
Antananarivo,MG,-18.8792,47.5079,2026-06-13,02,2026-06-13T02:00:00+00:00,2,247.32,0.0,1.97,40.06,0.68,14.21,19.28,2.75
Cairo,EG,30.0444,31.2357,2026-06-13,02,2026-06-13T02:00:00+00:00,2,107.4,0.0,4.86,82.56,13.19,18.13,43.48,15.98
New York,US,40.7128,-74.006,2026-06-13,02,2026-06-13T02:00:00+00:00,2,149.96,0.0,8.79,62.99,2.09,4.09,4.53,0.58
Paris,FR,48.8566,2.3522,2026-06-13,02,2026-06-13T02:00:00+00:00,1,85.45,0.0,1.54,35.49,0.11,2.29,3.66,0.91
Sydney,AU,-33.8688,151.2093,2026-06-13,02,2026-06-13T02:00:00+00:00,1,93.0,0.96,4.41,28.15,2.44,7.02,8.04,0.0
Tokyo,JP,35.6762,139.6503,2026-06-13,02,2026-06-13T02:00:00+00:00,3,243.19,0.83,16.45,111.84,15.43,43.0,47.04,0.12
Antananarivo,MG,-18.8792,47.5079,2026-06-13,03,2026-06-13T03:00:00+00:00,2,238.87,0.0,1.83,40.61,0.6,13.73,18.61,2.37
Cairo,EG,30.0444,31.2357,2026-06-13,03,2026-06-13T03:00:00+00:00,2,110.36,0.0,5.42,76.45,12.25,19.18,45.73,18.84
New York,US,40.7128,-74.006,2026-06-13,03,2026-06-13T03:00:00+00:00,1,154.86,0.0,9.03,56.18,2.25,3.81,4.36,0.7
Paris,FR,48.8566,2.3522,2026-06-13,03,2026-06-13T03:00:00+00:00,1,85.29,0.0,1.42,32.56,0.1,2.33,3.81,0.83
Sydney,AU,-33.8688,151.2093,2026-06-13,03,2026-06-13T03:00:00+00:00,1,90.48,0.82,4.57,32.94,2.69,6.95,8.06,0.0
Tokyo,JP,35.6762,139.6503,2026-06-13,03,2026-06-13T03:00:00+00:00,3,229.06,0.73,13.7,120.93,13.14,40.03,44.7,0.09
Antananarivo,MG,-18.8792,47.5079,2026-06-13,04,2026-06-13T04:00:00+00:00,2,226.99,0.0,1.71,45.01,0.56,12.69,17.71,1.99
Cairo,EG,30.0444,31.2357,2026-06-13,04,2026-06-13T04:00:00+00:00,2,112.23,0.09,6.07,70.33,11.34,19.96,47.9,20.81
New York,US,40.7128,-74.006,2026-06-13,04,2026-06-13T04:00:00+00:00,1,158.12,0.0,9.39,48.98,2.41,3.65,4.29,0.86
Paris,FR,48.8566,2.3522,2026-06-13,04,2026-06-13T04:00:00+00:00,1,84.48,0.0,1.37,29.77,0.1,2.28,3.79,0.78
Sydney,AU,-33.8688,151.2093,2026-06-13,04,2026-06-13T04:00:00+00:00,1,88.68,0.52,4.48,38.93,2.56,6.79,7.91,0.0
Tokyo,JP,35.6762,139.6503,2026-06-13,04,2026-06-13T04:00:00+00:00,3,206.64,0.6,9.81,128.73,10.04,34.22,39.61,0.08
Antananarivo,MG,-18.8792,47.5079,2026-06-13,05,2026-06-13T05:00:00+00:00,2,227.33,0.14,1.55,44.8,0.5,12.27,17.56,1.79
Cairo,EG,30.0444,31.2357,2026-06-13,05,2026-06-13T05:00:00+00:00,3,115.1,0.83,5.88,68.34,11.99,20.7,50.86,21.96
New York,US,40.7128,-74.006,2026-06-13,05,2026-06-13T05:00:00+00:00,1,162.72,0.0,9.74,43.09,2.64,3.79,4.49,1.08
Paris,FR,48.8566,2.3522,2026-06-13,05,2026-06-13T05:00:00+00:00,1,84.66,0.01,1.56,27.91,0.11,2.18,3.71,0.77
Sydney,AU,-33.8688,151.2093,2026-06-13,05,2026-06-13T05:00:00+00:00,1,89.4,0.39,5.11,38.01,2.34,6.91,8.22,0.0
Tokyo,JP,35.6762,139.6503,2026-06-13,05,2026-06-13T05:00:00+00:00,3,181.16,0.36,5.88,132.86,6.96,28.03,34.42,0.05
Antananarivo,MG,-18.8792,47.5079,2026-06-13,06,2026-06-13T06:00:00+00:00,2,229.41,0.22,1.04,47.92,0.5,12.76,18.21,1.8
Cairo,EG,30.0444,31.2357,2026-06-13,06,2026-06-13T06:00:00+00:00,3,118.22,1.42,5.01,72.9,14.03,22.81,55.86,21.42
New York,US,40.7128,-74.006,2026-06-13,06,2026-06-13T06:00:00+00:00,1,166.63,0.0,9.78,39.78,2.89,4.23,4.97,1.35
Paris,FR,48.8566,2.3522,2026-06-13,06,2026-06-13T06:00:00+00:00,1,85.67,0.09,1.88,27.59,0.12,2.03,3.58,0.82
Sydney,AU,-33.8688,151.2093,2026-06-13,06,2026-06-13T06:00:00+00:00,1,92.27,0.2,6.46,35.58,2.32,7.42,8.99,0.0
Tokyo,JP,35.6762,139.6503,2026-06-13,06,2026-06-13T06:00:00+00:00,3,158.43,0.18,2.94,134.93,4.76,23.0,30.93,0.02
Antananarivo,MG,-18.8792,47.5079,2026-06-13,07,2026-06-13T07:00:00+00:00,2,134.14,0.06,0.27,62.62,0.48,6.81,9.51,1.07
Cairo,EG,30.0444,31.2357,2026-06-13,07,2026-06-13T07:00:00+00:00,3,118.99,1.09,3.54,89.41,16.96,26.1,61.61,18.34
New York,US,40.7128,-74.006,2026-06-13,07,2026-06-13T07:00:00+00:00,1,163.11,0.0,8.55,42.86,2.96,4.65,5.35,1.46
Paris,FR,48.8566,2.3522,2026-06-13,07,2026-06-13T07:00:00+00:00,1,86.3,0.21,1.72,29.47,0.14,1.8,3.28,0.9
Sydney,AU,-33.8688,151.2093,2026-06-13,07,2026-06-13T07:00:00+00:00,1,96.7,0.02,7.9,32.52,2.18,8.22,10.03,0.02
Tokyo,JP,35.6762,139.6503,2026-06-13,07,2026-06-13T07:00:00+00:00,3,141.4,0.09,1.34,134.74,3.35,19.4,27.98,0.0
Antananarivo,MG,-18.8792,47.5079,2026-06-13,08,2026-06-13T08:00:00+00:00,2,119.47,0.04,0.16,63.74,0.43,6.07,8.29,0.9
Cairo,EG,30.0444,31.2357,2026-06-13,08,2026-06-13T08:00:00+00:00,3,116.9,0.51,1.96,110.02,16.37,28.62,65.3,17.15
New York,US,40.7128,-74.006,2026-06-13,08,2026-06-13T08:00:00+00:00,1,155.81,0.0,7.07,46.97,2.74,4.79,5.41,1.39
Paris,FR,48.8566,2.3522,2026-06-13,08,2026-06-13T08:00:00+00:00,1,85.74,0.41,1.43,29.27,0.13,1.67,3.03,0.96
Sydney,AU,-33.8688,151.2093,2026-06-13,08,2026-06-13T08:00:00+00:00,1,100.9,0.0,8.41,28.7,1.73,8.81,10.71,0.07
Tokyo,JP,35.6762,139.6503,2026-06-13,08,2026-06-13T08:00:00+00:00,3,135.26,0.06,1.08,131.48,2.65,18.75,27.89,0.0
Antananarivo,MG,-18.8792,47.5079,2026-06-13,09,2026-06-13T09:00:00+00:00,2,113.06,0.03,0.13,63.16,0.4,5.74,7.76,0.77
Cairo,EG,30.0444,31.2357,2026-06-13,09,2026-06-13T09:00:00+00:00,3,113.28,0.27,1.18,125.03,14.63,29.91,67.45,15.55
New York,US,40.7128,-74.006,2026-06-13,09,2026-06-13T09:00:00+00:00,1,148.46,0.0,6.01,50.31,2.46,4.81,5.36,1.24
Paris,FR,48.8566,2.3522,2026-06-13,09,2026-06-13T09:00:00+00:00,1,85.01,0.46,1.11,31.04,0.12,1.58,2.81,1.07
Sydney,AU,-33.8688,151.2093,2026-06-13,09,2026-06-13T09:00:00+00:00,1,102.41,0.01,7.79,26.21,1.22,8.47,10.2,0.09
Tokyo,JP,35.6762,139.6503,2026-06-13,09,2026-06-13T09:00:00+00:00,3,133.96,0.03,1.15,129.28,2.38,19.03,28.25,0.0
Antananarivo,MG,-18.8792,47.5079,2026-06-13,10,2026-06-13T10:00:00+00:00,2,102.03,0.03,0.11,65.17,0.36,4.86,6.54,0.6
Cairo,EG,30.0444,31.2357,2026-06-13,10,2026-06-13T10:00:00+00:00,3,101.33,0.15,0.66,124.33,8.45,21.18,49.21,8.31
New York,US,40.7128,-74.006,2026-06-13,10,2026-06-13T10:00:00+00:00,1,140.72,0.0,5.43,52.84,2.22,4.87,5.34,1.06
Paris,FR,48.8566,2.3522,2026-06-13,10,2026-06-13T10:00:00+00:00,1,85.07,0.31,0.63,39.66,0.1,1.28,2.14,1.01
Sydney,AU,-33.8688,151.2093,2026-06-13,10,2026-06-13T10:00:00+00:00,1,100.76,0.01,6.79,24.33,0.92,7.7,9.23,0.08
Tokyo,JP,35.6762,139.6503,2026-06-13,10,2026-06-13T10:00:00+00:00,3,133.95,0.0,1.17,128.36,2.26,18.89,27.8,0.0
Antananarivo,MG,-18.8792,47.5079,2026-06-13,11,2026-06-13T11:00:00+00:00,2,97.92,0.02,0.11,65.07,0.34,4.66,6.21,0.55
Cairo,EG,30.0444,31.2357,2026-06-13,11,2026-06-13T11:00:00+00:00,3,93.45,0.11,0.45,117.18,4.97,15.31,36.88,4.99
New York,US,40.7128,-74.006,2026-06-13,11,2026-06-13T11:00:00+00:00,1,137.24,0.17,5.53,56.76,2.12,5.17,5.62,0.93
Paris,FR,48.8566,2.3522,2026-06-13,11,2026-06-13T11:00:00+00:00,1,83.76,0.19,0.46,44.86,0.08,1.22,1.87,1.0
Sydney,AU,-33.8688,151.2093,2026-06-13,11,2026-06-13T11:00:00+00:00,1,99.23,0.01,5.97,23.36,0.75,6.99,8.34,0.06
Tokyo,JP,35.6762,139.6503,2026-06-13,11,2026-06-13T11:00:00+00:00,3,134.37,0.0,1.1,128.01,2.22,18.2,26.56,0.0
Antananarivo,MG,-18.8792,47.5079,2026-06-13,12,2026-06-13T12:00:00+00:00,2,97.14,0.02,0.12,64.3,0.33,4.71,6.23,0.55
Cairo,EG,30.0444,31.2357,2026-06-13,12,2026-06-13T12:00:00+00:00,3,90.72,0.09,0.39,112.71,3.72,13.21,32.13,3.85
New York,US,40.7128,-74.006,2026-06-13,12,2026-06-13T12:00:00+00:00,2,136.79,0.71,5.17,63.66,2.08,5.68,6.13,0.85
Paris,FR,48.8566,2.3522,2026-06-13,12,2026-06-13T12:00:00+00:00,1,82.73,0.15,0.38,47.86,0.07,1.21,1.74,0.99
Sydney,AU,-33.8688,151.2093,2026-06-13,12,2026-06-13T12:00:00+00:00,1,97.15,0.01,5.21,23.23,0.66,6.21,7.36,0.05
Tokyo,JP,35.6762,139.6503,2026-06-13,12,2026-06-13T12:00:00+00:00,3,134.9,0.0,1.04,127.81,2.18,17.39,25.2,0.0
Antananarivo,MG,-18.8792,47.5079,2026-06-13,13,2026-06-13T13:00:00+00:00,1,107.22,0.05,0.29,58.98,0.35,5.33,7.14,0.77
Cairo,EG,30.0444,31.2357,2026-06-13,13,2026-06-13T13:00:00+00:00,3,89.42,0.07,0.32,104.73,2.36,10.56,26.23,2.29
New York,US,40.7128,-74.006,2026-06-13,13,2026-06-13T13:00:00+00:00,2,134.62,0.87,4.2,77.51,1.9,6.18,6.6,0.78
Paris,FR,48.8566,2.3522,2026-06-13,13,2026-06-13T13:00:00+00:00,1,83.8,0.12,0.33,51.09,0.05,1.07,1.5,0.94
Sydney,AU,-33.8688,151.2093,2026-06-13,13,2026-06-13T13:00:00+00:00,1,94.01,0.01,4.6,23.81,0.62,5.4,6.36,0.04
Tokyo,JP,35.6762,139.6503,2026-06-13,13,2026-06-13T13:00:00+00:00,3,135.29,0.0,1.24,126.06,2.25,16.74,24.07,0.01
Antananarivo,MG,-18.8792,47.5079,2026-06-13,14,2026-06-13T14:00:00+00:00,1,126.39,0.05,0.7,51.25,0.39,6.44,8.81,1.11
Cairo,EG,30.0444,31.2357,2026-06-13,14,2026-06-13T14:00:00+00:00,2,87.99,0.06,0.31,97.81,1.54,9.2,24.03,1.53
New York,US,40.7128,-74.006,2026-06-13,14,2026-06-13T14:00:00+00:00,2,133.79,0.68,3.23,90.98,1.82,6.85,7.26,0.76
Paris,FR,48.8566,2.3522,2026-06-13,14,2026-06-13T14:00:00+00:00,1,83.7,0.11,0.31,52.85,0.05,0.95,1.31,0.97
Sydney,AU,-33.8688,151.2093,2026-06-13,14,2026-06-13T14:00:00+00:00,1,90.63,0.0,4.0,25.22,0.58,4.61,5.4,0.03
Tokyo,JP,35.6762,139.6503,2026-06-13,14,2026-06-13T14:00:00+00:00,3,136.26,0.0,1.54,124.08,2.4,16.25,23.15,0.06
Antananarivo,MG,-18.8792,47.5079,2026-06-13,15,2026-06-13T15:00:00+00:00,1,147.06,0.0,1.2,45.22,0.42,7.58,10.51,1.42
Cairo,EG,30.0444,31.2357,2026-06-13,15,2026-06-13T15:00:00+00:00,2,87.33,0.06,0.35,93.94,1.12,8.75,23.98,1.33
New York,US,40.7128,-74.006,2026-06-13,15,2026-06-13T15:00:00+00:00,3,134.01,0.42,2.22,105.41,1.8,8.29,8.72,0.75
Paris,FR,48.8566,2.3522,2026-06-13,15,2026-06-13T15:00:00+00:00,1,83.34,0.1,0.33,54.29,0.04,0.88,1.2,1.04
Sydney,AU,-33.8688,151.2093,2026-06-13,15,2026-06-13T15:00:00+00:00,1,86.98,0.0,3.37,27.06,0.55,3.93,4.62,0.03
Tokyo,JP,35.6762,139.6503,2026-06-13,15,2026-06-13T15:00:00+00:00,3,137.47,0.0,1.76,122.17,2.56,15.83,22.33,0.13
Antananarivo,MG,-18.8792,47.5079,2026-06-13,16,2026-06-13T16:00:00+00:00,1,169.34,0.0,1.59,40.74,0.52,8.83,12.43,1.94
Cairo,EG,30.0444,31.2357,2026-06-13,16,2026-06-13T16:00:00+00:00,2,89.38,0.08,1.06,90.07,1.21,9.05,26.23,4.37
New York,US,40.7128,-74.006,2026-06-13,16,2026-06-13T16:00:00+00:00,3,129.83,0.23,1.35,116.79,1.51,8.43,8.8,0.66
Paris,FR,48.8566,2.3522,2026-06-13,16,2026-06-13T16:00:00+00:00,1,83.59,0.1,0.37,56.78,0.04,0.8,1.09,1.08
Sydney,AU,-33.8688,151.2093,2026-06-13,16,2026-06-13T16:00:00+00:00,1,83.77,0.0,2.74,29.37,0.5,3.29,3.98,0.02
Tokyo,JP,35.6762,139.6503,2026-06-13,16,2026-06-13T16:00:00+00:00,3,138.25,0.0,1.88,120.35,2.72,15.45,21.51,0.24
Antananarivo,MG,-18.8792,47.5079,2026-06-13,17,2026-06-13T17:00:00+00:00,2,193.34,0.0,1.91,38.09,0.66,10.27,14.58,2.44
Cairo,EG,30.0444,31.2357,2026-06-13,17,2026-06-13T17:00:00+00:00,2,92.64,0.02,2.43,84.2,1.76,9.77,29.66,9.21
New York,US,40.7128,-74.006,2026-06-13,17,2026-06-13T17:00:00+00:00,3,125.14,0.17,1.03,119.99,1.29,8.18,8.51,0.58
Paris,FR,48.8566,2.3522,2026-06-13,17,2026-06-13T17:00:00+00:00,1,83.41,0.08,0.42,58.34,0.05,0.78,1.06,1.18
Sydney,AU,-33.8688,151.2093,2026-06-13,17,2026-06-13T17:00:00+00:00,1,81.1,0.0,2.31,30.92,0.46,2.81,3.57,0.03
Tokyo,JP,35.6762,139.6503,2026-06-13,17,2026-06-13T17:00:00+00:00,3,139.09,0.0,1.99,118.52,2.88,15.15,20.98,0.3
Antananarivo,MG,-18.8792,47.5079,2026-06-13,18,2026-06-13T18:00:00+00:00,2,210.82,0.0,2.11,36.01,0.74,11.42,16.14,2.71
Cairo,EG,30.0444,31.2357,2026-06-13,18,2026-06-13T18:00:00+00:00,2,95.92,0.0,3.61,78.29,2.43,10.61,33.23,13.32
New York,US,40.7128,-74.006,2026-06-13,18,2026-06-13T18:00:00+00:00,3,125.55,0.16,0.99,123.76,1.3,9.03,9.38,0.56
Paris,FR,48.8566,2.3522,2026-06-13,18,2026-06-13T18:00:00+00:00,1,83.76,0.05,0.5,58.02,0.05,0.79,1.07,1.35
Sydney,AU,-33.8688,151.2093,2026-06-13,18,2026-06-13T18:00:00+00:00,1,79.06,0.0,2.06,32.2,0.46,2.45,3.24,0.04
Tokyo,JP,35.6762,139.6503,2026-06-13,18,2026-06-13T18:00:00+00:00,3,139.02,0.0,2.08,116.87,3.08,14.8,20.5,0.3
Antananarivo,MG,-18.8792,47.5079,2026-06-13,19,2026-06-13T19:00:00+00:00,2,217.44,0.0,2.15,34.16,0.78,11.85,16.58,2.88
Cairo,EG,30.0444,31.2357,2026-06-13,19,2026-06-13T19:00:00+00:00,2,99.48,0.0,4.96,71.05,3.19,11.42,35.93,17.73
New York,US,40.7128,-74.006,2026-06-13,19,2026-06-13T19:00:00+00:00,3,124.63,0.15,0.97,124.29,1.24,8.96,9.32,0.52
Paris,FR,48.8566,2.3522,2026-06-13,19,2026-06-13T19:00:00+00:00,1,84.18,0.03,0.88,53.48,0.07,0.86,1.21,1.85
Sydney,AU,-33.8688,151.2093,2026-06-13,19,2026-06-13T19:00:00+00:00,1,77.59,0.0,1.84,33.61,0.45,2.1,2.79,0.03
Tokyo,JP,35.6762,139.6503,2026-06-13,19,2026-06-13T19:00:00+00:00,3,138.25,0.0,2.14,115.67,3.27,14.39,19.8,0.24
Antananarivo,MG,-18.8792,47.5079,2026-06-13,20,2026-06-13T20:00:00+00:00,2,222.49,0.0,2.18,32.2,0.78,12.11,16.89,2.96
Cairo,EG,30.0444,31.2357,2026-06-13,20,2026-06-13T20:00:00+00:00,2,104.59,0.0,6.38,63.56,4.01,12.26,38.46,22.12
New York,US,40.7128,-74.006,2026-06-13,20,2026-06-13T20:00:00+00:00,3,120.97,0.15,0.99,121.43,1.13,8.25,8.59,0.5
Paris,FR,48.8566,2.3522,2026-06-13,20,2026-06-13T20:00:00+00:00,1,85.3,0.0,1.46,46.65,0.09,1.0,1.45,2.52
Sydney,AU,-33.8688,151.2093,2026-06-13,20,2026-06-13T20:00:00+00:00,1,76.42,0.0,1.57,35.29,0.42,1.76,2.33,0.03
Tokyo,JP,35.6762,139.6503,2026-06-13,20,2026-06-13T20:00:00+00:00,3,137.91,0.0,2.24,114.09,3.51,13.96,18.95,0.24
Antananarivo,MG,-18.8792,47.5079,2026-06-13,21,2026-06-13T21:00:00+00:00,2,215.57,0.0,2.03,30.07,0.66,11.64,16.06,2.59
Cairo,EG,30.0444,31.2357,2026-06-13,21,2026-06-13T21:00:00+00:00,2,108.95,0.0,7.55,56.47,4.55,13.07,41.15,25.6
New York,US,40.7128,-74.006,2026-06-13,21,2026-06-13T21:00:00+00:00,3,119.41,0.15,1.13,120.82,1.12,7.92,8.28,0.52
Paris,FR,48.8566,2.3522,2026-06-13,21,2026-06-13T21:00:00+00:00,1,85.9,0.0,1.9,41.16,0.1,1.15,1.68,2.92
Sydney,AU,-33.8688,151.2093,2026-06-13,21,2026-06-13T21:00:00+00:00,1,76.25,0.0,1.32,38.08,0.39,1.43,1.91,0.03
Tokyo,JP,35.6762,139.6503,2026-06-13,21,2026-06-13T21:00:00+00:00,3,137.57,0.0,2.43,112.87,3.82,13.5,18.17,0.23
Antananarivo,MG,-18.8792,47.5079,2026-06-13,22,2026-06-13T22:00:00+00:00,2,203.15,0.0,1.77,27.35,0.31,10.69,14.31,0.91
Cairo,EG,30.0444,31.2357,2026-06-13,22,2026-06-13T22:00:00+00:00,2,111.16,0.0,8.24,50.51,4.48,13.78,43.55,27.34
New York,US,40.7128,-74.006,2026-06-13,22,2026-06-13T22:00:00+00:00,3,125.03,0.3,2.3,113.6,1.19,8.18,8.61,0.58
Paris,FR,48.8566,2.3522,2026-06-13,22,2026-06-13T22:00:00+00:00,1,84.5,0.0,2.1,36.18,0.09,1.27,1.87,2.77
Sydney,AU,-33.8688,151.2093,2026-06-13,22,2026-06-13T22:00:00+00:00,1,76.76,0.0,1.2,39.99,0.33,1.22,1.58,0.04
Tokyo,JP,35.6762,139.6503,2026-06-13,22,2026-06-13T22:00:00+00:00,3,136.93,0.01,2.7,111.92,4.1,12.5,16.94,0.23
Antananarivo,MG,-18.8792,47.5079,2026-06-13,23,2026-06-13T23:00:00+00:00,1,192.72,0.0,1.56,25.29,0.16,9.75,12.85,0.43
Cairo,EG,30.0444,31.2357,2026-06-13,23,2026-06-13T23:00:00+00:00,2,114.03,0.0,8.68,48.76,4.65,14.78,45.33,27.24
New York,US,40.7128,-74.006,2026-06-13,23,2026-06-13T23:00:00+00:00,3,135.15,0.4,4.25,102.2,1.3,8.65,9.23,0.66
Paris,FR,48.8566,2.3522,2026-06-13,23,2026-06-13T23:00:00+00:00,1,84.3,0.0,2.04,33.06,0.09,1.39,2.06,2.13
Sydney,AU,-33.8688,151.2093,2026-06-13,23,2026-06-13T23:00:00+00:00,1,77.78,0.01,1.16,38.78,0.22,1.14,1.41,0.04
Tokyo,JP,35.6762,139.6503,2026-06-13,23,2026-06-13T23:00:00+00:00,3,137.21,0.03,3.02,111.33,4.23,11.65,15.88,0.16
Antananarivo,MG,-18.8792,47.5079,2026-06-14,00,2026-06-14T00:00:00+00:00,1,181.63,0.0,1.36,24.05,0.12,8.67,11.29,0.37
Cairo,EG,30.0444,31.2357,2026-06-14,00,2026-06-14T00:00:00+00:00,2,117.96,0.0,9.1,51.67,6.5,17.22,46.83,25.79
New York,US,40.7128,-74.006,2026-06-14,00,2026-06-14T00:00:00+00:00,2,143.47,0.18,6.21,93.77,1.38,8.88,9.62,0.76
Paris,FR,48.8566,2.3522,2026-06-14,00,2026-06-14T00:00:00+00:00,1,84.38,0.0,1.89,30.87,0.09,1.53,2.28,1.51
Sydney,AU,-33.8688,151.2093,2026-06-14,00,2026-06-14T00:00:00+00:00,1,78.62,0.02,1.05,37.11,0.17,1.11,1.36,0.04
Tokyo,JP,35.6762,139.6503,2026-06-14,00,2026-06-14T00:00:00+00:00,3,136.64,0.05,3.08,111.46,4.42,11.09,15.25,0.07
Antananarivo,MG,-18.8792,47.5079,2026-06-14,01,2026-06-14T01:00:00+00:00,1,169.56,0.0,1.18,23.78,0.1,7.46,9.43,0.38
Cairo,EG,30.0444,31.2357,2026-06-14,01,2026-06-14T01:00:00+00:00,3,117.66,0.0,7.29,64.85,11.29,23.12,53.93,19.17
New York,US,40.7128,-74.006,2026-06-14,01,2026-06-14T01:00:00+00:00,2,149.41,0.0,7.04,87.24,1.4,9.17,10.08,0.85
Paris,FR,48.8566,2.3522,2026-06-14,01,2026-06-14T01:00:00+00:00,1,83.69,0.0,1.76,28.97,0.1,1.69,2.52,1.14
Sydney,AU,-33.8688,151.2093,2026-06-14,01,2026-06-14T01:00:00+00:00,1,78.6,0.04,0.91,35.73,0.14,1.11,1.37,0.03
Tokyo,JP,35.6762,139.6503,2026-06-14,01,2026-06-14T01:00:00+00:00,3,134.4,0.06,2.45,113.04,4.55,10.39,14.59,0.04
Antananarivo,MG,-18.8792,47.5079,2026-06-14,02,2026-06-14T02:00:00+00:00,1,163.36,0.0,1.11,22.76,0.1,6.7,8.75,0.44
Cairo,EG,30.0444,31.2357,2026-06-14,02,2026-06-14T02:00:00+00:00,3,119.62,0.0,7.15,66.86,13.61,29.04,58.69,18.91
New York,US,40.7128,-74.006,2026-06-14,02,2026-06-14T02:00:00+00:00,2,155.64,0.0,7.07,81.85,1.35,9.69,10.78,0.91
Paris,FR,48.8566,2.3522,2026-06-14,02,2026-06-14T02:00:00+00:00,1,84.06,0.0,1.72,28.33,0.12,1.92,2.9,1.0
Sydney,AU,-33.8688,151.2093,2026-06-14,02,2026-06-14T02:00:00+00:00,1,78.45,0.06,0.83,34.88,0.13,1.13,1.42,0.02
Tokyo,JP,35.6762,139.6503,2026-06-14,02,2026-06-14T02:00:00+00:00,3,131.93,0.05,2.06,112.88,4.59,9.53,13.77,0.02
Antananarivo,MG,-18.8792,47.5079,2026-06-14,03,2026-06-14T03:00:00+00:00,1,161.29,0.0,1.1,21.89,0.12,6.25,8.46,0.56
Cairo,EG,30.0444,31.2357,2026-06-14,03,2026-06-14T03:00:00+00:00,3,120.27,0.0,6.98,66.17,13.81,33.19,63.6,19.33
New York,US,40.7128,-74.006,2026-06-14,03,2026-06-14T03:00:00+00:00,2,160.86,0.0,6.94,78.37,1.28,10.22,11.46,0.99
Paris,FR,48.8566,2.3522,2026-06-14,03,2026-06-14T03:00:00+00:00,1,85.16,0.0,1.73,29.75,0.18,2.24,3.44,0.98
Sydney,AU,-33.8688,151.2093,2026-06-14,03,2026-06-14T03:00:00+00:00,1,77.84,0.06,0.78,36.63,0.14,1.18,1.54,0.02
Tokyo,JP,35.6762,139.6503,2026-06-14,03,2026-06-14T03:00:00+00:00,3,129.04,0.05,1.64,112.79,4.55,8.46,12.64,0.0
Antananarivo,MG,-18.8792,47.5079,2026-06-14,04,2026-06-14T04:00:00+00:00,1,166.78,0.01,1.22,21.12,0.18,6.22,8.9,0.75
Cairo,EG,30.0444,31.2357,2026-06-14,04,2026-06-14T04:00:00+00:00,3,118.52,0.07,7.1,64.42,13.06,35.02,66.82,19.26
New York,US,40.7128,-74.006,2026-06-14,04,2026-06-14T04:00:00+00:00,2,160.34,0.0,6.19,76.2,1.19,10.56,11.86,1.06
Paris,FR,48.8566,2.3522,2026-06-14,04,2026-06-14T04:00:00+00:00,1,86.2,0.0,1.81,33.43,0.31,2.62,4.17,1.04
Sydney,AU,-33.8688,151.2093,2026-06-14,04,2026-06-14T04:00:00+00:00,1,75.42,0.05,0.72,41.77,0.15,1.25,1.9,0.01
Tokyo,JP,35.6762,139.6503,2026-06-14,04,2026-06-14T04:00:00+00:00,3,125.21,0.03,0.96,114.32,3.79,6.51,10.3,0.0
Antananarivo,MG,-18.8792,47.5079,2026-06-14,05,2026-06-14T05:00:00+00:00,1,170.93,0.16,1.07,21.42,0.22,6.17,9.31,0.76
Cairo,EG,30.0444,31.2357,2026-06-14,05,2026-06-14T05:00:00+00:00,3,116.2,0.79,6.4,64.3,12.44,36.11,69.84,18.59
New York,US,40.7128,-74.006,2026-06-14,05,2026-06-14T05:00:00+00:00,2,158.32,0.0,5.17,75.81,1.1,10.81,12.14,1.11
Paris,FR,48.8566,2.3522,2026-06-14,05,2026-06-14T05:00:00+00:00,1,87.34,0.03,2.14,35.13,0.43,2.95,4.91,1.18
Sydney,AU,-33.8688,151.2093,2026-06-14,05,2026-06-14T05:00:00+00:00,1,72.46,0.04,0.68,45.36,0.17,1.36,2.69,0.01
Tokyo,JP,35.6762,139.6503,2026-06-14,05,2026-06-14T05:00:00+00:00,3,123.28,0.01,0.74,114.79,3.17,5.21,8.55,0.0
Antananarivo,MG,-18.8792,47.5079,2026-06-14,06,2026-06-14T06:00:00+00:00,1,166.35,0.22,0.7,25.17,0.23,6.1,9.31,0.87
Cairo,EG,30.0444,31.2357,2026-06-14,06,2026-06-14T06:00:00+00:00,3,113.64,1.42,4.93,66.21,11.71,37.27,72.76,17.25
New York,US,40.7128,-74.006,2026-06-14,06,2026-06-14T06:00:00+00:00,2,153.61,0.0,4.22,75.49,1.05,10.7,12.0,1.14
Paris,FR,48.8566,2.3522,2026-06-14,06,2026-06-14T06:00:00+00:00,1,88.67,0.34,2.28,36.44,0.52,3.22,5.59,1.4
Sydney,AU,-33.8688,151.2093,2026-06-14,06,2026-06-14T06:00:00+00:00,1,69.73,0.02,0.64,49.39,0.19,1.54,3.74,0.01
Tokyo,JP,35.6762,139.6503,2026-06-14,06,2026-06-14T06:00:00+00:00,3,122.09,0.01,0.7,114.39,2.96,4.71,7.85,0.0
Antananarivo,MG,-18.8792,47.5079,2026-06-14,07,2026-06-14T07:00:00+00:00,1,108.07,0.06,0.2,40.84,0.19,3.66,5.67,0.54
Cairo,EG,30.0444,31.2357,2026-06-14,07,2026-06-14T07:00:00+00:00,3,109.84,1.2,3.4,75.59,11.03,37.86,74.23,14.41
New York,US,40.7128,-74.006,2026-06-14,07,2026-06-14T07:00:00+00:00,2,147.34,0.0,3.59,73.35,1.01,10.19,11.42,1.19
Paris,FR,48.8566,2.3522,2026-06-14,07,2026-06-14T07:00:00+00:00,1,89.54,0.7,2.07,40.01,0.61,3.41,6.2,1.6
Sydney,AU,-33.8688,151.2093,2026-06-14,07,2026-06-14T07:00:00+00:00,1,67.74,0.0,0.59,52.02,0.19,1.69,4.72,0.01
Tokyo,JP,35.6762,139.6503,2026-06-14,07,2026-06-14T07:00:00+00:00,3,121.23,0.01,0.69,113.51,2.82,4.39,7.07,0.0
Antananarivo,MG,-18.8792,47.5079,2026-06-14,08,2026-06-14T08:00:00+00:00,1,98.31,0.04,0.12,44.31,0.18,3.4,5.17,0.51
Cairo,EG,30.0444,31.2357,2026-06-14,08,2026-06-14T08:00:00+00:00,3,105.1,0.55,1.84,91.86,9.64,38.4,74.68,11.26
New York,US,40.7128,-74.006,2026-06-14,08,2026-06-14T08:00:00+00:00,2,142.23,0.0,3.29,69.94,0.99,9.59,10.79,1.25
Paris,FR,48.8566,2.3522,2026-06-14,08,2026-06-14T08:00:00+00:00,1,89.69,0.81,1.83,45.16,0.68,3.63,6.85,1.7
Sydney,AU,-33.8688,151.2093,2026-06-14,08,2026-06-14T08:00:00+00:00,1,67.05,0.0,0.56,52.64,0.2,1.79,5.57,0.01
Tokyo,JP,35.6762,139.6503,2026-06-14,08,2026-06-14T08:00:00+00:00,3,120.29,0.0,0.72,111.87,2.66,4.03,6.2,0.0
Antananarivo,MG,-18.8792,47.5079,2026-06-14,09,2026-06-14T09:00:00+00:00,1,93.27,0.03,0.09,44.8,0.17,3.31,4.95,0.49
Cairo,EG,30.0444,31.2357,2026-06-14,09,2026-06-14T09:00:00+00:00,3,100.92,0.25,0.99,102.65,7.96,37.71,74.3,8.58
New York,US,40.7128,-74.006,2026-06-14,09,2026-06-14T09:00:00+00:00,2,138.72,0.0,3.22,66.02,0.99,8.99,10.2,1.32
Paris,FR,48.8566,2.3522,2026-06-14,09,2026-06-14T09:00:00+00:00,1,89.74,0.69,1.55,53.28,0.74,4.1,7.79,1.75
Sydney,AU,-33.8688,151.2093,2026-06-14,09,2026-06-14T09:00:00+00:00,1,66.72,0.0,0.52,52.72,0.21,1.87,6.23,0.01
Tokyo,JP,35.6762,139.6503,2026-06-14,09,2026-06-14T09:00:00+00:00,3,119.38,0.0,0.74,109.97,2.57,3.64,5.49,0.01
Antananarivo,MG,-18.8792,47.5079,2026-06-14,10,2026-06-14T10:00:00+00:00,1,88.84,0.02,0.08,48.16,0.17,3.27,4.73,0.45
Cairo,EG,30.0444,31.2357,2026-06-14,10,2026-06-14T10:00:00+00:00,3,94.83,0.13,0.52,101.77,5.05,26.08,54.23,4.15
New York,US,40.7128,-74.006,2026-06-14,10,2026-06-14T10:00:00+00:00,2,135.97,0.0,3.38,62.07,1.04,8.45,9.69,1.45
Paris,FR,48.8566,2.3522,2026-06-14,10,2026-06-14T10:00:00+00:00,2,90.28,0.25,0.83,72.8,0.61,3.42,6.84,1.22
Sydney,AU,-33.8688,151.2093,2026-06-14,10,2026-06-14T10:00:00+00:00,1,66.14,0.0,0.47,52.37,0.21,1.92,6.94,0.01
Tokyo,JP,35.6762,139.6503,2026-06-14,10,2026-06-14T10:00:00+00:00,3,118.2,0.0,0.76,107.77,2.67,3.19,4.75,0.03
Antananarivo,MG,-18.8792,47.5079,2026-06-14,11,2026-06-14T11:00:00+00:00,1,85.79,0.02,0.09,49.86,0.17,3.26,4.56,0.43
Cairo,EG,30.0444,31.2357,2026-06-14,11,2026-06-14T11:00:00+00:00,2,90.69,0.09,0.34,96.18,3.07,17.31,39.01,2.09
New York,US,40.7128,-74.006,2026-06-14,11,2026-06-14T11:00:00+00:00,1,136.22,0.07,4.08,58.45,1.15,8.11,9.44,1.78
Paris,FR,48.8566,2.3522,2026-06-14,11,2026-06-14T11:00:00+00:00,2,89.08,0.14,0.51,78.4,0.47,3.02,5.95,1.0
Sydney,AU,-33.8688,151.2093,2026-06-14,11,2026-06-14T11:00:00+00:00,1,66.12,0.0,0.43,51.99,0.21,1.91,7.45,0.01
Tokyo,JP,35.6762,139.6503,2026-06-14,11,2026-06-14T11:00:00+00:00,3,116.91,0.0,0.77,105.39,2.65,2.8,4.16,0.04
Antananarivo,MG,-18.8792,47.5079,2026-06-14,12,2026-06-14T12:00:00+00:00,1,84.44,0.03,0.1,49.72,0.17,3.26,4.47,0.42
Cairo,EG,30.0444,31.2357,2026-06-14,12,2026-06-14T12:00:00+00:00,2,88.87,0.08,0.29,93.47,2.3,13.21,32.08,1.46
New York,US,40.7128,-74.006,2026-06-14,12,2026-06-14T12:00:00+00:00,1,139.94,0.5,4.57,57.57,1.31,8.02,9.46,2.11
Paris,FR,48.8566,2.3522,2026-06-14,12,2026-06-14T12:00:00+00:00,2,88.24,0.11,0.44,81.3,0.43,3.19,6.15,0.99
Sydney,AU,-33.8688,151.2093,2026-06-14,12,2026-06-14T12:00:00+00:00,1,66.2,0.0,0.41,51.86,0.21,1.85,7.5,0.01
Tokyo,JP,35.6762,139.6503,2026-06-14,12,2026-06-14T12:00:00+00:00,3,115.47,0.0,0.77,103.81,2.53,2.55,3.84,0.05
Antananarivo,MG,-18.8792,47.5079,2026-06-14,13,2026-06-14T13:00:00+00:00,1,92.04,0.05,0.25,46.03,0.2,3.69,5.05,0.58
Cairo,EG,30.0444,31.2357,2026-06-14,13,2026-06-14T13:00:00+00:00,2,88.18,0.07,0.28,92.84,1.8,10.12,26.53,1.16
New York,US,40.7128,-74.006,2026-06-14,13,2026-06-14T13:00:00+00:00,2,143.76,0.63,4.76,60.13,1.46,8.23,9.72,2.17
Paris,FR,48.8566,2.3522,2026-06-14,13,2026-06-14T13:00:00+00:00,2,87.26,0.09,0.36,80.59,0.33,2.97,5.55,0.84
Sydney,AU,-33.8688,151.2093,2026-06-14,13,2026-06-14T13:00:00+00:00,1,66.13,0.0,0.42,50.69,0.2,1.77,6.94,0.01
Tokyo,JP,35.6762,139.6503,2026-06-14,13,2026-06-14T13:00:00+00:00,3,113.41,0.0,0.76,102.53,2.39,2.36,3.6,0.06
Antananarivo,MG,-18.8792,47.5079,2026-06-14,14,2026-06-14T14:00:00+00:00,1,106.72,0.04,0.57,40.25,0.24,4.47,6.2,0.83
Cairo,EG,30.0444,31.2357,2026-06-14,14,2026-06-14T14:00:00+00:00,2,87.34,0.07,0.3,92.98,1.49,8.02,22.3,1.12
New York,US,40.7128,-74.006,2026-06-14,14,2026-06-14T14:00:00+00:00,2,145.56,0.75,4.21,63.59,1.53,8.69,10.2,2.08
Paris,FR,48.8566,2.3522,2026-06-14,14,2026-06-14T14:00:00+00:00,2,84.92,0.08,0.33,79.01,0.25,2.74,4.94,0.73
Sydney,AU,-33.8688,151.2093,2026-06-14,14,2026-06-14T14:00:00+00:00,1,65.84,0.0,0.43,48.85,0.17,1.69,6.19,0.01
Tokyo,JP,35.6762,139.6503,2026-06-14,14,2026-06-14T14:00:00+00:00,3,110.96,0.0,0.74,101.58,2.26,2.18,3.31,0.06
Antananarivo,MG,-18.8792,47.5079,2026-06-14,15,2026-06-14T15:00:00+00:00,1,123.04,0.0,0.97,35.27,0.27,5.27,7.39,1.02
Cairo,EG,30.0444,31.2357,2026-06-14,15,2026-06-14T15:00:00+00:00,2,86.76,0.06,0.39,94.21,1.47,7.23,20.15,1.23
New York,US,40.7128,-74.006,2026-06-14,15,2026-06-14T15:00:00+00:00,2,145.57,0.62,3.35,73.72,1.75,9.76,11.28,2.08
Paris,FR,48.8566,2.3522,2026-06-14,15,2026-06-14T15:00:00+00:00,2,83.98,0.08,0.35,78.79,0.22,2.69,4.77,0.7
Sydney,AU,-33.8688,151.2093,2026-06-14,15,2026-06-14T15:00:00+00:00,1,65.5,0.0,0.42,47.44,0.17,1.6,5.51,0.01
Tokyo,JP,35.6762,139.6503,2026-06-14,15,2026-06-14T15:00:00+00:00,3,109.1,0.0,0.71,101.15,2.19,2.01,3.03,0.05
Antananarivo,MG,-18.8792,47.5079,2026-06-14,16,2026-06-14T16:00:00+00:00,1,137.97,0.0,1.23,30.84,0.29,5.94,8.46,1.16
Cairo,EG,30.0444,31.2357,2026-06-14,16,2026-06-14T16:00:00+00:00,2,87.93,0.05,0.61,97.21,1.86,7.56,19.43,1.57
New York,US,40.7128,-74.006,2026-06-14,16,2026-06-14T16:00:00+00:00,3,127.65,0.13,1.61,108.59,1.55,11.15,12.06,0.77
Paris,FR,48.8566,2.3522,2026-06-14,16,2026-06-14T16:00:00+00:00,2,84.18,0.09,0.43,79.25,0.22,2.76,4.92,0.74
Sydney,AU,-33.8688,151.2093,2026-06-14,16,2026-06-14T16:00:00+00:00,1,65.18,0.0,0.41,46.44,0.16,1.55,5.23,0.01
Tokyo,JP,35.6762,139.6503,2026-06-14,16,2026-06-14T16:00:00+00:00,3,108.46,0.0,0.67,102.35,2.07,1.82,2.72,0.05
Antananarivo,MG,-18.8792,47.5079,2026-06-14,17,2026-06-14T17:00:00+00:00,1,150.62,0.0,1.34,27.92,0.28,6.42,9.19,1.19
Cairo,EG,30.0444,31.2357,2026-06-14,17,2026-06-14T17:00:00+00:00,3,89.86,0.01,0.98,100.72,2.75,10.31,32.86,2.17
New York,US,40.7128,-74.006,2026-06-14,17,2026-06-14T17:00:00+00:00,3,122.57,0.06,1.08,112.3,1.13,10.41,11.18,0.61
Paris,FR,48.8566,2.3522,2026-06-14,17,2026-06-14T17:00:00+00:00,2,84.8,0.1,0.54,79.04,0.24,2.95,5.26,0.84
Sydney,AU,-33.8688,151.2093,2026-06-14,17,2026-06-14T17:00:00+00:00,1,65.07,0.0,0.4,46.26,0.16,1.51,5.16,0.01
Tokyo,JP,35.6762,139.6503,2026-06-14,17,2026-06-14T17:00:00+00:00,3,109.59,0.0,0.67,104.61,2.02,1.68,2.57,0.06
Antananarivo,MG,-18.8792,47.5079,2026-06-14,18,2026-06-14T18:00:00+00:00,1,155.4,0.0,1.32,26.29,0.25,6.5,9.28,0.96
Cairo,EG,30.0444,31.2357,2026-06-14,18,2026-06-14T18:00:00+00:00,3,92.31,0.0,1.18,103.15,3.85,17.94,85.37,2.65
New York,US,40.7128,-74.006,2026-06-14,18,2026-06-14T18:00:00+00:00,3,121.85,0.04,0.97,111.75,0.93,9.97,10.76,0.65
Paris,FR,48.8566,2.3522,2026-06-14,18,2026-06-14T18:00:00+00:00,2,85.43,0.08,0.65,78.76,0.27,3.13,5.59,0.96
Sydney,AU,-33.8688,151.2093,2026-06-14,18,2026-06-14T18:00:00+00:00,1,65.04,0.0,0.4,46.47,0.16,1.45,5.05,0.01
Tokyo,JP,35.6762,139.6503,2026-06-14,18,2026-06-14T18:00:00+00:00,3,111.42,0.0,0.74,106.64,2.02,1.65,2.57,0.07
Antananarivo,MG,-18.8792,47.5079,2026-06-14,19,2026-06-14T19:00:00+00:00,1,148.36,0.0,1.16,25.22,0.21,5.84,8.43,0.63
Cairo,EG,30.0444,31.2357,2026-06-14,19,2026-06-14T19:00:00+00:00,4,93.54,0.0,1.35,102.1,4.96,24.37,133.68,3.23
New York,US,40.7128,-74.006,2026-06-14,19,2026-06-14T19:00:00+00:00,3,122.24,0.04,0.98,110.07,0.83,9.81,10.72,0.61
Paris,FR,48.8566,2.3522,2026-06-14,19,2026-06-14T19:00:00+00:00,2,86.86,0.05,1.02,75.28,0.32,3.44,6.22,1.35
Sydney,AU,-33.8688,151.2093,2026-06-14,19,2026-06-14T19:00:00+00:00,1,64.6,0.0,0.42,43.25,0.15,1.41,4.64,0.01
Tokyo,JP,35.6762,139.6503,2026-06-14,19,2026-06-14T19:00:00+00:00,3,112.08,0.0,0.99,105.97,2.04,1.62,2.66,0.08
Antananarivo,MG,-18.8792,47.5079,2026-06-14,20,2026-06-14T20:00:00+00:00,1,149.0,0.0,1.13,22.88,0.19,5.57,8.21,0.46
Cairo,EG,30.0444,31.2357,2026-06-14,20,2026-06-14T20:00:00+00:00,4,96.64,0.0,1.73,100.42,6.2,22.02,118.14,4.2
New York,US,40.7128,-74.006,2026-06-14,20,2026-06-14T20:00:00+00:00,3,121.65,0.04,0.96,108.16,0.74,9.52,10.62,0.46
Paris,FR,48.8566,2.3522,2026-06-14,20,2026-06-14T20:00:00+00:00,2,89.37,0.01,1.54,69.96,0.38,3.88,7.04,1.88
Sydney,AU,-33.8688,151.2093,2026-06-14,20,2026-06-14T20:00:00+00:00,1,64.58,0.0,0.53,38.02,0.15,1.39,4.07,0.02
Tokyo,JP,35.6762,139.6503,2026-06-14,20,2026-06-14T20:00:00+00:00,3,110.23,0.0,1.39,101.78,2.07,1.61,2.94,0.08
Antananarivo,MG,-18.8792,47.5079,2026-06-14,21,2026-06-14T21:00:00+00:00,1,143.41,0.0,1.04,20.87,0.14,5.02,7.37,0.34
Cairo,EG,30.0444,31.2357,2026-06-14,21,2026-06-14T21:00:00+00:00,3,99.5,0.0,2.24,97.38,7.35,17.09,85.26,5.29
New York,US,40.7128,-74.006,2026-06-14,21,2026-06-14T21:00:00+00:00,3,120.27,0.05,0.98,107.21,0.62,8.84,10.13,0.28
Paris,FR,48.8566,2.3522,2026-06-14,21,2026-06-14T21:00:00+00:00,2,92.17,0.0,1.89,65.79,0.41,4.22,7.61,2.29
Sydney,AU,-33.8688,151.2093,2026-06-14,21,2026-06-14T21:00:00+00:00,1,66.88,0.01,0.91,34.1,0.19,1.42,3.78,0.04
Tokyo,JP,35.6762,139.6503,2026-06-14,21,2026-06-14T21:00:00+00:00,2,107.9,0.0,1.93,97.9,2.06,1.62,3.31,0.07
Antananarivo,MG,-18.8792,47.5079,2026-06-14,22,2026-06-14T22:00:00+00:00,1,137.07,0.0,0.95,19.37,0.12,4.44,6.19,0.32
Cairo,EG,30.0444,31.2357,2026-06-14,22,2026-06-14T22:00:00+00:00,3,100.43,0.0,2.68,91.48,8.17,13.35,62.18,6.49
New York,US,40.7128,-74.006,2026-06-14,22,2026-06-14T22:00:00+00:00,3,120.1,0.06,1.11,105.05,0.53,8.28,9.82,0.16
Paris,FR,48.8566,2.3522,2026-06-14,22,2026-06-14T22:00:00+00:00,2,93.76,0.0,2.11,61.97,0.44,4.35,7.74,2.56
Sydney,AU,-33.8688,151.2093,2026-06-14,22,2026-06-14T22:00:00+00:00,1,71.02,0.08,1.45,31.16,0.24,1.48,3.9,0.06
Tokyo,JP,35.6762,139.6503,2026-06-14,22,2026-06-14T22:00:00+00:00,2,107.66,0.04,2.72,97.72,2.06,1.68,4.07,0.07
Antananarivo,MG,-18.8792,47.5079,2026-06-14,23,2026-06-14T23:00:00+00:00,1,132.65,0.0,0.87,18.39,0.1,3.95,5.36,0.3
Cairo,EG,30.0444,31.2357,2026-06-14,23,2026-06-14T23:00:00+00:00,2,102.82,0.0,3.23,86.55,9.13,11.25,49.47,8.02
New York,US,40.7128,-74.006,2026-06-14,23,2026-06-14T23:00:00+00:00,3,124.42,0.04,1.32,101.74,0.5,8.61,10.55,0.08
Paris,FR,48.8566,2.3522,2026-06-14,23,2026-06-14T23:00:00+00:00,1,97.78,0.0,2.46,59.1,0.53,4.47,7.78,2.81
Sydney,AU,-33.8688,151.2093,2026-06-14,23,2026-06-14T23:00:00+00:00,1,73.99,0.4,1.3,30.35,0.26,1.54,4.43,0.06
Tokyo,JP,35.6762,139.6503,2026-06-14,23,2026-06-14T23:00:00+00:00,2,109.11,0.18,3.63,99.66,2.23,1.72,4.33,0.08
Antananarivo,MG,-18.8792,47.5079,2026-06-15,00,2026-06-15T00:00:00+00:00,1,127.23,0.0,0.79,17.94,0.09,3.43,4.64,0.27
Cairo,EG,30.0444,31.2357,2026-06-15,00,2026-06-15T00:00:00+00:00,2,105.75,0.0,3.9,81.6,10.28,9.88,41.75,9.63
New York,US,40.7128,-74.006,2026-06-15,00,2026-06-15T00:00:00+00:00,2,130.7,0.01,1.48,98.71,0.5,10.01,12.59,0.05
Paris,FR,48.8566,2.3522,2026-06-15,00,2026-06-15T00:00:00+00:00,1,102.81,0.0,3.01,55.67,0.62,4.6,7.76,3.07
Sydney,AU,-33.8688,151.2093,2026-06-15,00,2026-06-15T00:00:00+00:00,1,74.62,0.56,1.03,33.01,0.28,1.55,4.96,0.05
Tokyo,JP,35.6762,139.6503,2026-06-15,00,2026-06-15T00:00:00+00:00,3,111.67,0.42,4.52,101.65,2.42,1.84,4.51,0.1
Antananarivo,MG,-18.8792,47.5079,2026-06-15,01,2026-06-15T01:00:00+00:00,1,119.68,0.0,0.67,18.35,0.09,2.78,3.85,0.26
Cairo,EG,30.0444,31.2357,2026-06-15,01,2026-06-15T01:00:00+00:00,2,108.43,0.0,4.56,76.85,11.15,9.12,37.24,11.16
New York,US,40.7128,-74.006,2026-06-15,01,2026-06-15T01:00:00+00:00,2,133.47,0.0,1.46,96.27,0.54,11.82,14.69,0.05
Paris,FR,48.8566,2.3522,2026-06-15,01,2026-06-15T01:00:00+00:00,1,104.87,0.0,3.44,49.42,0.61,4.75,7.72,3.31
Sydney,AU,-33.8688,151.2093,2026-06-15,01,2026-06-15T01:00:00+00:00,1,67.67,0.09,0.46,57.45,0.28,1.21,5.3,0.01
Tokyo,JP,35.6762,139.6503,2026-06-15,01,2026-06-15T01:00:00+00:00,3,114.59,0.63,5.14,104.34,2.68,2.09,5.09,0.12
Antananarivo,MG,-18.8792,47.5079,2026-06-15,02,2026-06-15T02:00:00+00:00,1,115.41,0.0,0.61,18.39,0.09,2.41,3.42,0.26
Cairo,EG,30.0444,31.2357,2026-06-15,02,2026-06-15T02:00:00+00:00,2,111.14,0.0,5.07,73.21,11.33,9.11,36.0,12.56
New York,US,40.7128,-74.006,2026-06-15,02,2026-06-15T02:00:00+00:00,2,134.29,0.0,1.46,94.98,0.53,12.9,15.2,0.06
Paris,FR,48.8566,2.3522,2026-06-15,02,2026-06-15T02:00:00+00:00,1,104.67,0.0,3.56,42.46,0.5,4.99,7.83,3.47
Sydney,AU,-33.8688,151.2093,2026-06-15,02,2026-06-15T02:00:00+00:00,1,66.89,0.07,0.39,58.4,0.33,1.18,5.27,0.02
Tokyo,JP,35.6762,139.6503,2026-06-15,02,2026-06-15T02:00:00+00:00,3,116.77,0.69,5.51,106.46,3.01,2.39,5.71,0.15
Antananarivo,MG,-18.8792,47.5079,2026-06-15,03,2026-06-15T03:00:00+00:00,1,114.07,0.0,0.61,18.35,0.1,2.28,3.33,0.27
Cairo,EG,30.0444,31.2357,2026-06-15,03,2026-06-15T03:00:00+00:00,2,112.8,0.0,5.35,70.24,11.1,9.72,37.13,13.57
New York,US,40.7128,-74.006,2026-06-15,03,2026-06-15T03:00:00+00:00,2,134.57,0.0,1.54,92.09,0.52,12.81,14.38,0.09
Paris,FR,48.8566,2.3522,2026-06-15,03,2026-06-15T03:00:00+00:00,1,102.57,0.0,3.41,36.93,0.38,5.28,8.03,3.21
Sydney,AU,-33.8688,151.2093,2026-06-15,03,2026-06-15T03:00:00+00:00,1,66.89,0.06,0.44,58.64,0.45,1.19,5.25,0.03
Tokyo,JP,35.6762,139.6503,2026-06-15,03,2026-06-15T03:00:00+00:00,3,117.95,0.7,5.54,109.12,3.34,2.69,6.23,0.17
Antananarivo,MG,-18.8792,47.5079,2026-06-15,04,2026-06-15T04:00:00+00:00,1,118.34,0.01,0.69,18.16,0.13,2.44,3.86,0.36
Cairo,EG,30.0444,31.2357,2026-06-15,04,2026-06-15T04:00:00+00:00,2,112.58,0.1,5.72,67.52,10.8,10.65,39.37,13.65
New York,US,40.7128,-74.006,2026-06-15,04,2026-06-15T04:00:00+00:00,2,134.89,0.0,1.63,87.06,0.5,11.8,12.7,0.13
Paris,FR,48.8566,2.3522,2026-06-15,04,2026-06-15T04:00:00+00:00,1,98.53,0.0,3.21,31.92,0.28,5.46,8.1,2.8
Sydney,AU,-33.8688,151.2093,2026-06-15,04,2026-06-15T04:00:00+00:00,1,68.05,0.06,0.57,59.2,0.63,1.23,5.25,0.05
Tokyo,JP,35.6762,139.6503,2026-06-15,04,2026-06-15T04:00:00+00:00,3,118.32,0.71,5.12,113.37,3.69,3.1,7.04,0.2
Antananarivo,MG,-18.8792,47.5079,2026-06-15,05,2026-06-15T05:00:00+00:00,1,125.38,0.09,0.7,18.1,0.18,2.7,4.58,0.47
Cairo,EG,30.0444,31.2357,2026-06-15,05,2026-06-15T05:00:00+00:00,2,112.86,0.8,5.3,67.38,11.19,11.86,42.67,13.5
New York,US,40.7128,-74.006,2026-06-15,05,2026-06-15T05:00:00+00:00,2,135.61,0.0,1.79,80.2,0.52,10.13,10.68,0.14
Paris,FR,48.8566,2.3522,2026-06-15,05,2026-06-15T05:00:00+00:00,1,96.19,0.07,3.44,27.74,0.23,5.65,8.23,2.78
Sydney,AU,-33.8688,151.2093,2026-06-15,05,2026-06-15T05:00:00+00:00,1,69.18,0.05,0.78,59.14,0.82,1.28,5.18,0.06
Tokyo,JP,35.6762,139.6503,2026-06-15,05,2026-06-15T05:00:00+00:00,3,117.68,0.67,4.54,118.29,4.13,3.6,7.86,0.24
Antananarivo,MG,-18.8792,47.5079,2026-06-15,06,2026-06-15T06:00:00+00:00,1,129.07,0.16,0.57,19.62,0.21,2.91,5.03,0.61
Cairo,EG,30.0444,31.2357,2026-06-15,06,2026-06-15T06:00:00+00:00,2,112.62,1.29,4.26,71.77,11.73,13.36,46.29,12.39
New York,US,40.7128,-74.006,2026-06-15,06,2026-06-15T06:00:00+00:00,2,135.97,0.0,2.1,73.58,0.58,8.24,8.6,0.14
Paris,FR,48.8566,2.3522,2026-06-15,06,2026-06-15T06:00:00+00:00,1,95.04,0.67,3.29,26.17,0.2,5.84,8.42,2.91
Sydney,AU,-33.8688,151.2093,2026-06-15,06,2026-06-15T06:00:00+00:00,1,70.21,0.02,1.04,58.92,1.03,1.33,5.1,0.07
Tokyo,JP,35.6762,139.6503,2026-06-15,06,2026-06-15T06:00:00+00:00,3,117.0,0.65,4.3,122.1,4.48,3.96,8.32,0.29
Antananarivo,MG,-18.8792,47.5079,2026-06-15,07,2026-06-15T07:00:00+00:00,1,93.25,0.06,0.24,29.61,0.14,1.37,2.43,0.37
Cairo,EG,30.0444,31.2357,2026-06-15,07,2026-06-15T07:00:00+00:00,2,108.99,0.83,2.59,87.08,11.01,14.63,46.71,9.45
New York,US,40.7128,-74.006,2026-06-15,07,2026-06-15T07:00:00+00:00,2,136.87,0.0,2.68,67.07,0.69,6.48,6.73,0.14
Paris,FR,48.8566,2.3522,2026-06-15,07,2026-06-15T07:00:00+00:00,1,94.5,1.04,2.57,31.77,0.21,6.04,8.78,3.15
Sydney,AU,-33.8688,151.2093,2026-06-15,07,2026-06-15T07:00:00+00:00,1,71.46,0.0,1.43,56.87,1.08,1.38,5.03,0.09
Tokyo,JP,35.6762,139.6503,2026-06-15,07,2026-06-15T07:00:00+00:00,3,117.18,0.63,4.65,124.44,4.75,4.05,8.33,0.36
Antananarivo,MG,-18.8792,47.5079,2026-06-15,08,2026-06-15T08:00:00+00:00,1,82.54,0.04,0.15,32.13,0.13,1.03,1.88,0.34
Cairo,EG,30.0444,31.2357,2026-06-15,08,2026-06-15T08:00:00+00:00,3,104.92,0.35,1.31,103.2,9.54,16.88,48.62,7.46
New York,US,40.7128,-74.006,2026-06-15,08,2026-06-15T08:00:00+00:00,1,135.75,0.0,3.51,59.88,0.87,4.87,5.06,0.14
Paris,FR,48.8566,2.3522,2026-06-15,08,2026-06-15T08:00:00+00:00,1,92.15,1.12,2.14,35.17,0.21,6.12,8.93,3.28
Sydney,AU,-33.8688,151.2093,2026-06-15,08,2026-06-15T08:00:00+00:00,1,73.98,0.0,2.08,53.05,1.14,1.48,5.06,0.09
Tokyo,JP,35.6762,139.6503,2026-06-15,08,2026-06-15T08:00:00+00:00,3,117.41,0.57,5.8,123.54,5.09,3.82,7.99,0.45
Antananarivo,MG,-18.8792,47.5079,2026-06-15,09,2026-06-15T09:00:00+00:00,1,78.72,0.03,0.11,32.36,0.13,0.96,1.76,0.34
Cairo,EG,30.0444,31.2357,2026-06-15,09,2026-06-15T09:00:00+00:00,3,102.2,0.2,0.8,110.62,8.03,17.77,48.99,5.99
New York,US,40.7128,-74.006,2026-06-15,09,2026-06-15T09:00:00+00:00,1,133.64,0.0,4.46,51.31,1.14,3.6,3.81,0.16
Paris,FR,48.8566,2.3522,2026-06-15,09,2026-06-15T09:00:00+00:00,1,89.74,0.91,1.77,41.46,0.22,6.4,9.27,3.36
Sydney,AU,-33.8688,151.2093,2026-06-15,09,2026-06-15T09:00:00+00:00,1,77.57,0.0,2.94,49.01,1.35,1.68,5.24,0.09
Tokyo,JP,35.6762,139.6503,2026-06-15,09,2026-06-15T09:00:00+00:00,3,117.76,0.37,7.63,119.36,5.4,3.44,7.41,0.54
Antananarivo,MG,-18.8792,47.5079,2026-06-15,10,2026-06-15T10:00:00+00:00,1,75.95,0.03,0.09,34.47,0.12,0.86,1.55,0.31
Cairo,EG,30.0444,31.2357,2026-06-15,10,2026-06-15T10:00:00+00:00,3,96.78,0.13,0.51,110.09,5.02,13.46,36.39,3.55
New York,US,40.7128,-74.006,2026-06-15,10,2026-06-15T10:00:00+00:00,1,132.16,0.0,5.17,43.8,1.5,3.07,3.34,0.2
Paris,FR,48.8566,2.3522,2026-06-15,10,2026-06-15T10:00:00+00:00,2,91.85,0.25,0.86,77.29,0.4,5.66,8.57,2.28
Sydney,AU,-33.8688,151.2093,2026-06-15,10,2026-06-15T10:00:00+00:00,1,81.58,0.0,3.83,42.49,1.26,1.95,5.47,0.08
Tokyo,JP,35.6762,139.6503,2026-06-15,10,2026-06-15T10:00:00+00:00,3,118.29,0.06,9.67,112.75,5.78,3.17,6.88,0.64
Antananarivo,MG,-18.8792,47.5079,2026-06-15,11,2026-06-15T11:00:00+00:00,1,73.61,0.03,0.09,36.02,0.11,0.81,1.42,0.3
Cairo,EG,30.0444,31.2357,2026-06-15,11,2026-06-15T11:00:00+00:00,3,92.56,0.1,0.41,107.04,3.54,11.12,30.05,2.36
New York,US,40.7128,-74.006,2026-06-15,11,2026-06-15T11:00:00+00:00,1,133.1,0.29,5.3,40.61,1.68,3.37,3.72,0.22
Paris,FR,48.8566,2.3522,2026-06-15,11,2026-06-15T11:00:00+00:00,2,89.91,0.14,0.57,82.92,0.38,5.23,7.81,1.9
Sydney,AU,-33.8688,151.2093,2026-06-15,11,2026-06-15T11:00:00+00:00,1,86.7,0.0,4.62,35.64,1.15,2.31,5.86,0.08
Tokyo,JP,35.6762,139.6503,2026-06-15,11,2026-06-15T11:00:00+00:00,3,119.52,0.0,10.14,105.66,6.41,3.17,6.74,0.74
Antananarivo,MG,-18.8792,47.5079,2026-06-15,12,2026-06-15T12:00:00+00:00,1,72.95,0.03,0.09,36.25,0.11,0.8,1.4,0.31
Cairo,EG,30.0444,31.2357,2026-06-15,12,2026-06-15T12:00:00+00:00,3,90.95,0.1,0.39,106.01,3.05,10.78,29.19,1.94
New York,US,40.7128,-74.006,2026-06-15,12,2026-06-15T12:00:00+00:00,1,135.56,1.05,4.57,41.81,1.58,3.76,4.09,0.23
Paris,FR,48.8566,2.3522,2026-06-15,12,2026-06-15T12:00:00+00:00,2,88.5,0.12,0.51,84.52,0.35,5.29,7.75,1.84
Sydney,AU,-33.8688,151.2093,2026-06-15,12,2026-06-15T12:00:00+00:00,1,91.97,0.01,5.44,30.53,1.27,2.78,6.44,0.09
Tokyo,JP,35.6762,139.6503,2026-06-15,12,2026-06-15T12:00:00+00:00,2,120.78,0.0,10.01,99.57,6.98,3.29,6.93,0.83
Antananarivo,MG,-18.8792,47.5079,2026-06-15,13,2026-06-15T13:00:00+00:00,1,83.57,0.06,0.24,33.99,0.17,1.24,2.15,0.55
Cairo,EG,30.0444,31.2357,2026-06-15,13,2026-06-15T13:00:00+00:00,3,90.44,0.09,0.39,105.49,2.56,9.95,27.55,1.71
New York,US,40.7128,-74.006,2026-06-15,13,2026-06-15T13:00:00+00:00,1,132.74,1.32,3.64,46.61,1.32,3.4,3.68,0.25
Paris,FR,48.8566,2.3522,2026-06-15,13,2026-06-15T13:00:00+00:00,2,86.36,0.1,0.38,79.3,0.26,4.19,6.08,1.41
Sydney,AU,-33.8688,151.2093,2026-06-15,13,2026-06-15T13:00:00+00:00,1,96.06,0.01,6.29,26.99,1.5,3.29,7.13,0.1
Tokyo,JP,35.6762,139.6503,2026-06-15,13,2026-06-15T13:00:00+00:00,2,121.57,0.0,10.1,93.89,7.68,3.51,7.58,0.92
Antananarivo,MG,-18.8792,47.5079,2026-06-15,14,2026-06-15T14:00:00+00:00,1,102.42,0.07,0.59,30.16,0.23,2.07,3.53,0.88
Cairo,EG,30.0444,31.2357,2026-06-15,14,2026-06-15T14:00:00+00:00,3,88.97,0.09,0.42,103.95,2.12,8.61,25.27,1.64
New York,US,40.7128,-74.006,2026-06-15,14,2026-06-15T14:00:00+00:00,1,127.6,1.13,2.88,53.88,1.23,2.96,3.22,0.28
Paris,FR,48.8566,2.3522,2026-06-15,14,2026-06-15T14:00:00+00:00,2,83.39,0.08,0.33,73.18,0.18,3.29,4.66,1.15
Sydney,AU,-33.8688,151.2093,2026-06-15,14,2026-06-15T14:00:00+00:00,1,98.48,0.01,6.94,24.93,1.65,3.73,7.77,0.09
Tokyo,JP,35.6762,139.6503,2026-06-15,14,2026-06-15T14:00:00+00:00,2,124.23,0.0,10.77,88.25,8.74,3.92,8.85,1.04
Antananarivo,MG,-18.8792,47.5079,2026-06-15,15,2026-06-15T15:00:00+00:00,1,122.12,0.0,1.08,26.53,0.27,2.99,4.97,1.09
Cairo,EG,30.0444,31.2357,2026-06-15,15,2026-06-15T15:00:00+00:00,3,87.75,0.08,0.51,103.07,1.84,7.69,23.81,1.7
New York,US,40.7128,-74.006,2026-06-15,15,2026-06-15T15:00:00+00:00,2,122.04,0.78,2.19,62.49,1.23,3.18,3.44,0.29
Paris,FR,48.8566,2.3522,2026-06-15,15,2026-06-15T15:00:00+00:00,2,82.07,0.09,0.37,72.12,0.16,3.04,4.25,1.11
Sydney,AU,-33.8688,151.2093,2026-06-15,15,2026-06-15T15:00:00+00:00,1,98.86,0.01,7.2,23.88,1.7,4.09,8.29,0.09
Tokyo,JP,35.6762,139.6503,2026-06-15,15,2026-06-15T15:00:00+00:00,2,125.99,0.0,11.24,83.74,9.43,4.31,9.94,1.12
Antananarivo,MG,-18.8792,47.5079,2026-06-15,16,2026-06-15T16:00:00+00:00,1,141.12,0.0,1.38,23.6,0.3,3.99,6.45,1.24
Cairo,EG,30.0444,31.2357,2026-06-15,16,2026-06-15T16:00:00+00:00,3,88.54,0.08,1.03,103.31,2.02,7.75,24.59,3.07
New York,US,40.7128,-74.006,2026-06-15,16,2026-06-15T16:00:00+00:00,2,114.21,0.42,1.38,71.71,1.05,3.11,3.33,0.25
Paris,FR,48.8566,2.3522,2026-06-15,16,2026-06-15T16:00:00+00:00,2,82.43,0.14,0.74,69.91,0.15,3.03,4.18,1.25
Sydney,AU,-33.8688,151.2093,2026-06-15,16,2026-06-15T16:00:00+00:00,1,98.04,0.0,7.11,23.3,1.6,4.37,8.59,0.08
Tokyo,JP,35.6762,139.6503,2026-06-15,16,2026-06-15T16:00:00+00:00,2,126.65,0.0,11.39,80.64,9.87,4.62,10.72,1.13
Antananarivo,MG,-18.8792,47.5079,2026-06-15,17,2026-06-15T17:00:00+00:00,1,156.95,0.0,1.51,22.25,0.29,4.83,7.55,1.1
Cairo,EG,30.0444,31.2357,2026-06-15,17,2026-06-15T17:00:00+00:00,3,89.8,0.02,1.79,103.36,2.66,8.49,26.31,4.93
New York,US,40.7128,-74.006,2026-06-15,17,2026-06-15T17:00:00+00:00,2,108.65,0.27,1.0,78.39,0.94,3.02,3.21,0.22
Paris,FR,48.8566,2.3522,2026-06-15,17,2026-06-15T17:00:00+00:00,2,82.99,0.22,1.27,66.03,0.17,3.11,4.25,1.54
Sydney,AU,-33.8688,151.2093,2026-06-15,17,2026-06-15T17:00:00+00:00,1,96.41,0.0,6.84,22.58,1.4,4.59,8.65,0.07
Tokyo,JP,35.6762,139.6503,2026-06-15,17,2026-06-15T17:00:00+00:00,2,127.15,0.0,11.49,78.9,10.31,5.04,11.4,1.08
Antananarivo,MG,-18.8792,47.5079,2026-06-15,18,2026-06-15T18:00:00+00:00,1,160.47,0.0,1.45,22.16,0.26,5.05,7.71,0.69
Cairo,EG,30.0444,31.2357,2026-06-15,18,2026-06-15T18:00:00+00:00,3,91.07,0.0,2.04,105.84,3.68,9.73,28.33,5.95
New York,US,40.7128,-74.006,2026-06-15,18,2026-06-15T18:00:00+00:00,2,106.56,0.23,0.93,83.45,0.97,3.17,3.39,0.24
Paris,FR,48.8566,2.3522,2026-06-15,18,2026-06-15T18:00:00+00:00,2,83.9,0.2,1.65,63.32,0.19,3.17,4.33,1.85
Sydney,AU,-33.8688,151.2093,2026-06-15,18,2026-06-15T18:00:00+00:00,1,94.68,0.0,6.53,21.93,1.23,4.75,8.54,0.05
Tokyo,JP,35.6762,139.6503,2026-06-15,18,2026-06-15T18:00:00+00:00,2,127.51,0.0,11.25,78.05,10.55,5.63,11.92,0.97
Antananarivo,MG,-18.8792,47.5079,2026-06-15,19,2026-06-15T19:00:00+00:00,1,121.56,0.0,0.82,24.55,0.2,2.93,4.99,0.44
Cairo,EG,30.0444,31.2357,2026-06-15,19,2026-06-15T19:00:00+00:00,3,91.68,0.0,2.06,110.68,5.29,11.41,31.2,6.49
New York,US,40.7128,-74.006,2026-06-15,19,2026-06-15T19:00:00+00:00,2,106.15,0.22,0.98,86.75,1.04,3.25,3.49,0.31
Paris,FR,48.8566,2.3522,2026-06-15,19,2026-06-15T19:00:00+00:00,1,84.67,0.09,2.1,59.35,0.21,3.22,4.41,2.21
Sydney,AU,-33.8688,151.2093,2026-06-15,19,2026-06-15T19:00:00+00:00,1,92.59,0.0,6.14,21.38,1.1,4.83,8.3,0.04
Tokyo,JP,35.6762,139.6503,2026-06-15,19,2026-06-15T19:00:00+00:00,2,127.6,0.0,10.79,77.78,10.6,5.89,11.96,0.9
Antananarivo,MG,-18.8792,47.5079,2026-06-15,20,2026-06-15T20:00:00+00:00,1,115.17,0.0,0.71,24.71,0.18,2.57,4.46,0.37
Cairo,EG,30.0444,31.2357,2026-06-15,20,2026-06-15T20:00:00+00:00,3,93.71,0.0,2.22,117.04,8.14,13.51,36.71,6.76
New York,US,40.7128,-74.006,2026-06-15,20,2026-06-15T20:00:00+00:00,2,105.48,0.22,1.13,87.53,1.12,3.04,3.3,0.41
Paris,FR,48.8566,2.3522,2026-06-15,20,2026-06-15T20:00:00+00:00,1,85.38,0.01,2.42,53.58,0.21,3.27,4.5,2.52
Sydney,AU,-33.8688,151.2093,2026-06-15,20,2026-06-15T20:00:00+00:00,1,90.88,0.01,5.83,20.93,0.98,4.85,7.98,0.04
Tokyo,JP,35.6762,139.6503,2026-06-15,20,2026-06-15T20:00:00+00:00,2,127.87,0.0,10.51,77.3,10.75,6.12,12.03,0.84
Antananarivo,MG,-18.8792,47.5079,2026-06-15,21,2026-06-15T21:00:00+00:00,1,108.25,0.0,0.62,25.27,0.15,2.26,3.87,0.29
Cairo,EG,30.0444,31.2357,2026-06-15,21,2026-06-15T21:00:00+00:00,3,97.06,0.0,2.82,118.53,11.93,15.36,44.83,7.11
New York,US,40.7128,-74.006,2026-06-15,21,2026-06-15T21:00:00+00:00,2,105.33,0.22,1.46,86.28,1.2,2.62,2.89,0.53
Paris,FR,48.8566,2.3522,2026-06-15,21,2026-06-15T21:00:00+00:00,1,85.48,0.0,2.56,48.72,0.2,3.27,4.51,2.87
Sydney,AU,-33.8688,151.2093,2026-06-15,21,2026-06-15T21:00:00+00:00,1,91.79,0.03,5.85,20.21,0.91,4.88,7.72,0.05
Tokyo,JP,35.6762,139.6503,2026-06-15,21,2026-06-15T21:00:00+00:00,2,128.12,0.05,11.58,76.93,11.06,6.35,12.2,0.8
Antananarivo,MG,-18.8792,47.5079,2026-06-15,22,2026-06-15T22:00:00+00:00,1,102.11,0.0,0.55,25.96,0.12,2.0,3.35,0.24
Cairo,EG,30.0444,31.2357,2026-06-15,22,2026-06-15T22:00:00+00:00,3,98.75,0.0,3.31,112.04,14.41,15.6,49.57,7.39
New York,US,40.7128,-74.006,2026-06-15,22,2026-06-15T22:00:00+00:00,2,108.99,0.32,2.53,81.31,1.4,2.26,2.57,0.65
Paris,FR,48.8566,2.3522,2026-06-15,22,2026-06-15T22:00:00+00:00,1,83.43,0.0,2.51,44.12,0.18,3.17,4.38,3.23
Sydney,AU,-33.8688,151.2093,2026-06-15,22,2026-06-15T22:00:00+00:00,1,94.73,0.2,6.11,19.0,0.92,4.93,7.64,0.06
Tokyo,JP,35.6762,139.6503,2026-06-15,22,2026-06-15T22:00:00+00:00,2,128.22,0.41,13.12,76.61,11.59,6.52,12.33,0.8
Antananarivo,MG,-18.8792,47.5079,2026-06-15,23,2026-06-15T23:00:00+00:00,1,98.61,0.0,0.52,26.08,0.11,1.87,3.08,0.23
Cairo,EG,30.0444,31.2357,2026-06-15,23,2026-06-15T23:00:00+00:00,3,101.91,0.0,3.72,103.34,14.3,15.06,49.89,9.19
New York,US,40.7128,-74.006,2026-06-15,23,2026-06-15T23:00:00+00:00,2,116.14,0.45,4.4,73.8,1.76,2.04,2.44,0.76
Paris,FR,48.8566,2.3522,2026-06-15,23,2026-06-15T23:00:00+00:00,1,82.56,0.0,2.3,41.69,0.16,3.11,4.31,3.6
Sydney,AU,-33.8688,151.2093,2026-06-15,23,2026-06-15T23:00:00+00:00,1,97.44,1.46,4.65,19.83,1.06,4.94,7.67,0.06
Tokyo,JP,35.6762,139.6503,2026-06-15,23,2026-06-15T23:00:00+00:00,2,128.87,1.17,13.78,77.4,12.16,6.95,12.71,0.76
Antananarivo,MG,-18.8792,47.5079,2026-06-16,00,2026-06-16T00:00:00+00:00,1,95.61,0.0,0.49,26.11,0.1,1.78,2.88,0.22
Cairo,EG,30.0444,31.2357,2026-06-16,00,2026-06-16T00:00:00+00:00,2,105.35,0.0,4.11,94.81,13.09,14.42,48.89,11.43
New York,US,40.7128,-74.006,2026-06-16,00,2026-06-16T00:00:00+00:00,2,121.9,0.26,6.59,66.71,2.09,1.82,2.33,0.87
Paris,FR,48.8566,2.3522,2026-06-16,00,2026-06-16T00:00:00+00:00,1,82.3,0.0,2.03,41.1,0.16,3.03,4.2,3.89
Sydney,AU,-33.8688,151.2093,2026-06-16,00,2026-06-16T00:00:00+00:00,1,97.81,2.44,3.39,22.09,1.38,4.89,7.72,0.08
Tokyo,JP,35.6762,139.6503,2026-06-16,00,2026-06-16T00:00:00+00:00,2,129.45,2.25,12.98,81.08,12.59,7.48,13.15,0.7
Antananarivo,MG,-18.8792,47.5079,2026-06-16,01,2026-06-16T01:00:00+00:00,1,93.68,0.0,0.48,25.72,0.09,1.75,2.8,0.22
Cairo,EG,30.0444,31.2357,2026-06-16,01,2026-06-16T01:00:00+00:00,2,108.52,0.0,4.62,86.0,11.96,13.84,47.78,13.63
New York,US,40.7128,-74.006,2026-06-16,01,2026-06-16T01:00:00+00:00,1,126.24,0.01,8.25,58.34,2.2,1.66,2.27,0.93
Paris,FR,48.8566,2.3522,2026-06-16,01,2026-06-16T01:00:00+00:00,1,81.96,0.0,1.77,42.26,0.15,2.89,4.0,4.15
Sydney,AU,-33.8688,151.2093,2026-06-16,01,2026-06-16T01:00:00+00:00,1,83.81,1.37,3.05,39.14,3.14,3.87,6.68,0.0
Tokyo,JP,35.6762,139.6503,2026-06-16,01,2026-06-16T01:00:00+00:00,2,129.56,2.75,11.36,88.99,12.74,8.38,13.98,0.58
Antananarivo,MG,-18.8792,47.5079,2026-06-16,02,2026-06-16T02:00:00+00:00,1,93.16,0.0,0.48,24.77,0.09,1.78,2.82,0.23
Cairo,EG,30.0444,31.2357,2026-06-16,02,2026-06-16T02:00:00+00:00,2,111.69,0.0,5.14,79.17,11.04,13.73,47.97,15.63
New York,US,40.7128,-74.006,2026-06-16,02,2026-06-16T02:00:00+00:00,1,132.47,0.0,9.59,49.68,2.12,1.63,2.36,0.96
Paris,FR,48.8566,2.3522,2026-06-16,02,2026-06-16T02:00:00+00:00,1,81.72,0.0,1.65,41.41,0.15,2.76,3.79,4.47
Sydney,AU,-33.8688,151.2093,2026-06-16,02,2026-06-16T02:00:00+00:00,1,80.16,1.16,2.63,42.59,3.14,3.69,6.37,0.0
Tokyo,JP,35.6762,139.6503,2026-06-16,02,2026-06-16T02:00:00+00:00,3,129.88,2.29,9.66,101.07,12.58,10.11,15.55,0.38
Antananarivo,MG,-18.8792,47.5079,2026-06-16,03,2026-06-16T03:00:00+00:00,1,93.85,0.0,0.5,24.54,0.1,1.83,2.92,0.25
Cairo,EG,30.0444,31.2357,2026-06-16,03,2026-06-16T03:00:00+00:00,2,113.81,0.0,5.56,73.9,10.23,13.98,49.01,17.11
New York,US,40.7128,-74.006,2026-06-16,03,2026-06-16T03:00:00+00:00,1,138.93,0.0,11.03,42.06,1.97,1.66,2.51,1.0
Paris,FR,48.8566,2.3522,2026-06-16,03,2026-06-16T03:00:00+00:00,1,81.57,0.0,1.57,40.94,0.14,2.61,3.57,4.74
Sydney,AU,-33.8688,151.2093,2026-06-16,03,2026-06-16T03:00:00+00:00,1,78.45,0.98,2.44,45.19,3.13,3.81,6.48,0.0
Tokyo,JP,35.6762,139.6503,2026-06-16,03,2026-06-16T03:00:00+00:00,3,129.66,1.63,7.48,116.3,12.21,12.69,17.66,0.22
Antananarivo,MG,-18.8792,47.5079,2026-06-16,04,2026-06-16T04:00:00+00:00,1,97.94,0.0,0.59,24.75,0.13,1.94,3.27,0.34
Cairo,EG,30.0444,31.2357,2026-06-16,04,2026-06-16T04:00:00+00:00,3,114.64,0.09,6.16,69.37,9.74,14.28,50.12,17.8
New York,US,40.7128,-74.006,2026-06-16,04,2026-06-16T04:00:00+00:00,1,141.93,0.0,11.83,35.79,1.82,1.68,2.58,1.02
Paris,FR,48.8566,2.3522,2026-06-16,04,2026-06-16T04:00:00+00:00,1,80.8,0.0,1.55,40.62,0.13,2.45,3.35,4.86
Sydney,AU,-33.8688,151.2093,2026-06-16,04,2026-06-16T04:00:00+00:00,1,78.32,0.78,2.25,46.77,2.65,3.85,6.38,0.0
Tokyo,JP,35.6762,139.6503,2026-06-16,04,2026-06-16T04:00:00+00:00,3,128.65,1.04,5.61,129.32,11.53,14.78,19.38,0.14
Antananarivo,MG,-18.8792,47.5079,2026-06-16,05,2026-06-16T05:00:00+00:00,1,102.86,0.08,0.57,25.78,0.18,2.03,3.66,0.45
Cairo,EG,30.0444,31.2357,2026-06-16,05,2026-06-16T05:00:00+00:00,3,115.76,0.85,5.96,68.34,10.07,14.9,52.27,18.17
New York,US,40.7128,-74.006,2026-06-16,05,2026-06-16T05:00:00+00:00,1,143.6,0.0,11.98,33.25,1.86,1.69,2.6,1.04
Paris,FR,48.8566,2.3522,2026-06-16,05,2026-06-16T05:00:00+00:00,1,81.12,0.01,1.92,39.2,0.13,2.38,3.25,5.06
Sydney,AU,-33.8688,151.2093,2026-06-16,05,2026-06-16T05:00:00+00:00,1,79.87,0.74,2.61,43.68,2.26,3.92,6.52,0.05
Tokyo,JP,35.6762,139.6503,2026-06-16,05,2026-06-16T05:00:00+00:00,3,126.18,0.6,4.36,135.04,10.62,15.4,19.61,0.06
Antananarivo,MG,-18.8792,47.5079,2026-06-16,06,2026-06-16T06:00:00+00:00,1,103.55,0.14,0.43,28.92,0.2,2.1,3.84,0.57
Cairo,EG,30.0444,31.2357,2026-06-16,06,2026-06-16T06:00:00+00:00,3,116.35,1.49,5.04,72.08,10.77,16.07,55.35,18.02
New York,US,40.7128,-74.006,2026-06-16,06,2026-06-16T06:00:00+00:00,1,141.83,0.0,11.61,33.77,2.07,1.66,2.51,0.96
Paris,FR,48.8566,2.3522,2026-06-16,06,2026-06-16T06:00:00+00:00,1,82.15,0.13,2.61,37.08,0.13,2.41,3.26,5.41
Sydney,AU,-33.8688,151.2093,2026-06-16,06,2026-06-16T06:00:00+00:00,1,83.04,0.57,3.84,40.01,2.25,4.17,7.09,0.12
Tokyo,JP,35.6762,139.6503,2026-06-16,06,2026-06-16T06:00:00+00:00,3,122.68,0.33,3.53,136.69,9.85,14.85,18.71,0.02
Antananarivo,MG,-18.8792,47.5079,2026-06-16,07,2026-06-16T07:00:00+00:00,1,81.76,0.06,0.18,41.91,0.16,1.19,2.31,0.42
Cairo,EG,30.0444,31.2357,2026-06-16,07,2026-06-16T07:00:00+00:00,3,114.84,1.19,3.6,85.34,11.48,17.96,57.21,15.75
New York,US,40.7128,-74.006,2026-06-16,07,2026-06-16T07:00:00+00:00,1,137.67,0.0,10.83,32.15,1.88,1.63,2.39,0.73
Paris,FR,48.8566,2.3522,2026-06-16,07,2026-06-16T07:00:00+00:00,1,83.29,0.32,3.09,36.17,0.15,2.56,3.44,5.67
Sydney,AU,-33.8688,151.2093,2026-06-16,07,2026-06-16T07:00:00+00:00,1,87.81,0.13,5.67,35.73,2.2,4.56,7.91,0.18
Tokyo,JP,35.6762,139.6503,2026-06-16,07,2026-06-16T07:00:00+00:00,3,118.7,0.18,2.87,136.24,9.16,13.57,17.09,0.0
Antananarivo,MG,-18.8792,47.5079,2026-06-16,08,2026-06-16T08:00:00+00:00,1,76.89,0.04,0.12,44.86,0.16,1.11,2.16,0.41
Cairo,EG,30.0444,31.2357,2026-06-16,08,2026-06-16T08:00:00+00:00,3,110.22,0.53,1.95,105.69,10.92,20.65,58.12,12.95
New York,US,40.7128,-74.006,2026-06-16,08,2026-06-16T08:00:00+00:00,1,135.12,0.0,10.19,27.31,1.39,1.7,2.41,0.48
Paris,FR,48.8566,2.3522,2026-06-16,08,2026-06-16T08:00:00+00:00,1,84.17,0.56,3.09,36.53,0.18,2.84,3.85,5.59
Sydney,AU,-33.8688,151.2093,2026-06-16,08,2026-06-16T08:00:00+00:00,1,92.95,0.01,6.42,31.75,1.7,4.83,8.13,0.18
Tokyo,JP,35.6762,139.6503,2026-06-16,08,2026-06-16T08:00:00+00:00,3,115.18,0.09,2.54,134.1,8.8,12.14,15.44,0.0
Antananarivo,MG,-18.8792,47.5079,2026-06-16,09,2026-06-16T09:00:00+00:00,1,74.76,0.03,0.09,45.27,0.16,1.21,2.25,0.41
Cairo,EG,30.0444,31.2357,2026-06-16,09,2026-06-16T09:00:00+00:00,3,106.16,0.26,1.12,119.1,9.35,21.28,56.62,10.78
New York,US,40.7128,-74.006,2026-06-16,09,2026-06-16T09:00:00+00:00,1,133.19,0.0,9.82,23.57,1.14,1.78,2.5,0.32
Paris,FR,48.8566,2.3522,2026-06-16,09,2026-06-16T09:00:00+00:00,1,84.88,0.71,2.79,38.14,0.19,3.26,4.43,5.2
Sydney,AU,-33.8688,151.2093,2026-06-16,09,2026-06-16T09:00:00+00:00,1,96.04,0.01,6.25,28.99,1.15,4.83,7.72,0.11
Tokyo,JP,35.6762,139.6503,2026-06-16,09,2026-06-16T09:00:00+00:00,3,111.87,0.03,2.34,130.88,8.53,10.54,13.78,0.0
Antananarivo,MG,-18.8792,47.5079,2026-06-16,10,2026-06-16T10:00:00+00:00,1,71.33,0.03,0.08,48.39,0.13,1.14,2.02,0.33
Cairo,EG,30.0444,31.2357,2026-06-16,10,2026-06-16T10:00:00+00:00,3,97.61,0.15,0.65,120.28,5.46,14.88,39.4,6.41
New York,US,40.7128,-74.006,2026-06-16,10,2026-06-16T10:00:00+00:00,1,131.2,0.02,9.79,20.81,1.11,1.85,2.59,0.29
Paris,FR,48.8566,2.3522,2026-06-16,10,2026-06-16T10:00:00+00:00,1,85.12,0.49,1.84,51.3,0.2,3.93,5.2,4.34
Sydney,AU,-33.8688,151.2093,2026-06-16,10,2026-06-16T10:00:00+00:00,1,94.58,0.01,5.5,27.26,0.83,4.59,6.98,0.07
Tokyo,JP,35.6762,139.6503,2026-06-16,10,2026-06-16T10:00:00+00:00,3,108.34,0.0,1.95,127.21,8.08,8.63,11.83,0.0
Antananarivo,MG,-18.8792,47.5079,2026-06-16,11,2026-06-16T11:00:00+00:00,1,69.13,0.02,0.08,49.83,0.12,1.12,1.9,0.3
Cairo,EG,30.0444,31.2357,2026-06-16,11,2026-06-16T11:00:00+00:00,3,91.57,0.12,0.49,117.62,3.33,11.09,30.05,4.15
New York,US,40.7128,-74.006,2026-06-16,11,2026-06-16T11:00:00+00:00,1,135.92,1.22,9.41,21.12,1.38,1.96,2.78,0.42
Paris,FR,48.8566,2.3522,2026-06-16,11,2026-06-16T11:00:00+00:00,2,84.55,0.31,1.16,61.47,0.18,4.95,6.29,3.74
Sydney,AU,-33.8688,151.2093,2026-06-16,11,2026-06-16T11:00:00+00:00,1,92.31,0.01,4.59,27.31,0.67,4.33,6.32,0.04
Tokyo,JP,35.6762,139.6503,2026-06-16,11,2026-06-16T11:00:00+00:00,3,105.49,0.0,1.59,123.8,7.63,7.21,10.54,0.0
Antananarivo,MG,-18.8792,47.5079,2026-06-16,12,2026-06-16T12:00:00+00:00,1,68.33,0.03,0.09,50.03,0.12,1.12,1.88,0.3
Cairo,EG,30.0444,31.2357,2026-06-16,12,2026-06-16T12:00:00+00:00,3,89.42,0.11,0.46,118.05,2.67,10.4,28.84,3.4
New York,US,40.7128,-74.006,2026-06-16,12,2026-06-16T12:00:00+00:00,1,143.25,3.46,8.29,27.58,2.08,2.08,2.94,0.61
Paris,FR,48.8566,2.3522,2026-06-16,12,2026-06-16T12:00:00+00:00,2,83.98,0.21,0.78,68.3,0.17,6.02,7.51,3.42
Sydney,AU,-33.8688,151.2093,2026-06-16,12,2026-06-16T12:00:00+00:00,1,88.2,0.0,3.53,29.76,0.61,4.06,5.73,0.03
Tokyo,JP,35.6762,139.6503,2026-06-16,12,2026-06-16T12:00:00+00:00,3,103.47,0.0,1.4,120.79,7.32,6.38,9.96,0.0
Antananarivo,MG,-18.8792,47.5079,2026-06-16,13,2026-06-16T13:00:00+00:00,1,73.53,0.04,0.18,48.64,0.15,1.32,2.3,0.45
Cairo,EG,30.0444,31.2357,2026-06-16,13,2026-06-16T13:00:00+00:00,3,88.92,0.1,0.47,119.05,2.29,10.01,28.5,2.92
New York,US,40.7128,-74.006,2026-06-16,13,2026-06-16T13:00:00+00:00,2,115.76,1.31,4.29,61.74,2.03,1.46,1.86,0.51
Paris,FR,48.8566,2.3522,2026-06-16,13,2026-06-16T13:00:00+00:00,2,82.37,0.11,0.45,77.56,0.14,5.09,6.44,2.56
Sydney,AU,-33.8688,151.2093,2026-06-16,13,2026-06-16T13:00:00+00:00,1,82.49,0.0,2.36,36.42,0.64,3.81,5.29,0.02
Tokyo,JP,35.6762,139.6503,2026-06-16,13,2026-06-16T13:00:00+00:00,3,101.53,0.0,1.3,117.66,7.03,5.74,9.5,0.0
Antananarivo,MG,-18.8792,47.5079,2026-06-16,14,2026-06-16T14:00:00+00:00,1,83.44,0.03,0.37,45.71,0.19,1.71,3.08,0.7
Cairo,EG,30.0444,31.2357,2026-06-16,14,2026-06-16T14:00:00+00:00,3,87.76,0.09,0.49,117.99,2.04,9.37,27.38,2.59
New York,US,40.7128,-74.006,2026-06-16,14,2026-06-16T14:00:00+00:00,2,109.85,0.87,2.77,72.55,1.63,1.58,1.9,0.44
Paris,FR,48.8566,2.3522,2026-06-16,14,2026-06-16T14:00:00+00:00,2,81.29,0.09,0.39,80.0,0.13,4.68,6.14,2.25
Sydney,AU,-33.8688,151.2093,2026-06-16,14,2026-06-16T14:00:00+00:00,1,80.24,0.0,1.78,37.58,0.45,3.75,5.13,0.01
Tokyo,JP,35.6762,139.6503,2026-06-16,14,2026-06-16T14:00:00+00:00,3,99.99,0.0,1.26,114.26,6.91,5.25,9.14,0.0
Antananarivo,MG,-18.8792,47.5079,2026-06-16,15,2026-06-16T15:00:00+00:00,1,94.01,0.0,0.64,42.71,0.22,2.11,3.88,0.85
Cairo,EG,30.0444,31.2357,2026-06-16,15,2026-06-16T15:00:00+00:00,3,86.86,0.08,0.59,116.49,2.01,9.0,26.83,2.45
New York,US,40.7128,-74.006,2026-06-16,15,2026-06-16T15:00:00+00:00,2,108.94,0.62,2.08,81.27,1.61,2.45,2.79,0.43
Paris,FR,48.8566,2.3522,2026-06-16,15,2026-06-16T15:00:00+00:00,2,81.44,0.09,0.44,80.93,0.13,4.83,6.53,2.32
Sydney,AU,-33.8688,151.2093,2026-06-16,15,2026-06-16T15:00:00+00:00,1,78.64,0.0,1.36,39.41,0.35,3.74,5.09,0.01
Tokyo,JP,35.6762,139.6503,2026-06-16,15,2026-06-16T15:00:00+00:00,3,98.85,0.0,1.26,110.86,6.99,4.92,9.0,0.0
Antananarivo,MG,-18.8792,47.5079,2026-06-16,16,2026-06-16T16:00:00+00:00,1,108.81,0.0,0.91,38.07,0.26,2.78,5.12,0.96
Cairo,EG,30.0444,31.2357,2026-06-16,16,2026-06-16T16:00:00+00:00,3,88.44,0.08,1.21,114.81,2.39,9.42,28.42,4.1
New York,US,40.7128,-74.006,2026-06-16,16,2026-06-16T16:00:00+00:00,2,109.66,0.38,1.45,91.53,1.56,3.62,3.95,0.4
Paris,FR,48.8566,2.3522,2026-06-16,16,2026-06-16T16:00:00+00:00,2,82.21,0.1,0.52,82.25,0.13,4.85,6.69,2.46
Sydney,AU,-33.8688,151.2093,2026-06-16,16,2026-06-16T16:00:00+00:00,1,77.95,0.0,1.09,41.75,0.31,3.76,5.12,0.01
Tokyo,JP,35.6762,139.6503,2026-06-16,16,2026-06-16T16:00:00+00:00,3,97.93,0.0,1.23,107.74,7.01,4.69,8.99,0.0
Antananarivo,MG,-18.8792,47.5079,2026-06-16,17,2026-06-16T17:00:00+00:00,1,131.94,0.0,1.25,33.45,0.3,3.91,7.04,1.1
Cairo,EG,30.0444,31.2357,2026-06-16,17,2026-06-16T17:00:00+00:00,3,90.99,0.02,2.17,112.49,3.1,10.52,31.22,6.44
New York,US,40.7128,-74.006,2026-06-16,17,2026-06-16T17:00:00+00:00,2,107.96,0.24,1.03,98.21,1.43,4.29,4.61,0.36
Paris,FR,48.8566,2.3522,2026-06-16,17,2026-06-16T17:00:00+00:00,2,82.8,0.09,0.59,82.48,0.14,4.66,6.49,2.6
Sydney,AU,-33.8688,151.2093,2026-06-16,17,2026-06-16T17:00:00+00:00,1,77.53,0.0,0.97,42.39,0.28,3.78,5.12,0.01
Tokyo,JP,35.6762,139.6503,2026-06-16,17,2026-06-16T17:00:00+00:00,3,97.03,0.0,1.19,105.09,6.75,4.5,8.95,0.0
Antananarivo,MG,-18.8792,47.5079,2026-06-16,18,2026-06-16T18:00:00+00:00,1,153.99,0.0,1.51,29.71,0.31,5.09,8.88,1.13
Cairo,EG,30.0444,31.2357,2026-06-16,18,2026-06-16T18:00:00+00:00,3,93.3,0.0,2.59,111.48,3.96,12.42,34.72,7.7
New York,US,40.7128,-74.006,2026-06-16,18,2026-06-16T18:00:00+00:00,3,106.89,0.2,0.88,102.33,1.37,4.68,5.01,0.33
Paris,FR,48.8566,2.3522,2026-06-16,18,2026-06-16T18:00:00+00:00,2,83.23,0.07,0.68,81.81,0.14,4.36,6.14,2.72
Sydney,AU,-33.8688,151.2093,2026-06-16,18,2026-06-16T18:00:00+00:00,1,77.48,0.0,0.89,42.67,0.27,3.74,5.03,0.01
Tokyo,JP,35.6762,139.6503,2026-06-16,18,2026-06-16T18:00:00+00:00,3,96.13,0.0,1.14,102.91,6.39,4.35,8.96,0.0
Antananarivo,MG,-18.8792,47.5079,2026-06-16,19,2026-06-16T19:00:00+00:00,1,171.6,0.0,1.7,26.23,0.3,6.11,10.32,0.97
Cairo,EG,30.0444,31.2357,2026-06-16,19,2026-06-16T19:00:00+00:00,3,95.22,0.0,2.7,114.13,5.29,15.63,39.03,8.38
New York,US,40.7128,-74.006,2026-06-16,19,2026-06-16T19:00:00+00:00,3,107.26,0.18,0.87,105.91,1.39,4.96,5.31,0.35
Paris,FR,48.8566,2.3522,2026-06-16,19,2026-06-16T19:00:00+00:00,2,83.82,0.05,1.12,74.55,0.15,4.14,5.85,2.89
Sydney,AU,-33.8688,151.2093,2026-06-16,19,2026-06-16T19:00:00+00:00,1,77.56,0.0,0.84,42.79,0.26,3.61,4.8,0.02
Tokyo,JP,35.6762,139.6503,2026-06-16,19,2026-06-16T19:00:00+00:00,3,95.46,0.0,1.09,101.24,5.99,4.22,9.02,0.0
Antananarivo,MG,-18.8792,47.5079,2026-06-16,20,2026-06-16T20:00:00+00:00,1,181.99,0.0,1.79,23.66,0.26,6.72,10.84,0.67
Cairo,EG,30.0444,31.2357,2026-06-16,20,2026-06-16T20:00:00+00:00,3,97.78,0.0,2.68,122.27,8.11,21.14,48.15,8.39
New York,US,40.7128,-74.006,2026-06-16,20,2026-06-16T20:00:00+00:00,3,107.45,0.18,0.94,108.36,1.41,5.16,5.54,0.39
Paris,FR,48.8566,2.3522,2026-06-16,20,2026-06-16T20:00:00+00:00,2,84.66,0.01,1.79,63.87,0.17,4.02,5.69,3.15
Sydney,AU,-33.8688,151.2093,2026-06-16,20,2026-06-16T20:00:00+00:00,1,77.58,0.0,0.82,42.21,0.24,3.44,4.53,0.02
Tokyo,JP,35.6762,139.6503,2026-06-16,20,2026-06-16T20:00:00+00:00,3,94.92,0.0,1.06,100.31,5.61,4.04,8.82,0.0
Antananarivo,MG,-18.8792,47.5079,2026-06-16,21,2026-06-16T21:00:00+00:00,1,177.95,0.0,1.7,22.1,0.18,6.57,10.11,0.39
Cairo,EG,30.0444,31.2357,2026-06-16,21,2026-06-16T21:00:00+00:00,3,100.63,0.0,2.87,126.47,12.1,27.0,65.54,7.93
New York,US,40.7128,-74.006,2026-06-16,21,2026-06-16T21:00:00+00:00,3,108.36,0.19,1.1,109.66,1.43,5.28,5.71,0.45
Paris,FR,48.8566,2.3522,2026-06-16,21,2026-06-16T21:00:00+00:00,1,85.51,0.0,2.26,55.92,0.17,3.89,5.52,3.41
Sydney,AU,-33.8688,151.2093,2026-06-16,21,2026-06-16T21:00:00+00:00,1,77.98,0.0,0.89,41.72,0.25,3.28,4.31,0.04
Tokyo,JP,35.6762,139.6503,2026-06-16,21,2026-06-16T21:00:00+00:00,2,94.67,0.0,1.1,99.7,5.46,3.89,8.52,0.0
Antananarivo,MG,-18.8792,47.5079,2026-06-16,22,2026-06-16T22:00:00+00:00,1,160.15,0.0,1.43,23.2,0.12,5.71,8.45,0.25
Cairo,EG,30.0444,31.2357,2026-06-16,22,2026-06-16T22:00:00+00:00,3,101.28,0.0,3.14,117.09,14.51,27.32,75.95,7.51
New York,US,40.7128,-74.006,2026-06-16,22,2026-06-16T22:00:00+00:00,3,111.89,0.24,1.71,107.28,1.49,5.55,6.1,0.47
Paris,FR,48.8566,2.3522,2026-06-16,22,2026-06-16T22:00:00+00:00,1,84.17,0.0,2.63,47.06,0.16,3.77,5.35,3.56
Sydney,AU,-33.8688,151.2093,2026-06-16,22,2026-06-16T22:00:00+00:00,1,78.43,0.0,1.05,41.35,0.26,3.13,4.11,0.06
Tokyo,JP,35.6762,139.6503,2026-06-16,22,2026-06-16T22:00:00+00:00,2,94.35,0.02,1.17,99.45,5.39,3.71,8.09,0.0
Antananarivo,MG,-18.8792,47.5079,2026-06-16,23,2026-06-16T23:00:00+00:00,1,150.77,0.0,1.27,23.45,0.09,5.25,7.55,0.23
Cairo,EG,30.0444,31.2357,2026-06-16,23,2026-06-16T23:00:00+00:00,3,103.91,0.0,3.74,102.56,13.87,23.7,68.95,9.3
New York,US,40.7128,-74.006,2026-06-16,23,2026-06-16T23:00:00+00:00,3,117.18,0.24,2.56,101.43,1.54,5.96,6.74,0.44
Paris,FR,48.8566,2.3522,2026-06-16,23,2026-06-16T23:00:00+00:00,1,83.56,0.0,2.79,39.09,0.15,3.73,5.29,3.57
Sydney,AU,-33.8688,151.2093,2026-06-16,23,2026-06-16T23:00:00+00:00,1,78.49,0.03,1.14,41.43,0.28,2.95,3.92,0.07
Tokyo,JP,35.6762,139.6503,2026-06-16,23,2026-06-16T23:00:00+00:00,2,94.17,0.04,1.18,99.37,5.2,3.5,7.52,0.0
Antananarivo,MG,-18.8792,47.5079,2026-06-17,00,2026-06-17T00:00:00+00:00,1,142.72,0.0,1.14,23.86,0.09,4.84,6.82,0.23
Cairo,EG,30.0444,31.2357,2026-06-17,00,2026-06-17T00:00:00+00:00,3,106.81,0.0,4.23,90.2,12.4,20.24,59.94,11.26
New York,US,40.7128,-74.006,2026-06-17,00,2026-06-17T00:00:00+00:00,2,120.7,0.09,3.14,95.69,1.5,6.37,7.49,0.39
Paris,FR,48.8566,2.3522,2026-06-17,00,2026-06-17T00:00:00+00:00,1,83.12,0.0,2.77,33.29,0.16,3.7,5.24,3.4
Sydney,AU,-33.8688,151.2093,2026-06-17,00,2026-06-17T00:00:00+00:00,1,77.72,0.07,1.08,42.05,0.29,2.8,3.78,0.08
Tokyo,JP,35.6762,139.6503,2026-06-17,00,2026-06-17T00:00:00+00:00,2,94.01,0.07,1.07,99.67,4.94,3.31,7.0,0.0
Antananarivo,MG,-18.8792,47.5079,2026-06-17,01,2026-06-17T01:00:00+00:00,1,134.77,0.0,1.02,24.16,0.08,4.4,6.2,0.26
Cairo,EG,30.0444,31.2357,2026-06-17,01,2026-06-17T01:00:00+00:00,3,108.4,0.0,4.55,80.25,11.0,18.09,53.54,12.85
New York,US,40.7128,-74.006,2026-06-17,01,2026-06-17T01:00:00+00:00,2,121.41,0.0,3.04,89.65,1.37,6.75,8.33,0.32
Paris,FR,48.8566,2.3522,2026-06-17,01,2026-06-17T01:00:00+00:00,1,82.23,0.0,2.7,28.33,0.16,3.65,5.18,3.02
Sydney,AU,-33.8688,151.2093,2026-06-17,01,2026-06-17T01:00:00+00:00,1,77.09,0.11,0.94,43.39,0.29,2.67,3.66,0.08
Tokyo,JP,35.6762,139.6503,2026-06-17,01,2026-06-17T01:00:00+00:00,3,93.49,0.07,0.89,100.42,4.55,3.14,6.56,0.0
Antananarivo,MG,-18.8792,47.5079,2026-06-17,02,2026-06-17T02:00:00+00:00,1,131.21,0.0,0.97,23.62,0.09,4.18,5.94,0.33
Cairo,EG,30.0444,31.2357,2026-06-17,02,2026-06-17T02:00:00+00:00,3,110.23,0.0,4.79,73.41,9.89,17.56,51.29,14.2
New York,US,40.7128,-74.006,2026-06-17,02,2026-06-17T02:00:00+00:00,2,122.15,0.0,2.86,84.15,1.23,7.19,9.28,0.25
Paris,FR,48.8566,2.3522,2026-06-17,02,2026-06-17T02:00:00+00:00,1,82.04,0.0,2.67,23.96,0.14,3.68,5.24,2.85
Sydney,AU,-33.8688,151.2093,2026-06-17,02,2026-06-17T02:00:00+00:00,1,75.98,0.13,0.83,43.96,0.29,2.56,3.53,0.08
Tokyo,JP,35.6762,139.6503,2026-06-17,02,2026-06-17T02:00:00+00:00,3,93.17,0.06,0.72,101.4,4.11,2.99,6.2,0.0
Antananarivo,MG,-18.8792,47.5079,2026-06-17,03,2026-06-17T03:00:00+00:00,1,131.66,0.0,0.99,23.19,0.12,4.17,6.02,0.47
Cairo,EG,30.0444,31.2357,2026-06-17,03,2026-06-17T03:00:00+00:00,3,111.55,0.0,4.95,68.36,8.84,17.71,51.44,15.32
New York,US,40.7128,-74.006,2026-06-17,03,2026-06-17T03:00:00+00:00,2,122.72,0.0,2.81,80.24,1.12,7.65,10.19,0.19
Paris,FR,48.8566,2.3522,2026-06-17,03,2026-06-17T03:00:00+00:00,1,82.49,0.0,2.76,20.57,0.14,3.79,5.43,3.08
Sydney,AU,-33.8688,151.2093,2026-06-17,03,2026-06-17T03:00:00+00:00,1,74.97,0.14,0.77,44.76,0.3,2.49,3.41,0.08
Tokyo,JP,35.6762,139.6503,2026-06-17,03,2026-06-17T03:00:00+00:00,3,92.86,0.05,0.6,102.37,3.7,2.84,5.86,0.0
Antananarivo,MG,-18.8792,47.5079,2026-06-17,04,2026-06-17T04:00:00+00:00,1,140.6,0.01,1.14,22.94,0.21,4.59,6.97,0.77
Cairo,EG,30.0444,31.2357,2026-06-17,04,2026-06-17T04:00:00+00:00,3,111.83,0.08,5.33,63.83,8.01,17.85,52.29,16.49
New York,US,40.7128,-74.006,2026-06-17,04,2026-06-17T04:00:00+00:00,2,121.6,0.0,2.69,75.38,0.98,7.98,10.86,0.12
Paris,FR,48.8566,2.3522,2026-06-17,04,2026-06-17T04:00:00+00:00,1,82.48,0.01,3.04,17.52,0.15,3.9,5.6,3.11
Sydney,AU,-33.8688,151.2093,2026-06-17,04,2026-06-17T04:00:00+00:00,1,75.58,0.1,0.93,44.62,0.32,2.42,3.3,0.09
Tokyo,JP,35.6762,139.6503,2026-06-17,04,2026-06-17T04:00:00+00:00,3,93.28,0.03,0.57,103.23,3.29,2.59,5.23,0.0
Antananarivo,MG,-18.8792,47.5079,2026-06-17,05,2026-06-17T05:00:00+00:00,1,151.29,0.18,1.05,23.8,0.27,5.06,8.14,0.95
Cairo,EG,30.0444,31.2357,2026-06-17,05,2026-06-17T05:00:00+00:00,3,112.95,0.75,5.05,62.35,7.94,18.27,54.45,17.22
New York,US,40.7128,-74.006,2026-06-17,05,2026-06-17T05:00:00+00:00,2,120.07,0.0,2.48,70.42,0.84,8.3,11.45,0.08
Paris,FR,48.8566,2.3522,2026-06-17,05,2026-06-17T05:00:00+00:00,1,84.45,0.18,3.74,14.5,0.19,4.07,5.87,2.35
Sydney,AU,-33.8688,151.2093,2026-06-17,05,2026-06-17T05:00:00+00:00,1,76.47,0.08,1.25,41.96,0.33,2.29,3.11,0.12
Tokyo,JP,35.6762,139.6503,2026-06-17,05,2026-06-17T05:00:00+00:00,3,93.5,0.03,0.58,103.79,2.94,2.28,4.43,0.0
Antananarivo,MG,-18.8792,47.5079,2026-06-17,06,2026-06-17T06:00:00+00:00,1,151.03,0.24,0.72,28.71,0.29,5.28,8.61,1.08
Cairo,EG,30.0444,31.2357,2026-06-17,06,2026-06-17T06:00:00+00:00,3,113.79,1.33,4.24,65.63,8.37,19.43,58.09,17.15
New York,US,40.7128,-74.006,2026-06-17,06,2026-06-17T06:00:00+00:00,2,117.9,0.0,2.23,66.54,0.76,8.56,11.94,0.06
Paris,FR,48.8566,2.3522,2026-06-17,06,2026-06-17T06:00:00+00:00,1,86.87,1.39,3.67,14.08,0.23,4.27,6.16,2.05
Sydney,AU,-33.8688,151.2093,2026-06-17,06,2026-06-17T06:00:00+00:00,1,77.9,0.04,1.7,39.22,0.38,2.13,2.89,0.14
Tokyo,JP,35.6762,139.6503,2026-06-17,06,2026-06-17T06:00:00+00:00,3,93.66,0.03,0.61,103.94,2.69,2.0,3.79,0.0
Antananarivo,MG,-18.8792,47.5079,2026-06-17,07,2026-06-17T07:00:00+00:00,1,105.27,0.09,0.27,45.07,0.22,2.79,4.71,0.64
Cairo,EG,30.0444,31.2357,2026-06-17,07,2026-06-17T07:00:00+00:00,3,113.87,1.12,3.17,77.77,9.04,21.72,62.89,15.97
New York,US,40.7128,-74.006,2026-06-17,07,2026-06-17T07:00:00+00:00,2,116.25,0.0,2.09,62.81,0.69,8.81,12.34,0.06
Paris,FR,48.8566,2.3522,2026-06-17,07,2026-06-17T07:00:00+00:00,1,89.86,1.95,3.13,21.04,0.28,4.41,6.31,2.39
Sydney,AU,-33.8688,151.2093,2026-06-17,07,2026-06-17T07:00:00+00:00,1,80.99,0.01,2.42,34.79,0.41,2.03,2.76,0.15
Tokyo,JP,35.6762,139.6503,2026-06-17,07,2026-06-17T07:00:00+00:00,3,93.93,0.02,0.68,103.73,2.53,1.75,3.18,0.0
Antananarivo,MG,-18.8792,47.5079,2026-06-17,08,2026-06-17T08:00:00+00:00,1,95.03,0.05,0.16,49.39,0.22,2.43,4.13,0.59
Cairo,EG,30.0444,31.2357,2026-06-17,08,2026-06-17T08:00:00+00:00,3,111.63,0.54,1.87,96.58,8.93,25.2,67.24,13.57
New York,US,40.7128,-74.006,2026-06-17,08,2026-06-17T08:00:00+00:00,1,115.04,0.0,2.03,59.46,0.66,9.03,12.59,0.06
Paris,FR,48.8566,2.3522,2026-06-17,08,2026-06-17T08:00:00+00:00,1,90.18,2.0,2.75,26.27,0.29,4.64,6.54,2.76
Sydney,AU,-33.8688,151.2093,2026-06-17,08,2026-06-17T08:00:00+00:00,1,85.5,0.01,3.17,28.94,0.41,1.99,2.73,0.14
Tokyo,JP,35.6762,139.6503,2026-06-17,08,2026-06-17T08:00:00+00:00,3,94.28,0.01,0.78,102.64,2.35,1.54,2.81,0.01
Antananarivo,MG,-18.8792,47.5079,2026-06-17,09,2026-06-17T09:00:00+00:00,1,90.12,0.04,0.13,50.66,0.23,2.5,4.19,0.58
Cairo,EG,30.0444,31.2357,2026-06-17,09,2026-06-17T09:00:00+00:00,3,108.1,0.27,1.09,110.48,8.35,26.79,68.43,10.61
New York,US,40.7128,-74.006,2026-06-17,09,2026-06-17T09:00:00+00:00,1,114.64,0.0,2.08,56.92,0.65,9.21,12.72,0.06
Paris,FR,48.8566,2.3522,2026-06-17,09,2026-06-17T09:00:00+00:00,1,89.25,1.42,2.39,36.5,0.32,5.37,7.28,3.04
Sydney,AU,-33.8688,151.2093,2026-06-17,09,2026-06-17T09:00:00+00:00,1,89.49,0.02,3.45,24.33,0.43,1.93,2.7,0.14
Tokyo,JP,35.6762,139.6503,2026-06-17,09,2026-06-17T09:00:00+00:00,3,94.5,0.0,0.88,100.16,2.26,1.4,2.74,0.01
Antananarivo,MG,-18.8792,47.5079,2026-06-17,10,2026-06-17T10:00:00+00:00,1,81.14,0.03,0.1,55.27,0.19,2.03,3.26,0.42
Cairo,EG,30.0444,31.2357,2026-06-17,10,2026-06-17T10:00:00+00:00,3,95.41,0.14,0.56,115.24,5.15,17.81,44.48,5.34
New York,US,40.7128,-74.006,2026-06-17,10,2026-06-17T10:00:00+00:00,1,115.39,0.0,2.34,54.79,0.71,9.3,12.59,0.07
Paris,FR,48.8566,2.3522,2026-06-17,10,2026-06-17T10:00:00+00:00,2,86.76,0.21,0.78,74.67,0.35,4.92,6.83,2.9
Sydney,AU,-33.8688,151.2093,2026-06-17,10,2026-06-17T10:00:00+00:00,1,91.13,0.03,3.36,20.72,0.44,1.86,2.65,0.14
Tokyo,JP,35.6762,139.6503,2026-06-17,10,2026-06-17T10:00:00+00:00,2,94.36,0.0,0.98,96.29,2.33,1.43,3.01,0.02
Antananarivo,MG,-18.8792,47.5079,2026-06-17,11,2026-06-17T11:00:00+00:00,1,76.92,0.03,0.11,56.67,0.16,1.91,2.92,0.37
Cairo,EG,30.0444,31.2357,2026-06-17,11,2026-06-17T11:00:00+00:00,3,88.33,0.1,0.41,114.78,3.38,12.77,31.86,3.06
New York,US,40.7128,-74.006,2026-06-17,11,2026-06-17T11:00:00+00:00,1,119.79,0.05,3.25,53.19,0.77,9.35,12.39,0.11
Paris,FR,48.8566,2.3522,2026-06-17,11,2026-06-17T11:00:00+00:00,2,84.39,0.1,0.43,80.53,0.26,4.67,6.75,2.69
Sydney,AU,-33.8688,151.2093,2026-06-17,11,2026-06-17T11:00:00+00:00,1,91.77,0.03,3.14,19.0,0.44,1.79,2.56,0.13
Tokyo,JP,35.6762,139.6503,2026-06-17,11,2026-06-17T11:00:00+00:00,2,94.04,0.0,1.11,91.09,2.4,1.66,3.71,0.02
Antananarivo,MG,-18.8792,47.5079,2026-06-17,12,2026-06-17T12:00:00+00:00,1,76.06,0.03,0.12,56.24,0.16,1.98,2.97,0.37
Cairo,EG,30.0444,31.2357,2026-06-17,12,2026-06-17T12:00:00+00:00,3,86.18,0.09,0.39,115.63,2.94,11.77,29.31,2.41
New York,US,40.7128,-74.006,2026-06-17,12,2026-06-17T12:00:00+00:00,1,127.32,0.4,4.15,55.91,0.89,9.42,12.22,0.18
Paris,FR,48.8566,2.3522,2026-06-17,12,2026-06-17T12:00:00+00:00,2,83.18,0.09,0.38,81.64,0.22,4.69,6.88,2.62
Sydney,AU,-33.8688,151.2093,2026-06-17,12,2026-06-17T12:00:00+00:00,1,91.41,0.03,2.87,18.6,0.42,1.71,2.45,0.11
Tokyo,JP,35.6762,139.6503,2026-06-17,12,2026-06-17T12:00:00+00:00,2,93.6,0.0,1.25,84.25,2.44,1.97,4.44,0.03
Antananarivo,MG,-18.8792,47.5079,2026-06-17,13,2026-06-17T13:00:00+00:00,1,86.64,0.06,0.3,52.41,0.21,2.54,3.88,0.62
Cairo,EG,30.0444,31.2357,2026-06-17,13,2026-06-17T13:00:00+00:00,3,85.95,0.09,0.39,117.96,2.77,11.28,28.17,1.99
New York,US,40.7128,-74.006,2026-06-17,13,2026-06-17T13:00:00+00:00,2,129.49,0.62,3.59,69.12,1.04,9.42,11.71,0.24
Paris,FR,48.8566,2.3522,2026-06-17,13,2026-06-17T13:00:00+00:00,2,83.0,0.08,0.35,83.32,0.18,4.44,6.71,2.34
Sydney,AU,-33.8688,151.2093,2026-06-17,13,2026-06-17T13:00:00+00:00,1,89.75,0.03,2.65,18.74,0.4,1.65,2.3,0.1
Tokyo,JP,35.6762,139.6503,2026-06-17,13,2026-06-17T13:00:00+00:00,2,93.06,0.0,1.41,76.1,2.48,2.24,5.02,0.03
Antananarivo,MG,-18.8792,47.5079,2026-06-17,14,2026-06-17T14:00:00+00:00,1,106.15,0.06,0.7,46.56,0.28,3.53,5.5,0.98
Cairo,EG,30.0444,31.2357,2026-06-17,14,2026-06-17T14:00:00+00:00,3,84.82,0.08,0.41,118.25,2.63,10.43,26.5,1.71
New York,US,40.7128,-74.006,2026-06-17,14,2026-06-17T14:00:00+00:00,2,128.92,0.64,2.99,75.5,1.1,9.38,11.45,0.27
Paris,FR,48.8566,2.3522,2026-06-17,14,2026-06-17T14:00:00+00:00,2,81.93,0.07,0.33,83.64,0.14,4.01,6.31,1.94
Sydney,AU,-33.8688,151.2093,2026-06-17,14,2026-06-17T14:00:00+00:00,1,87.0,0.02,2.39,19.41,0.37,1.59,2.1,0.06
Tokyo,JP,35.6762,139.6503,2026-06-17,14,2026-06-17T14:00:00+00:00,2,91.94,0.0,1.55,68.14,2.45,2.28,4.94,0.05
Antananarivo,MG,-18.8792,47.5079,2026-06-17,15,2026-06-17T15:00:00+00:00,1,127.37,0.0,1.23,41.47,0.33,4.55,7.19,1.22
Cairo,EG,30.0444,31.2357,2026-06-17,15,2026-06-17T15:00:00+00:00,3,84.21,0.07,0.49,117.23,2.6,9.72,25.39,1.59
New York,US,40.7128,-74.006,2026-06-17,15,2026-06-17T15:00:00+00:00,2,127.46,0.49,2.3,83.69,1.17,9.47,11.44,0.31
Paris,FR,48.8566,2.3522,2026-06-17,15,2026-06-17T15:00:00+00:00,2,81.3,0.08,0.37,83.51,0.12,3.86,6.2,1.8
Sydney,AU,-33.8688,151.2093,2026-06-17,15,2026-06-17T15:00:00+00:00,1,83.79,0.01,2.1,20.75,0.38,1.6,1.99,0.03
Tokyo,JP,35.6762,139.6503,2026-06-17,15,2026-06-17T15:00:00+00:00,2,90.83,0.0,1.62,62.08,2.27,2.13,4.28,0.06
Antananarivo,MG,-18.8792,47.5079,2026-06-17,16,2026-06-17T16:00:00+00:00,1,154.79,0.0,1.7,35.89,0.39,5.93,9.56,1.45
Cairo,EG,30.0444,31.2357,2026-06-17,16,2026-06-17T16:00:00+00:00,3,85.03,0.06,0.86,116.01,2.84,9.66,26.42,2.48
New York,US,40.7128,-74.006,2026-06-17,16,2026-06-17T16:00:00+00:00,3,115.86,0.17,1.0,100.07,0.89,7.42,8.46,0.25
Paris,FR,48.8566,2.3522,2026-06-17,16,2026-06-17T16:00:00+00:00,2,81.73,0.08,0.44,84.45,0.11,3.87,6.23,1.78
Sydney,AU,-33.8688,151.2093,2026-06-17,16,2026-06-17T16:00:00+00:00,1,80.83,0.0,1.79,22.64,0.4,1.63,1.95,0.02
Tokyo,JP,35.6762,139.6503,2026-06-17,16,2026-06-17T16:00:00+00:00,1,90.53,0.0,1.64,57.95,2.08,1.92,3.62,0.07
Antananarivo,MG,-18.8792,47.5079,2026-06-17,17,2026-06-17T17:00:00+00:00,1,191.96,0.0,2.17,30.9,0.44,7.93,12.82,1.65
Cairo,EG,30.0444,31.2357,2026-06-17,17,2026-06-17T17:00:00+00:00,3,86.03,0.01,1.38,113.25,3.1,9.74,27.94,3.72
New York,US,40.7128,-74.006,2026-06-17,17,2026-06-17T17:00:00+00:00,3,111.49,0.11,0.75,104.35,0.82,6.62,7.49,0.24
Paris,FR,48.8566,2.3522,2026-06-17,17,2026-06-17T17:00:00+00:00,2,81.91,0.08,0.51,84.83,0.12,3.95,6.31,1.85
Sydney,AU,-33.8688,151.2093,2026-06-17,17,2026-06-17T17:00:00+00:00,1,78.84,0.01,1.6,22.03,0.34,1.66,1.98,0.02
Tokyo,JP,35.6762,139.6503,2026-06-17,17,2026-06-17T17:00:00+00:00,1,91.21,0.0,1.77,54.59,2.17,1.89,3.55,0.09
Antananarivo,MG,-18.8792,47.5079,2026-06-17,18,2026-06-17T18:00:00+00:00,1,226.45,0.0,2.54,26.92,0.45,9.99,15.96,1.47
Cairo,EG,30.0444,31.2357,2026-06-17,18,2026-06-17T18:00:00+00:00,3,86.78,0.0,1.53,111.13,3.15,9.87,28.61,4.39
New York,US,40.7128,-74.006,2026-06-17,18,2026-06-17T18:00:00+00:00,3,111.62,0.11,0.76,105.29,0.82,6.68,7.66,0.28
Paris,FR,48.8566,2.3522,2026-06-17,18,2026-06-17T18:00:00+00:00,2,82.18,0.07,0.59,84.77,0.12,4.01,6.35,1.94
Sydney,AU,-33.8688,151.2093,2026-06-17,18,2026-06-17T18:00:00+00:00,1,77.96,0.01,1.55,20.7,0.31,1.75,2.12,0.02
Tokyo,JP,35.6762,139.6503,2026-06-17,18,2026-06-17T18:00:00+00:00,1,93.27,0.0,2.01,51.84,2.43,2.01,3.68,0.11
Antananarivo,MG,-18.8792,47.5079,2026-06-17,19,2026-06-17T19:00:00+00:00,2,251.64,0.0,2.76,23.77,0.46,11.65,18.18,1.41
Cairo,EG,30.0444,31.2357,2026-06-17,19,2026-06-17T19:00:00+00:00,3,86.87,0.0,1.51,110.48,3.38,10.45,28.85,4.84
New York,US,40.7128,-74.006,2026-06-17,19,2026-06-17T19:00:00+00:00,3,113.69,0.12,0.86,103.66,0.8,7.0,8.28,0.31
Paris,FR,48.8566,2.3522,2026-06-17,19,2026-06-17T19:00:00+00:00,2,82.99,0.07,1.39,72.77,0.15,4.14,6.44,2.38
Sydney,AU,-33.8688,151.2093,2026-06-17,19,2026-06-17T19:00:00+00:00,1,77.68,0.01,1.54,19.71,0.31,1.91,2.34,0.02
Tokyo,JP,35.6762,139.6503,2026-06-17,19,2026-06-17T19:00:00+00:00,1,96.58,0.0,2.48,49.71,2.76,2.17,3.85,0.13
Antananarivo,MG,-18.8792,47.5079,2026-06-17,20,2026-06-17T20:00:00+00:00,2,266.77,0.0,2.86,21.81,0.44,12.63,19.28,1.39
Cairo,EG,30.0444,31.2357,2026-06-17,20,2026-06-17T20:00:00+00:00,3,88.63,0.0,1.51,111.96,4.78,12.17,32.3,5.13
New York,US,40.7128,-74.006,2026-06-17,20,2026-06-17T20:00:00+00:00,2,116.12,0.13,1.02,99.83,0.79,7.31,8.95,0.29
Paris,FR,48.8566,2.3522,2026-06-17,20,2026-06-17T20:00:00+00:00,1,84.52,0.01,2.63,56.07,0.18,4.36,6.61,3.0
Sydney,AU,-33.8688,151.2093,2026-06-17,20,2026-06-17T20:00:00+00:00,1,78.28,0.02,1.59,19.35,0.31,2.12,2.65,0.02
Tokyo,JP,35.6762,139.6503,2026-06-17,20,2026-06-17T20:00:00+00:00,1,100.37,0.0,3.25,48.14,3.16,2.39,4.13,0.13
Antananarivo,MG,-18.8792,47.5079,2026-06-17,21,2026-06-17T21:00:00+00:00,2,262.79,0.0,2.72,20.62,0.35,12.44,18.4,1.21
Cairo,EG,30.0444,31.2357,2026-06-17,21,2026-06-17T21:00:00+00:00,3,91.45,0.0,1.89,110.54,7.89,14.85,42.14,5.48
New York,US,40.7128,-74.006,2026-06-17,21,2026-06-17T21:00:00+00:00,2,118.1,0.15,1.25,96.46,0.74,7.2,9.02,0.26
Paris,FR,48.8566,2.3522,2026-06-17,21,2026-06-17T21:00:00+00:00,1,85.88,0.0,3.52,44.06,0.18,4.55,6.76,3.43
Sydney,AU,-33.8688,151.2093,2026-06-17,21,2026-06-17T21:00:00+00:00,1,81.36,0.04,1.94,19.09,0.36,2.45,3.13,0.05
Tokyo,JP,35.6762,139.6503,2026-06-17,21,2026-06-17T21:00:00+00:00,1,104.39,0.01,4.39,46.96,3.57,2.63,4.42,0.12
Antananarivo,MG,-18.8792,47.5079,2026-06-17,22,2026-06-17T22:00:00+00:00,2,251.04,0.0,2.5,20.13,0.3,11.75,16.88,1.15
Cairo,EG,30.0444,31.2357,2026-06-17,22,2026-06-17T22:00:00+00:00,3,93.41,0.0,2.63,102.27,10.91,16.13,48.33,6.35
New York,US,40.7128,-74.006,2026-06-17,22,2026-06-17T22:00:00+00:00,2,119.6,0.17,1.5,93.8,0.66,6.96,8.94,0.23
Paris,FR,48.8566,2.3522,2026-06-17,22,2026-06-17T22:00:00+00:00,1,84.65,0.0,3.87,35.75,0.15,4.58,6.68,3.56
Sydney,AU,-33.8688,151.2093,2026-06-17,22,2026-06-17T22:00:00+00:00,1,86.76,0.16,2.58,18.43,0.44,2.8,3.67,0.07
Tokyo,JP,35.6762,139.6503,2026-06-17,22,2026-06-17T22:00:00+00:00,1,109.29,0.08,6.28,46.01,4.1,3.09,4.94,0.12
Antananarivo,MG,-18.8792,47.5079,2026-06-17,23,2026-06-17T23:00:00+00:00,2,240.81,0.0,2.32,20.63,0.28,11.08,15.69,1.2
Cairo,EG,30.0444,31.2357,2026-06-17,23,2026-06-17T23:00:00+00:00,2,96.34,0.0,3.48,93.15,12.49,16.3,48.63,8.41
New York,US,40.7128,-74.006,2026-06-17,23,2026-06-17T23:00:00+00:00,2,120.45,0.13,1.65,92.15,0.62,6.79,8.97,0.21
Paris,FR,48.8566,2.3522,2026-06-17,23,2026-06-17T23:00:00+00:00,1,84.32,0.0,3.59,31.94,0.13,4.58,6.56,3.55
Sydney,AU,-33.8688,151.2093,2026-06-17,23,2026-06-17T23:00:00+00:00,1,90.74,0.87,2.25,19.33,0.58,3.02,4.02,0.08
Tokyo,JP,35.6762,139.6503,2026-06-17,23,2026-06-17T23:00:00+00:00,1,115.19,0.31,9.16,44.68,4.96,3.72,5.69,0.13
Antananarivo,MG,-18.8792,47.5079,2026-06-18,00,2026-06-18T00:00:00+00:00,2,230.0,0.0,2.14,21.92,0.28,10.36,14.64,1.28
Cairo,EG,30.0444,31.2357,2026-06-18,00,2026-06-18T00:00:00+00:00,2,99.02,0.0,4.14,84.88,13.02,16.45,47.89,10.39
New York,US,40.7128,-74.006,2026-06-18,00,2026-06-18T00:00:00+00:00,2,121.13,0.04,1.78,90.87,0.62,6.77,9.04,0.21
Paris,FR,48.8566,2.3522,2026-06-18,00,2026-06-18T00:00:00+00:00,1,84.16,0.0,3.09,30.74,0.11,4.51,6.35,3.5
Sydney,AU,-33.8688,151.2093,2026-06-18,00,2026-06-18T00:00:00+00:00,1,92.78,1.37,1.94,22.25,0.84,3.13,4.2,0.1
Tokyo,JP,35.6762,139.6503,2026-06-18,00,2026-06-18T00:00:00+00:00,1,121.96,0.77,12.89,44.01,5.81,4.31,6.07,0.12
Antananarivo,MG,-18.8792,47.5079,2026-06-18,01,2026-06-18T01:00:00+00:00,1,213.69,0.0,1.9,25.05,0.27,9.37,13.38,1.31
Cairo,EG,30.0444,31.2357,2026-06-18,01,2026-06-18T01:00:00+00:00,2,100.37,0.0,4.69,76.07,11.77,16.59,46.28,13.03
New York,US,40.7128,-74.006,2026-06-18,01,2026-06-18T01:00:00+00:00,2,121.26,0.0,1.75,89.43,0.63,6.93,9.32,0.25
Paris,FR,48.8566,2.3522,2026-06-18,01,2026-06-18T01:00:00+00:00,1,83.62,0.0,2.66,29.59,0.11,4.39,6.06,3.29
Sydney,AU,-33.8688,151.2093,2026-06-18,01,2026-06-18T01:00:00+00:00,1,84.95,0.59,1.79,40.93,1.89,2.88,3.78,0.02
Tokyo,JP,35.6762,139.6503,2026-06-18,01,2026-06-18T01:00:00+00:00,1,127.42,1.28,16.61,44.58,6.34,4.83,6.6,0.1
Antananarivo,MG,-18.8792,47.5079,2026-06-18,02,2026-06-18T02:00:00+00:00,1,205.38,0.0,1.77,26.26,0.26,8.89,12.76,1.31
Cairo,EG,30.0444,31.2357,2026-06-18,02,2026-06-18T02:00:00+00:00,2,102.5,0.0,5.26,68.56,9.46,16.99,45.56,16.12
New York,US,40.7128,-74.006,2026-06-18,02,2026-06-18T02:00:00+00:00,2,123.07,0.0,1.75,88.29,0.66,7.42,10.03,0.31
Paris,FR,48.8566,2.3522,2026-06-18,02,2026-06-18T02:00:00+00:00,1,83.94,0.0,2.47,25.97,0.11,4.39,5.97,2.92
Sydney,AU,-33.8688,151.2093,2026-06-18,02,2026-06-18T02:00:00+00:00,1,81.21,0.46,1.63,47.24,1.85,2.7,3.67,0.05
Tokyo,JP,35.6762,139.6503,2026-06-18,02,2026-06-18T02:00:00+00:00,1,133.63,1.93,20.84,45.22,6.94,5.42,7.85,0.09
Antananarivo,MG,-18.8792,47.5079,2026-06-18,03,2026-06-18T03:00:00+00:00,1,201.0,0.0,1.71,27.17,0.26,8.64,12.45,1.29
Cairo,EG,30.0444,31.2357,2026-06-18,03,2026-06-18T03:00:00+00:00,2,104.1,0.0,5.66,62.14,7.28,17.59,46.28,17.9
New York,US,40.7128,-74.006,2026-06-18,03,2026-06-18T03:00:00+00:00,2,125.86,0.0,1.82,87.22,0.68,8.09,10.91,0.37
Paris,FR,48.8566,2.3522,2026-06-18,03,2026-06-18T03:00:00+00:00,1,85.07,0.0,2.45,22.96,0.13,4.47,6.01,2.4
Sydney,AU,-33.8688,151.2093,2026-06-18,03,2026-06-18T03:00:00+00:00,1,79.82,0.47,1.87,50.63,2.06,2.77,3.95,0.07
Tokyo,JP,35.6762,139.6503,2026-06-18,03,2026-06-18T03:00:00+00:00,1,139.95,2.6,24.8,46.27,7.31,6.08,10.07,0.09
Antananarivo,MG,-18.8792,47.5079,2026-06-18,04,2026-06-18T04:00:00+00:00,1,205.0,0.01,1.81,27.72,0.29,8.6,12.9,1.2
Cairo,EG,30.0444,31.2357,2026-06-18,04,2026-06-18T04:00:00+00:00,2,104.39,0.11,5.93,56.46,5.81,18.14,47.71,18.02
New York,US,40.7128,-74.006,2026-06-18,04,2026-06-18T04:00:00+00:00,2,127.26,0.0,1.77,85.73,0.68,8.68,11.73,0.4
Paris,FR,48.8566,2.3522,2026-06-18,04,2026-06-18T04:00:00+00:00,1,86.99,0.0,2.69,22.13,0.22,4.57,6.16,2.1
Sydney,AU,-33.8688,151.2093,2026-06-18,04,2026-06-18T04:00:00+00:00,1,82.29,0.51,2.76,50.93,2.45,2.97,4.41,0.12
Tokyo,JP,35.6762,139.6503,2026-06-18,04,2026-06-18T04:00:00+00:00,1,146.69,4.15,25.92,51.38,7.54,6.99,13.57,0.12
Antananarivo,MG,-18.8792,47.5079,2026-06-18,05,2026-06-18T05:00:00+00:00,1,213.7,0.27,1.58,29.39,0.36,8.82,13.81,1.53
Cairo,EG,30.0444,31.2357,2026-06-18,05,2026-06-18T05:00:00+00:00,3,105.46,0.92,5.14,54.62,5.72,18.92,50.46,18.66
New York,US,40.7128,-74.006,2026-06-18,05,2026-06-18T05:00:00+00:00,2,127.62,0.0,1.62,84.43,0.67,9.15,12.41,0.41
Paris,FR,48.8566,2.3522,2026-06-18,05,2026-06-18T05:00:00+00:00,1,90.58,0.09,3.64,20.31,0.29,4.8,6.5,2.3
Sydney,AU,-33.8688,151.2093,2026-06-18,05,2026-06-18T05:00:00+00:00,1,86.63,0.58,4.34,47.32,2.98,3.28,4.91,0.2
Tokyo,JP,35.6762,139.6503,2026-06-18,05,2026-06-18T05:00:00+00:00,1,151.24,3.25,29.34,54.29,7.97,7.53,14.3,0.17
Antananarivo,MG,-18.8792,47.5079,2026-06-18,06,2026-06-18T06:00:00+00:00,1,219.67,0.34,1.12,36.46,0.43,9.82,15.17,1.87
Cairo,EG,30.0444,31.2357,2026-06-18,06,2026-06-18T06:00:00+00:00,3,106.0,1.41,3.95,59.14,6.93,20.12,54.63,16.97
New York,US,40.7128,-74.006,2026-06-18,06,2026-06-18T06:00:00+00:00,2,127.35,0.0,1.51,82.75,0.66,9.41,12.79,0.39
Paris,FR,48.8566,2.3522,2026-06-18,06,2026-06-18T06:00:00+00:00,1,94.96,0.96,4.17,20.31,0.36,5.09,6.92,2.67
Sydney,AU,-33.8688,151.2093,2026-06-18,06,2026-06-18T06:00:00+00:00,1,91.07,0.39,6.35,43.75,3.41,3.45,5.24,0.3
Tokyo,JP,35.6762,139.6503,2026-06-18,06,2026-06-18T06:00:00+00:00,1,153.18,2.56,30.36,59.46,8.25,7.79,13.44,0.24
Antananarivo,MG,-18.8792,47.5079,2026-06-18,07,2026-06-18T07:00:00+00:00,1,138.64,0.11,0.39,53.95,0.35,4.88,7.9,1.22
Cairo,EG,30.0444,31.2357,2026-06-18,07,2026-06-18T07:00:00+00:00,3,101.05,0.67,2.05,81.43,10.3,21.63,59.33,9.73
New York,US,40.7128,-74.006,2026-06-18,07,2026-06-18T07:00:00+00:00,2,126.39,0.0,1.49,80.73,0.66,9.36,12.78,0.36
Paris,FR,48.8566,2.3522,2026-06-18,07,2026-06-18T07:00:00+00:00,1,98.42,1.76,3.85,26.08,0.4,5.35,7.29,3.19
Sydney,AU,-33.8688,151.2093,2026-06-18,07,2026-06-18T07:00:00+00:00,1,94.43,0.06,8.14,40.78,3.63,3.46,5.35,0.37
Tokyo,JP,35.6762,139.6503,2026-06-18,07,2026-06-18T07:00:00+00:00,2,155.11,2.38,28.99,65.79,8.24,8.31,13.29,0.31
Antananarivo,MG,-18.8792,47.5079,2026-06-18,08,2026-06-18T08:00:00+00:00,1,125.6,0.07,0.24,57.09,0.36,4.49,7.17,1.13
Cairo,EG,30.0444,31.2357,2026-06-18,08,2026-06-18T08:00:00+00:00,3,97.25,0.32,1.12,95.91,9.78,22.97,60.92,7.54
New York,US,40.7128,-74.006,2026-06-18,08,2026-06-18T08:00:00+00:00,2,124.39,0.0,1.48,78.25,0.67,8.79,12.16,0.38
Paris,FR,48.8566,2.3522,2026-06-18,08,2026-06-18T08:00:00+00:00,1,96.35,1.99,3.45,28.96,0.38,5.55,7.49,3.52
Sydney,AU,-33.8688,151.2093,2026-06-18,08,2026-06-18T08:00:00+00:00,1,96.64,0.0,8.64,39.15,3.59,3.29,5.15,0.4
Tokyo,JP,35.6762,139.6503,2026-06-18,08,2026-06-18T08:00:00+00:00,2,155.3,1.08,28.32,67.09,7.87,9.12,14.58,0.34
Antananarivo,MG,-18.8792,47.5079,2026-06-18,09,2026-06-18T09:00:00+00:00,1,120.95,0.05,0.18,57.45,0.36,4.53,7.12,1.08
Cairo,EG,30.0444,31.2357,2026-06-18,09,2026-06-18T09:00:00+00:00,3,93.76,0.21,0.76,103.07,8.51,22.51,59.7,5.97
New York,US,40.7128,-74.006,2026-06-18,09,2026-06-18T09:00:00+00:00,2,122.04,0.0,1.44,74.86,0.68,7.64,10.81,0.44
Paris,FR,48.8566,2.3522,2026-06-18,09,2026-06-18T09:00:00+00:00,1,92.04,1.42,2.84,38.74,0.34,6.04,8.0,3.68
Sydney,AU,-33.8688,151.2093,2026-06-18,09,2026-06-18T09:00:00+00:00,1,97.59,0.0,8.45,38.51,3.37,2.99,4.7,0.36
Tokyo,JP,35.6762,139.6503,2026-06-18,09,2026-06-18T09:00:00+00:00,2,150.29,0.25,24.27,68.32,6.92,9.68,15.87,0.32
Antananarivo,MG,-18.8792,47.5079,2026-06-18,10,2026-06-18T10:00:00+00:00,2,93.17,0.04,0.13,62.54,0.28,2.72,4.23,0.62
Cairo,EG,30.0444,31.2357,2026-06-18,10,2026-06-18T10:00:00+00:00,3,86.79,0.12,0.44,107.82,4.48,13.7,38.59,2.83
New York,US,40.7128,-74.006,2026-06-18,10,2026-06-18T10:00:00+00:00,2,121.67,0.0,1.42,72.41,0.68,6.27,8.86,0.57
Paris,FR,48.8566,2.3522,2026-06-18,10,2026-06-18T10:00:00+00:00,2,82.39,0.14,0.64,81.41,0.17,3.94,5.96,2.13
Sydney,AU,-33.8688,151.2093,2026-06-18,10,2026-06-18T10:00:00+00:00,1,94.91,0.0,7.48,38.78,3.02,2.52,4.03,0.28
Tokyo,JP,35.6762,139.6503,2026-06-18,10,2026-06-18T10:00:00+00:00,2,136.59,0.02,16.43,70.44,5.61,9.02,15.17,0.31
Antananarivo,MG,-18.8792,47.5079,2026-06-18,11,2026-06-18T11:00:00+00:00,2,86.65,0.04,0.14,63.64,0.26,2.56,3.8,0.56
Cairo,EG,30.0444,31.2357,2026-06-18,11,2026-06-18T11:00:00+00:00,3,82.31,0.09,0.32,107.15,2.43,9.03,26.16,1.8
New York,US,40.7128,-74.006,2026-06-18,11,2026-06-18T11:00:00+00:00,2,123.1,0.01,1.74,69.08,0.72,5.19,7.32,0.78
Paris,FR,48.8566,2.3522,2026-06-18,11,2026-06-18T11:00:00+00:00,2,78.79,0.07,0.36,85.48,0.13,3.17,4.86,1.7
Sydney,AU,-33.8688,151.2093,2026-06-18,11,2026-06-18T11:00:00+00:00,1,92.12,0.0,6.58,39.4,2.77,2.06,3.37,0.23
Tokyo,JP,35.6762,139.6503,2026-06-18,11,2026-06-18T11:00:00+00:00,2,123.83,0.0,10.29,68.82,4.45,7.79,13.51,0.24
Antananarivo,MG,-18.8792,47.5079,2026-06-18,12,2026-06-18T12:00:00+00:00,2,86.34,0.04,0.17,63.76,0.26,2.79,4.01,0.62
Cairo,EG,30.0444,31.2357,2026-06-18,12,2026-06-18T12:00:00+00:00,3,80.68,0.08,0.3,104.49,1.64,7.43,21.7,1.41
New York,US,40.7128,-74.006,2026-06-18,12,2026-06-18T12:00:00+00:00,2,126.47,0.06,2.33,66.07,0.8,4.58,6.3,1.07
Paris,FR,48.8566,2.3522,2026-06-18,12,2026-06-18T12:00:00+00:00,2,77.44,0.06,0.35,85.99,0.13,2.97,4.52,1.61
Sydney,AU,-33.8688,151.2093,2026-06-18,12,2026-06-18T12:00:00+00:00,1,88.96,0.0,5.83,40.06,2.6,1.68,2.84,0.2
Tokyo,JP,35.6762,139.6503,2026-06-18,12,2026-06-18T12:00:00+00:00,2,114.45,0.0,6.47,68.41,3.48,7.07,12.71,0.13
Antananarivo,MG,-18.8792,47.5079,2026-06-18,13,2026-06-18T13:00:00+00:00,2,92.31,0.05,0.28,61.95,0.29,3.26,4.69,0.8
Cairo,EG,30.0444,31.2357,2026-06-18,13,2026-06-18T13:00:00+00:00,2,80.93,0.07,0.27,98.91,1.0,6.19,18.78,1.08
New York,US,40.7128,-74.006,2026-06-18,13,2026-06-18T13:00:00+00:00,2,128.56,0.2,2.59,66.25,1.0,4.56,5.96,1.36
Paris,FR,48.8566,2.3522,2026-06-18,13,2026-06-18T13:00:00+00:00,2,78.57,0.07,0.42,87.22,0.13,2.96,4.43,1.69
Sydney,AU,-33.8688,151.2093,2026-06-18,13,2026-06-18T13:00:00+00:00,1,85.59,0.0,5.18,40.97,2.42,1.46,2.49,0.17
Tokyo,JP,35.6762,139.6503,2026-06-18,13,2026-06-18T13:00:00+00:00,2,105.57,0.0,3.17,70.73,2.52,6.55,12.55,0.03
Antananarivo,MG,-18.8792,47.5079,2026-06-18,14,2026-06-18T14:00:00+00:00,1,104.59,0.04,0.57,57.93,0.34,4.0,5.82,1.1
Cairo,EG,30.0444,31.2357,2026-06-18,14,2026-06-18T14:00:00+00:00,2,81.26,0.06,0.28,91.92,0.6,5.69,18.7,0.97
New York,US,40.7128,-74.006,2026-06-18,14,2026-06-18T14:00:00+00:00,2,127.03,0.3,2.37,69.98,1.22,4.9,6.19,1.53
Paris,FR,48.8566,2.3522,2026-06-18,14,2026-06-18T14:00:00+00:00,2,79.13,0.08,0.54,86.4,0.13,2.98,4.35,1.8
Sydney,AU,-33.8688,151.2093,2026-06-18,14,2026-06-18T14:00:00+00:00,1,82.26,0.0,4.53,42.24,2.22,1.44,2.41,0.14
Tokyo,JP,35.6762,139.6503,2026-06-18,14,2026-06-18T14:00:00+00:00,2,103.69,0.0,2.59,70.72,2.32,6.5,13.64,0.04
Antananarivo,MG,-18.8792,47.5079,2026-06-18,15,2026-06-18T15:00:00+00:00,1,118.85,0.0,0.95,54.0,0.39,4.73,7.0,1.32
Cairo,EG,30.0444,31.2357,2026-06-18,15,2026-06-18T15:00:00+00:00,2,81.59,0.06,0.34,88.02,0.43,5.75,20.21,0.99
New York,US,40.7128,-74.006,2026-06-18,15,2026-06-18T15:00:00+00:00,2,124.28,0.29,1.84,78.02,1.34,5.44,6.75,1.62
Paris,FR,48.8566,2.3522,2026-06-18,15,2026-06-18T15:00:00+00:00,2,80.02,0.08,0.74,85.66,0.13,3.08,4.31,1.91
Sydney,AU,-33.8688,151.2093,2026-06-18,15,2026-06-18T15:00:00+00:00,1,78.94,0.0,3.75,43.81,1.95,1.46,2.38,0.11
Tokyo,JP,35.6762,139.6503,2026-06-18,15,2026-06-18T15:00:00+00:00,2,104.68,0.0,2.6,69.11,2.36,6.45,14.35,0.05
Antananarivo,MG,-18.8792,47.5079,2026-06-18,16,2026-06-18T16:00:00+00:00,1,141.96,0.0,1.37,49.21,0.51,5.95,9.03,1.75
Cairo,EG,30.0444,31.2357,2026-06-18,16,2026-06-18T16:00:00+00:00,2,83.65,0.06,0.7,85.22,0.53,6.32,23.52,2.01
New York,US,40.7128,-74.006,2026-06-18,16,2026-06-18T16:00:00+00:00,2,120.95,0.19,1.36,88.63,1.38,6.11,7.37,1.59
Paris,FR,48.8566,2.3522,2026-06-18,16,2026-06-18T16:00:00+00:00,2,81.93,0.17,1.44,80.89,0.15,3.46,4.55,2.14
Sydney,AU,-33.8688,151.2093,2026-06-18,16,2026-06-18T16:00:00+00:00,1,75.83,0.0,2.84,45.75,1.55,1.36,2.09,0.09
Tokyo,JP,35.6762,139.6503,2026-06-18,16,2026-06-18T16:00:00+00:00,2,107.83,0.0,3.11,65.94,2.48,6.3,14.36,0.11
Antananarivo,MG,-18.8792,47.5079,2026-06-18,17,2026-06-18T17:00:00+00:00,1,179.59,0.0,1.93,45.59,0.73,8.0,12.38,2.62
Cairo,EG,30.0444,31.2357,2026-06-18,17,2026-06-18T17:00:00+00:00,2,85.67,0.02,1.25,81.74,0.81,7.02,27.06,3.55
New York,US,40.7128,-74.006,2026-06-18,17,2026-06-18T17:00:00+00:00,2,119.04,0.16,1.26,91.36,1.43,6.58,7.78,1.53
Paris,FR,48.8566,2.3522,2026-06-18,17,2026-06-18T17:00:00+00:00,2,84.19,0.28,2.11,74.09,0.16,3.87,4.9,2.39
Sydney,AU,-33.8688,151.2093,2026-06-18,17,2026-06-18T17:00:00+00:00,1,74.63,0.0,2.57,45.84,1.39,1.24,1.79,0.08
Tokyo,JP,35.6762,139.6503,2026-06-18,17,2026-06-18T17:00:00+00:00,2,111.47,0.0,3.56,62.51,2.56,6.03,13.85,0.16
Antananarivo,MG,-18.8792,47.5079,2026-06-18,18,2026-06-18T18:00:00+00:00,2,215.84,0.0,2.41,42.94,0.94,10.16,15.74,3.5
Cairo,EG,30.0444,31.2357,2026-06-18,18,2026-06-18T18:00:00+00:00,2,87.45,0.0,1.58,79.12,1.07,7.59,29.6,4.66
New York,US,40.7128,-74.006,2026-06-18,18,2026-06-18T18:00:00+00:00,2,119.03,0.18,1.25,92.52,1.52,7.03,8.13,1.43
Paris,FR,48.8566,2.3522,2026-06-18,18,2026-06-18T18:00:00+00:00,2,85.61,0.28,2.43,67.8,0.16,4.04,5.08,2.44
Sydney,AU,-33.8688,151.2093,2026-06-18,18,2026-06-18T18:00:00+00:00,1,74.32,0.0,2.48,45.85,1.32,1.17,1.59,0.08
Tokyo,JP,35.6762,139.6503,2026-06-18,18,2026-06-18T18:00:00+00:00,1,114.34,0.0,3.83,59.43,2.62,5.78,13.2,0.2
Antananarivo,MG,-18.8792,47.5079,2026-06-18,19,2026-06-18T19:00:00+00:00,2,245.06,0.0,2.77,39.66,1.07,12.05,18.63,3.94
Cairo,EG,30.0444,31.2357,2026-06-18,19,2026-06-18T19:00:00+00:00,2,88.25,0.0,1.97,76.08,1.32,7.92,30.76,6.13
New York,US,40.7128,-74.006,2026-06-18,19,2026-06-18T19:00:00+00:00,2,121.8,0.19,1.34,94.38,1.6,7.24,8.11,1.21
Paris,FR,48.8566,2.3522,2026-06-18,19,2026-06-18T19:00:00+00:00,1,84.85,0.17,2.75,58.48,0.15,3.98,5.04,2.31
Sydney,AU,-33.8688,151.2093,2026-06-18,19,2026-06-18T19:00:00+00:00,1,74.16,0.0,2.46,44.94,1.17,1.15,1.5,0.08
Tokyo,JP,35.6762,139.6503,2026-06-18,19,2026-06-18T19:00:00+00:00,1,116.48,0.0,4.26,56.42,2.77,5.66,12.69,0.24
Antananarivo,MG,-18.8792,47.5079,2026-06-18,20,2026-06-18T20:00:00+00:00,2,262.84,0.0,2.98,37.34,1.14,13.27,20.38,4.26
Cairo,EG,30.0444,31.2357,2026-06-18,20,2026-06-18T20:00:00+00:00,2,89.62,0.0,2.45,73.5,1.59,8.12,30.84,8.13
New York,US,40.7128,-74.006,2026-06-18,20,2026-06-18T20:00:00+00:00,2,124.27,0.18,1.61,92.24,1.47,6.84,7.42,0.93
Paris,FR,48.8566,2.3522,2026-06-18,20,2026-06-18T20:00:00+00:00,1,84.71,0.02,3.17,49.6,0.14,3.89,4.97,2.3
Sydney,AU,-33.8688,151.2093,2026-06-18,20,2026-06-18T20:00:00+00:00,1,74.6,0.0,2.57,43.22,1.01,1.17,1.51,0.08
Tokyo,JP,35.6762,139.6503,2026-06-18,20,2026-06-18T20:00:00+00:00,1,118.44,0.0,5.09,53.17,3.08,5.78,12.52,0.31
Antananarivo,MG,-18.8792,47.5079,2026-06-18,21,2026-06-18T21:00:00+00:00,2,260.71,0.0,2.93,35.65,1.07,13.31,20.32,4.18
Cairo,EG,30.0444,31.2357,2026-06-18,21,2026-06-18T21:00:00+00:00,2,90.22,0.0,2.81,71.79,1.81,8.35,30.5,9.87
New York,US,40.7128,-74.006,2026-06-18,21,2026-06-18T21:00:00+00:00,2,127.8,0.17,2.18,88.0,1.31,6.02,6.33,0.72
Paris,FR,48.8566,2.3522,2026-06-18,21,2026-06-18T21:00:00+00:00,1,84.23,0.0,3.33,43.32,0.13,3.73,4.81,2.39
Sydney,AU,-33.8688,151.2093,2026-06-18,21,2026-06-18T21:00:00+00:00,1,76.75,0.0,2.96,41.8,0.98,1.25,1.65,0.09
Tokyo,JP,35.6762,139.6503,2026-06-18,21,2026-06-18T21:00:00+00:00,1,120.58,0.15,6.11,50.42,3.47,6.14,12.76,0.36
Antananarivo,MG,-18.8792,47.5079,2026-06-18,22,2026-06-18T22:00:00+00:00,2,251.75,0.0,2.73,33.36,0.84,12.87,19.67,3.54
Cairo,EG,30.0444,31.2357,2026-06-18,22,2026-06-18T22:00:00+00:00,2,89.78,0.0,3.06,70.28,2.2,8.84,30.7,11.07
New York,US,40.7128,-74.006,2026-06-18,22,2026-06-18T22:00:00+00:00,2,128.89,0.2,2.81,81.39,1.1,4.72,4.89,0.58
Paris,FR,48.8566,2.3522,2026-06-18,22,2026-06-18T22:00:00+00:00,1,82.63,0.0,3.26,39.48,0.1,3.5,4.53,2.64
Sydney,AU,-33.8688,151.2093,2026-06-18,22,2026-06-18T22:00:00+00:00,1,79.76,0.0,3.68,40.43,1.05,1.35,1.87,0.11
Tokyo,JP,35.6762,139.6503,2026-06-18,22,2026-06-18T22:00:00+00:00,1,123.47,0.63,7.12,48.77,4.13,6.99,13.81,0.27
Antananarivo,MG,-18.8792,47.5079,2026-06-18,23,2026-06-18T23:00:00+00:00,2,246.16,0.0,2.57,31.66,0.68,12.58,18.99,3.08
Cairo,EG,30.0444,31.2357,2026-06-18,23,2026-06-18T23:00:00+00:00,2,90.91,0.0,3.39,70.33,3.1,9.89,32.27,12.14
New York,US,40.7128,-74.006,2026-06-18,23,2026-06-18T23:00:00+00:00,2,129.1,0.22,3.37,75.56,1.09,3.53,3.68,0.57
Paris,FR,48.8566,2.3522,2026-06-18,23,2026-06-18T23:00:00+00:00,1,81.41,0.0,2.91,38.5,0.09,3.29,4.28,2.9
Sydney,AU,-33.8688,151.2093,2026-06-18,23,2026-06-18T23:00:00+00:00,1,82.09,0.04,4.11,39.81,1.1,1.4,1.97,0.11
Tokyo,JP,35.6762,139.6503,2026-06-18,23,2026-06-18T23:00:00+00:00,1,128.28,1.18,8.61,47.39,4.84,8.14,15.08,0.28
Antananarivo,MG,-18.8792,47.5079,2026-06-19,00,2026-06-19T00:00:00+00:00,2,240.15,0.0,2.43,30.67,0.58,12.26,18.3,2.8
Cairo,EG,30.0444,31.2357,2026-06-19,00,2026-06-19T00:00:00+00:00,2,93.86,0.0,3.88,70.37,4.86,11.36,34.95,12.82
New York,US,40.7128,-74.006,2026-06-19,00,2026-06-19T00:00:00+00:00,2,128.96,0.12,4.15,69.95,1.24,2.69,2.88,0.68
Paris,FR,48.8566,2.3522,2026-06-19,00,2026-06-19T00:00:00+00:00,1,80.81,0.0,2.53,38.58,0.08,3.14,4.08,3.14
Sydney,AU,-33.8688,151.2093,2026-06-19,00,2026-06-19T00:00:00+00:00,1,82.35,0.16,3.99,40.5,1.16,1.36,1.89,0.11
Tokyo,JP,35.6762,139.6503,2026-06-19,00,2026-06-19T00:00:00+00:00,1,134.32,1.71,10.35,48.1,5.87,9.65,16.58,0.28
Antananarivo,MG,-18.8792,47.5079,2026-06-19,01,2026-06-19T01:00:00+00:00,2,229.49,0.0,2.23,31.35,0.52,11.6,17.2,2.56
Cairo,EG,30.0444,31.2357,2026-06-19,01,2026-06-19T01:00:00+00:00,2,97.29,0.0,4.69,67.66,6.65,12.89,37.29,14.37
New York,US,40.7128,-74.006,2026-06-19,01,2026-06-19T01:00:00+00:00,2,129.51,0.0,4.96,64.88,1.47,2.13,2.39,0.84
Paris,FR,48.8566,2.3522,2026-06-19,01,2026-06-19T01:00:00+00:00,1,79.89,0.0,2.23,37.86,0.07,3.02,3.9,3.33
Sydney,AU,-33.8688,151.2093,2026-06-19,01,2026-06-19T01:00:00+00:00,1,81.02,0.16,3.89,41.88,1.26,1.24,1.69,0.1
Tokyo,JP,35.6762,139.6503,2026-06-19,01,2026-06-19T01:00:00+00:00,2,139.31,1.55,12.56,50.57,6.55,11.39,18.24,0.27
Antananarivo,MG,-18.8792,47.5079,2026-06-19,02,2026-06-19T02:00:00+00:00,2,222.39,0.0,2.09,31.7,0.48,11.11,16.26,2.36
Cairo,EG,30.0444,31.2357,2026-06-19,02,2026-06-19T02:00:00+00:00,2,101.19,0.0,5.6,63.08,7.04,14.42,39.65,17.35
New York,US,40.7128,-74.006,2026-06-19,02,2026-06-19T02:00:00+00:00,2,131.27,0.0,5.8,60.84,1.77,1.76,2.09,1.0
Paris,FR,48.8566,2.3522,2026-06-19,02,2026-06-19T02:00:00+00:00,1,79.56,0.0,2.04,35.59,0.06,2.97,3.8,3.18
Sydney,AU,-33.8688,151.2093,2026-06-19,02,2026-06-19T02:00:00+00:00,1,79.19,0.16,3.75,43.33,1.38,1.1,1.51,0.12
Tokyo,JP,35.6762,139.6503,2026-06-19,02,2026-06-19T02:00:00+00:00,2,140.7,1.43,12.51,56.15,6.35,12.61,19.42,0.18
Antananarivo,MG,-18.8792,47.5079,2026-06-19,03,2026-06-19T03:00:00+00:00,2,218.86,0.0,2.04,32.01,0.48,10.83,15.57,2.31
Cairo,EG,30.0444,31.2357,2026-06-19,03,2026-06-19T03:00:00+00:00,2,103.79,0.0,6.26,58.71,6.79,15.92,42.81,19.71
New York,US,40.7128,-74.006,2026-06-19,03,2026-06-19T03:00:00+00:00,1,131.81,0.0,6.52,59.48,2.04,1.6,1.96,1.06
Paris,FR,48.8566,2.3522,2026-06-19,03,2026-06-19T03:00:00+00:00,1,78.96,0.0,1.9,34.11,0.06,2.95,3.74,2.67
Sydney,AU,-33.8688,151.2093,2026-06-19,03,2026-06-19T03:00:00+00:00,1,75.86,0.12,3.22,46.53,1.4,0.87,1.21,0.12
Tokyo,JP,35.6762,139.6503,2026-06-19,03,2026-06-19T03:00:00+00:00,2,137.63,1.09,10.98,64.64,6.0,13.06,20.09,0.09
Antananarivo,MG,-18.8792,47.5079,2026-06-19,04,2026-06-19T04:00:00+00:00,2,224.99,0.01,2.15,31.89,0.55,10.99,15.93,2.43
Cairo,EG,30.0444,31.2357,2026-06-19,04,2026-06-19T04:00:00+00:00,2,105.11,0.09,6.72,54.76,6.53,17.27,46.23,20.95
New York,US,40.7128,-74.006,2026-06-19,04,2026-06-19T04:00:00+00:00,2,127.76,0.0,6.35,60.93,2.18,1.7,2.06,0.98
Paris,FR,48.8566,2.3522,2026-06-19,04,2026-06-19T04:00:00+00:00,1,77.25,0.0,1.83,33.49,0.05,2.88,3.65,2.51
Sydney,AU,-33.8688,151.2093,2026-06-19,04,2026-06-19T04:00:00+00:00,1,70.45,0.04,1.49,52.41,0.74,0.5,0.6,0.06
Tokyo,JP,35.6762,139.6503,2026-06-19,04,2026-06-19T04:00:00+00:00,2,130.59,0.73,8.1,75.61,5.25,12.91,19.75,0.03
Antananarivo,MG,-18.8792,47.5079,2026-06-19,05,2026-06-19T05:00:00+00:00,2,234.11,0.26,1.86,32.33,0.56,11.34,16.8,2.32
Cairo,EG,30.0444,31.2357,2026-06-19,05,2026-06-19T05:00:00+00:00,3,106.21,0.92,5.95,54.64,7.12,18.97,50.97,20.83
New York,US,40.7128,-74.006,2026-06-19,05,2026-06-19T05:00:00+00:00,2,122.59,0.0,5.45,63.56,2.26,2.02,2.37,0.89
Paris,FR,48.8566,2.3522,2026-06-19,05,2026-06-19T05:00:00+00:00,1,77.0,0.03,2.19,34.41,0.07,2.83,3.61,3.19
Sydney,AU,-33.8688,151.2093,2026-06-19,05,2026-06-19T05:00:00+00:00,1,69.53,0.02,1.02,50.6,0.47,0.5,0.5,0.05
Tokyo,JP,35.6762,139.6503,2026-06-19,05,2026-06-19T05:00:00+00:00,2,124.27,0.41,5.91,82.63,4.37,12.57,19.19,0.0
Antananarivo,MG,-18.8792,47.5079,2026-06-19,06,2026-06-19T06:00:00+00:00,2,236.85,0.33,1.23,38.31,0.55,12.4,17.93,2.19
Cairo,EG,30.0444,31.2357,2026-06-19,06,2026-06-19T06:00:00+00:00,3,106.25,1.47,4.54,60.26,8.15,21.39,57.61,18.67
New York,US,40.7128,-74.006,2026-06-19,06,2026-06-19T06:00:00+00:00,2,117.76,0.0,4.56,64.92,2.39,2.4,2.75,0.87
Paris,FR,48.8566,2.3522,2026-06-19,06,2026-06-19T06:00:00+00:00,1,77.74,0.33,2.53,37.33,0.09,2.78,3.58,3.7
Sydney,AU,-33.8688,151.2093,2026-06-19,06,2026-06-19T06:00:00+00:00,1,69.67,0.01,0.83,48.57,0.35,0.51,0.54,0.04
Tokyo,JP,35.6762,139.6503,2026-06-19,06,2026-06-19T06:00:00+00:00,2,118.85,0.23,4.29,87.69,3.67,12.09,18.61,0.0
Antananarivo,MG,-18.8792,47.5079,2026-06-19,07,2026-06-19T07:00:00+00:00,1,120.13,0.08,0.29,56.46,0.39,4.72,6.81,0.87
Cairo,EG,30.0444,31.2357,2026-06-19,07,2026-06-19T07:00:00+00:00,3,101.17,0.76,2.36,79.77,9.75,26.21,68.39,10.71
New York,US,40.7128,-74.006,2026-06-19,07,2026-06-19T07:00:00+00:00,2,114.51,0.0,4.18,64.38,2.61,2.63,2.99,1.03
Paris,FR,48.8566,2.3522,2026-06-19,07,2026-06-19T07:00:00+00:00,1,78.16,0.58,2.2,44.6,0.1,2.72,3.53,4.17
Sydney,AU,-33.8688,151.2093,2026-06-19,07,2026-06-19T07:00:00+00:00,1,69.84,0.0,0.74,47.95,0.29,0.57,0.61,0.05
Tokyo,JP,35.6762,139.6503,2026-06-19,07,2026-06-19T07:00:00+00:00,2,115.22,0.14,3.24,91.46,3.27,11.66,18.16,0.0
Antananarivo,MG,-18.8792,47.5079,2026-06-19,08,2026-06-19T08:00:00+00:00,2,105.59,0.05,0.17,60.6,0.32,3.97,5.49,0.71
Cairo,EG,30.0444,31.2357,2026-06-19,08,2026-06-19T08:00:00+00:00,3,95.21,0.3,1.07,94.76,7.47,28.25,70.88,6.81
New York,US,40.7128,-74.006,2026-06-19,08,2026-06-19T08:00:00+00:00,2,114.24,0.0,4.31,62.76,2.83,2.55,2.95,1.32
Paris,FR,48.8566,2.3522,2026-06-19,08,2026-06-19T08:00:00+00:00,1,77.5,0.66,1.9,48.96,0.11,2.7,3.53,4.29
Sydney,AU,-33.8688,151.2093,2026-06-19,08,2026-06-19T08:00:00+00:00,1,71.11,0.0,0.76,48.82,0.31,0.52,0.6,0.06
Tokyo,JP,35.6762,139.6503,2026-06-19,08,2026-06-19T08:00:00+00:00,2,112.48,0.08,2.82,91.79,3.08,11.11,17.53,0.0
Antananarivo,MG,-18.8792,47.5079,2026-06-19,09,2026-06-19T09:00:00+00:00,2,100.5,0.04,0.14,62.23,0.29,3.98,5.27,0.65
Cairo,EG,30.0444,31.2357,2026-06-19,09,2026-06-19T09:00:00+00:00,3,90.08,0.16,0.6,100.73,4.92,26.49,66.82,4.54
New York,US,40.7128,-74.006,2026-06-19,09,2026-06-19T09:00:00+00:00,2,115.37,0.0,4.62,61.44,2.93,2.33,2.77,1.55
Paris,FR,48.8566,2.3522,2026-06-19,09,2026-06-19T09:00:00+00:00,1,77.01,0.5,1.47,57.19,0.12,2.85,3.71,4.31
Sydney,AU,-33.8688,151.2093,2026-06-19,09,2026-06-19T09:00:00+00:00,1,72.3,0.0,0.8,50.15,0.34,0.51,0.66,0.07
Tokyo,JP,35.6762,139.6503,2026-06-19,09,2026-06-19T09:00:00+00:00,2,110.03,0.03,2.65,89.9,2.99,10.31,16.46,0.0
Antananarivo,MG,-18.8792,47.5079,2026-06-19,10,2026-06-19T10:00:00+00:00,2,91.28,0.04,0.15,69.49,0.24,3.5,4.41,0.5
Cairo,EG,30.0444,31.2357,2026-06-19,10,2026-06-19T10:00:00+00:00,2,87.91,0.09,0.32,97.45,2.02,17.55,41.96,1.72
New York,US,40.7128,-74.006,2026-06-19,10,2026-06-19T10:00:00+00:00,2,116.15,0.0,4.85,61.31,2.83,2.14,2.54,1.5
Paris,FR,48.8566,2.3522,2026-06-19,10,2026-06-19T10:00:00+00:00,2,77.62,0.23,0.84,74.94,0.11,3.06,4.06,3.73
Sydney,AU,-33.8688,151.2093,2026-06-19,10,2026-06-19T10:00:00+00:00,1,72.18,0.0,0.81,50.49,0.37,0.52,0.78,0.09
Tokyo,JP,35.6762,139.6503,2026-06-19,10,2026-06-19T10:00:00+00:00,2,107.45,0.0,2.38,86.93,2.96,9.37,15.05,0.0
Antananarivo,MG,-18.8792,47.5079,2026-06-19,11,2026-06-19T11:00:00+00:00,2,86.04,0.04,0.17,72.81,0.19,3.27,3.98,0.42
Cairo,EG,30.0444,31.2357,2026-06-19,11,2026-06-19T11:00:00+00:00,2,86.87,0.07,0.25,93.85,0.95,12.64,29.17,0.77
New York,US,40.7128,-74.006,2026-06-19,11,2026-06-19T11:00:00+00:00,2,118.59,0.02,5.47,63.08,2.51,2.1,2.45,1.3
Paris,FR,48.8566,2.3522,2026-06-19,11,2026-06-19T11:00:00+00:00,2,77.25,0.15,0.61,83.12,0.11,3.22,4.28,3.29
Sydney,AU,-33.8688,151.2093,2026-06-19,11,2026-06-19T11:00:00+00:00,1,71.75,0.0,0.77,50.53,0.36,0.57,1.04,0.09
Tokyo,JP,35.6762,139.6503,2026-06-19,11,2026-06-19T11:00:00+00:00,2,105.93,0.0,2.21,83.74,3.0,8.65,13.93,0.0
Antananarivo,MG,-18.8792,47.5079,2026-06-19,12,2026-06-19T12:00:00+00:00,2,85.36,0.05,0.21,73.56,0.18,3.36,4.01,0.4
Cairo,EG,30.0444,31.2357,2026-06-19,12,2026-06-19T12:00:00+00:00,2,86.35,0.07,0.25,92.24,0.68,10.98,25.18,0.53
New York,US,40.7128,-74.006,2026-06-19,12,2026-06-19T12:00:00+00:00,2,122.66,0.14,6.34,64.47,2.28,2.17,2.51,1.13
Paris,FR,48.8566,2.3522,2026-06-19,12,2026-06-19T12:00:00+00:00,2,76.96,0.12,0.53,87.31,0.11,3.37,4.46,3.07
Sydney,AU,-33.8688,151.2093,2026-06-19,12,2026-06-19T12:00:00+00:00,1,71.31,0.0,0.72,50.1,0.34,0.68,1.38,0.09
Tokyo,JP,35.6762,139.6503,2026-06-19,12,2026-06-19T12:00:00+00:00,2,105.47,0.0,2.1,80.98,3.04,8.31,13.33,0.0
Antananarivo,MG,-18.8792,47.5079,2026-06-19,13,2026-06-19T13:00:00+00:00,2,92.4,0.06,0.36,71.13,0.22,3.77,4.65,0.56
Cairo,EG,30.0444,31.2357,2026-06-19,13,2026-06-19T13:00:00+00:00,2,86.4,0.07,0.26,92.02,0.59,10.17,22.93,0.41
New York,US,40.7128,-74.006,2026-06-19,13,2026-06-19T13:00:00+00:00,2,123.69,0.38,6.52,66.02,2.17,2.21,2.58,1.06
Paris,FR,48.8566,2.3522,2026-06-19,13,2026-06-19T13:00:00+00:00,2,76.99,0.08,0.36,94.94,0.09,2.92,3.99,2.19
Sydney,AU,-33.8688,151.2093,2026-06-19,13,2026-06-19T13:00:00+00:00,1,70.68,0.0,0.73,48.91,0.33,0.73,1.58,0.08
Tokyo,JP,35.6762,139.6503,2026-06-19,13,2026-06-19T13:00:00+00:00,2,105.55,0.0,2.06,78.05,3.18,8.24,13.21,0.0
Antananarivo,MG,-18.8792,47.5079,2026-06-19,14,2026-06-19T14:00:00+00:00,2,104.66,0.04,0.67,65.7,0.28,4.41,5.71,0.84
Cairo,EG,30.0444,31.2357,2026-06-19,14,2026-06-19T14:00:00+00:00,2,85.48,0.07,0.31,90.98,0.57,9.66,21.64,0.46
New York,US,40.7128,-74.006,2026-06-19,14,2026-06-19T14:00:00+00:00,2,122.66,0.58,6.01,69.41,2.3,2.31,2.76,1.1
Paris,FR,48.8566,2.3522,2026-06-19,14,2026-06-19T14:00:00+00:00,2,76.23,0.07,0.33,98.86,0.07,2.51,3.47,1.7
Sydney,AU,-33.8688,151.2093,2026-06-19,14,2026-06-19T14:00:00+00:00,1,70.74,0.0,0.73,47.6,0.31,0.65,1.42,0.08
Tokyo,JP,35.6762,139.6503,2026-06-19,14,2026-06-19T14:00:00+00:00,2,106.41,0.0,2.28,75.15,3.59,8.48,13.57,0.0
Antananarivo,MG,-18.8792,47.5079,2026-06-19,15,2026-06-19T15:00:00+00:00,2,117.07,0.0,1.04,60.61,0.32,4.94,6.68,1.09
Cairo,EG,30.0444,31.2357,2026-06-19,15,2026-06-19T15:00:00+00:00,2,84.31,0.07,0.39,90.17,0.57,9.29,20.99,0.61
New York,US,40.7128,-74.006,2026-06-19,15,2026-06-19T15:00:00+00:00,2,120.67,0.65,5.09,74.53,2.4,2.53,3.03,1.1
Paris,FR,48.8566,2.3522,2026-06-19,15,2026-06-19T15:00:00+00:00,2,75.64,0.07,0.37,99.89,0.07,2.39,3.31,1.57
Sydney,AU,-33.8688,151.2093,2026-06-19,15,2026-06-19T15:00:00+00:00,1,70.45,0.0,0.68,46.2,0.27,0.51,1.07,0.06
Tokyo,JP,35.6762,139.6503,2026-06-19,15,2026-06-19T15:00:00+00:00,2,108.01,0.0,2.63,72.6,4.26,8.96,14.1,0.0
Antananarivo,MG,-18.8792,47.5079,2026-06-19,16,2026-06-19T16:00:00+00:00,1,133.84,0.0,1.33,54.72,0.38,5.7,8.06,1.43
Cairo,EG,30.0444,31.2357,2026-06-19,16,2026-06-19T16:00:00+00:00,2,84.59,0.08,0.88,89.1,0.78,9.25,22.05,2.14
New York,US,40.7128,-74.006,2026-06-19,16,2026-06-19T16:00:00+00:00,2,117.9,0.6,3.56,83.23,2.27,2.98,3.48,1.03
Paris,FR,48.8566,2.3522,2026-06-19,16,2026-06-19T16:00:00+00:00,2,76.17,0.08,0.48,99.28,0.07,2.42,3.35,1.57
Sydney,AU,-33.8688,151.2093,2026-06-19,16,2026-06-19T16:00:00+00:00,1,69.83,0.0,0.58,44.81,0.21,0.5,0.76,0.05
Tokyo,JP,35.6762,139.6503,2026-06-19,16,2026-06-19T16:00:00+00:00,2,109.77,0.0,3.04,70.52,5.04,9.6,14.64,0.0
Antananarivo,MG,-18.8792,47.5079,2026-06-19,17,2026-06-19T17:00:00+00:00,1,159.09,0.0,1.64,49.56,0.46,6.93,10.1,1.83
Cairo,EG,30.0444,31.2357,2026-06-19,17,2026-06-19T17:00:00+00:00,2,86.33,0.02,1.78,86.91,1.19,9.45,24.13,4.53
New York,US,40.7128,-74.006,2026-06-19,17,2026-06-19T17:00:00+00:00,2,114.28,0.37,2.27,92.96,2.0,3.65,4.12,0.9
Paris,FR,48.8566,2.3522,2026-06-19,17,2026-06-19T17:00:00+00:00,2,76.61,0.08,0.67,96.08,0.08,2.51,3.49,1.68
Sydney,AU,-33.8688,151.2093,2026-06-19,17,2026-06-19T17:00:00+00:00,1,70.04,0.0,0.52,44.11,0.17,0.5,0.57,0.04
Tokyo,JP,35.6762,139.6503,2026-06-19,17,2026-06-19T17:00:00+00:00,2,112.12,0.0,3.55,68.43,5.92,10.35,15.21,0.01
Antananarivo,MG,-18.8792,47.5079,2026-06-19,18,2026-06-19T18:00:00+00:00,1,179.83,0.0,1.83,45.68,0.49,8.01,11.81,2.07
Cairo,EG,30.0444,31.2357,2026-06-19,18,2026-06-19T18:00:00+00:00,2,88.08,0.0,2.41,85.59,1.59,9.81,26.25,6.49
New York,US,40.7128,-74.006,2026-06-19,18,2026-06-19T18:00:00+00:00,3,112.18,0.26,1.65,101.13,1.9,4.45,4.9,0.88
Paris,FR,48.8566,2.3522,2026-06-19,18,2026-06-19T18:00:00+00:00,2,77.13,0.06,0.87,92.28,0.1,2.61,3.62,1.85
Sydney,AU,-33.8688,151.2093,2026-06-19,18,2026-06-19T18:00:00+00:00,1,70.48,0.0,0.48,44.0,0.15,0.5,0.5,0.04
Tokyo,JP,35.6762,139.6503,2026-06-19,18,2026-06-19T18:00:00+00:00,2,114.77,0.0,4.26,65.97,6.99,11.2,15.9,0.01
Antananarivo,MG,-18.8792,47.5079,2026-06-19,19,2026-06-19T19:00:00+00:00,1,194.84,0.0,1.93,42.59,0.51,8.86,13.1,2.22
Cairo,EG,30.0444,31.2357,2026-06-19,19,2026-06-19T19:00:00+00:00,2,89.11,0.0,2.91,85.41,1.99,10.38,28.55,8.11
New York,US,40.7128,-74.006,2026-06-19,19,2026-06-19T19:00:00+00:00,3,111.24,0.2,1.5,106.4,1.84,4.79,5.24,0.87
Paris,FR,48.8566,2.3522,2026-06-19,19,2026-06-19T19:00:00+00:00,2,78.22,0.04,1.66,80.09,0.13,2.74,3.76,2.33
Sydney,AU,-33.8688,151.2093,2026-06-19,19,2026-06-19T19:00:00+00:00,1,71.1,0.0,0.46,43.93,0.14,0.5,0.5,0.04
Tokyo,JP,35.6762,139.6503,2026-06-19,19,2026-06-19T19:00:00+00:00,2,118.08,0.0,5.28,63.1,8.14,12.2,16.76,0.04
Antananarivo,MG,-18.8792,47.5079,2026-06-19,20,2026-06-19T20:00:00+00:00,1,203.38,0.0,1.95,40.72,0.48,9.34,13.72,2.2
Cairo,EG,30.0444,31.2357,2026-06-19,20,2026-06-19T20:00:00+00:00,2,90.21,0.0,3.18,88.81,2.61,11.26,30.83,8.94
New York,US,40.7128,-74.006,2026-06-19,20,2026-06-19T20:00:00+00:00,3,108.3,0.2,1.53,105.87,1.69,4.33,4.72,0.81
Paris,FR,48.8566,2.3522,2026-06-19,20,2026-06-19T20:00:00+00:00,2,79.97,0.01,2.69,64.6,0.15,2.91,3.95,2.96
Sydney,AU,-33.8688,151.2093,2026-06-19,20,2026-06-19T20:00:00+00:00,1,71.63,0.0,0.53,43.62,0.17,0.5,0.58,0.05
Tokyo,JP,35.6762,139.6503,2026-06-19,20,2026-06-19T20:00:00+00:00,2,121.06,0.0,6.18,60.07,9.04,13.1,17.6,0.06
Antananarivo,MG,-18.8792,47.5079,2026-06-19,21,2026-06-19T21:00:00+00:00,1,197.1,0.0,1.81,39.65,0.38,8.97,12.94,1.91
Cairo,EG,30.0444,31.2357,2026-06-19,21,2026-06-19T21:00:00+00:00,2,90.8,0.0,3.16,94.68,4.02,12.21,32.63,8.89
New York,US,40.7128,-74.006,2026-06-19,21,2026-06-19T21:00:00+00:00,3,105.72,0.22,1.69,102.58,1.59,3.68,4.03,0.76
Paris,FR,48.8566,2.3522,2026-06-19,21,2026-06-19T21:00:00+00:00,1,81.21,0.0,3.39,53.59,0.15,3.08,4.11,3.22
Sydney,AU,-33.8688,151.2093,2026-06-19,21,2026-06-19T21:00:00+00:00,1,72.34,0.0,0.64,43.19,0.23,0.5,0.73,0.06
Tokyo,JP,35.6762,139.6503,2026-06-19,21,2026-06-19T21:00:00+00:00,2,123.01,0.02,6.85,57.4,9.48,13.58,18.0,0.07
Antananarivo,MG,-18.8792,47.5079,2026-06-19,22,2026-06-19T22:00:00+00:00,1,181.87,0.0,1.56,39.24,0.29,8.09,11.44,1.63
Cairo,EG,30.0444,31.2357,2026-06-19,22,2026-06-19T22:00:00+00:00,2,91.09,0.0,3.15,98.76,6.54,12.67,32.81,8.74
New York,US,40.7128,-74.006,2026-06-19,22,2026-06-19T22:00:00+00:00,2,105.71,0.28,2.24,97.12,1.51,3.04,3.35,0.7
Paris,FR,48.8566,2.3522,2026-06-19,22,2026-06-19T22:00:00+00:00,1,78.69,0.0,3.66,43.06,0.12,3.1,4.09,3.11
Sydney,AU,-33.8688,151.2093,2026-06-19,22,2026-06-19T22:00:00+00:00,1,72.68,0.01,0.76,42.78,0.28,0.54,0.83,0.07
Tokyo,JP,35.6762,139.6503,2026-06-19,22,2026-06-19T22:00:00+00:00,2,121.18,0.09,6.5,56.58,8.94,12.9,16.89,0.08
Antananarivo,MG,-18.8792,47.5079,2026-06-19,23,2026-06-19T23:00:00+00:00,1,167.88,0.0,1.34,40.0,0.24,7.27,10.15,1.46
Cairo,EG,30.0444,31.2357,2026-06-19,23,2026-06-19T23:00:00+00:00,2,95.25,0.0,3.83,98.82,9.59,12.89,32.37,10.59
New York,US,40.7128,-74.006,2026-06-19,23,2026-06-19T23:00:00+00:00,2,106.87,0.29,3.15,89.58,1.52,2.47,2.77,0.65
Paris,FR,48.8566,2.3522,2026-06-19,23,2026-06-19T23:00:00+00:00,1,77.61,0.0,3.44,35.5,0.09,3.14,4.12,3.17
Sydney,AU,-33.8688,151.2093,2026-06-19,23,2026-06-19T23:00:00+00:00,1,72.46,0.08,0.66,42.9,0.28,0.52,0.8,0.07
Tokyo,JP,35.6762,139.6503,2026-06-19,23,2026-06-19T23:00:00+00:00,2,118.82,0.23,5.9,56.03,7.92,11.74,15.54,0.08
Antananarivo,MG,-18.8792,47.5079,2026-06-20,00,2026-06-20T00:00:00+00:00,1,156.39,0.0,1.18,41.23,0.22,6.61,9.17,1.38
Cairo,EG,30.0444,31.2357,2026-06-20,00,2026-06-20T00:00:00+00:00,2,101.26,0.0,4.82,95.96,12.53,13.09,32.43,13.11
New York,US,40.7128,-74.006,2026-06-20,00,2026-06-20T00:00:00+00:00,2,107.78,0.13,4.17,82.91,1.6,2.01,2.32,0.66
Paris,FR,48.8566,2.3522,2026-06-20,00,2026-06-20T00:00:00+00:00,1,76.62,0.0,3.0,30.22,0.07,3.17,4.15,3.03
Sydney,AU,-33.8688,151.2093,2026-06-20,00,2026-06-20T00:00:00+00:00,1,72.05,0.11,0.49,43.57,0.24,0.5,0.76,0.06
Tokyo,JP,35.6762,139.6503,2026-06-20,00,2026-06-20T00:00:00+00:00,2,117.76,0.4,5.44,56.01,7.08,10.83,14.85,0.1
Antananarivo,MG,-18.8792,47.5079,2026-06-20,01,2026-06-20T01:00:00+00:00,1,146.34,0.0,1.06,42.07,0.2,6.05,8.4,1.32
Cairo,EG,30.0444,31.2357,2026-06-20,01,2026-06-20T01:00:00+00:00,2,106.27,0.0,5.55,91.09,14.06,13.23,33.43,15.53
New York,US,40.7128,-74.006,2026-06-20,01,2026-06-20T01:00:00+00:00,2,108.76,0.0,4.85,77.53,1.78,1.76,2.11,0.69
Paris,FR,48.8566,2.3522,2026-06-20,01,2026-06-20T01:00:00+00:00,1,75.52,0.0,2.66,26.01,0.05,3.18,4.16,2.72
Sydney,AU,-33.8688,151.2093,2026-06-20,01,2026-06-20T01:00:00+00:00,1,72.09,0.11,0.41,44.57,0.21,0.5,0.75,0.05
Tokyo,JP,35.6762,139.6503,2026-06-20,01,2026-06-20T01:00:00+00:00,1,116.13,0.36,4.94,56.91,6.44,9.83,13.52,0.1
Antananarivo,MG,-18.8792,47.5079,2026-06-20,02,2026-06-20T02:00:00+00:00,1,140.06,0.0,1.0,42.43,0.19,5.7,7.94,1.26
Cairo,EG,30.0444,31.2357,2026-06-20,02,2026-06-20T02:00:00+00:00,2,110.28,0.0,5.9,86.65,14.25,13.5,35.7,17.54
New York,US,40.7128,-74.006,2026-06-20,02,2026-06-20T02:00:00+00:00,2,112.38,0.0,5.6,74.14,2.13,1.77,2.19,0.8
Paris,FR,48.8566,2.3522,2026-06-20,02,2026-06-20T02:00:00+00:00,1,74.76,0.0,2.44,22.34,0.05,3.21,4.19,2.33
Sydney,AU,-33.8688,151.2093,2026-06-20,02,2026-06-20T02:00:00+00:00,1,71.67,0.11,0.39,45.1,0.21,0.5,0.76,0.06
Tokyo,JP,35.6762,139.6503,2026-06-20,02,2026-06-20T02:00:00+00:00,1,113.1,0.31,4.02,58.36,5.66,8.72,11.95,0.06
Antananarivo,MG,-18.8792,47.5079,2026-06-20,03,2026-06-20T03:00:00+00:00,1,137.4,0.0,1.0,42.88,0.19,5.53,7.79,1.2
Cairo,EG,30.0444,31.2357,2026-06-20,03,2026-06-20T03:00:00+00:00,2,112.74,0.0,6.0,82.19,13.58,13.86,38.44,19.23
New York,US,40.7128,-74.006,2026-06-20,03,2026-06-20T03:00:00+00:00,2,116.92,0.0,6.5,71.4,2.54,1.9,2.42,0.97
Paris,FR,48.8566,2.3522,2026-06-20,03,2026-06-20T03:00:00+00:00,1,74.26,0.0,2.34,19.48,0.04,3.25,4.22,2.26
Sydney,AU,-33.8688,151.2093,2026-06-20,03,2026-06-20T03:00:00+00:00,1,71.43,0.11,0.38,46.09,0.23,0.53,0.78,0.06
Tokyo,JP,35.6762,139.6503,2026-06-20,03,2026-06-20T03:00:00+00:00,1,109.17,0.23,2.97,59.82,4.91,7.56,10.48,0.01
Antananarivo,MG,-18.8792,47.5079,2026-06-20,04,2026-06-20T04:00:00+00:00,1,142.49,0.0,1.13,43.23,0.25,5.71,8.3,1.35
Cairo,EG,30.0444,31.2357,2026-06-20,04,2026-06-20T04:00:00+00:00,2,113.07,0.07,6.33,77.26,12.43,14.26,41.12,20.36
New York,US,40.7128,-74.006,2026-06-20,04,2026-06-20T04:00:00+00:00,2,119.14,0.0,6.94,68.56,2.88,2.06,2.64,1.18
Paris,FR,48.8566,2.3522,2026-06-20,04,2026-06-20T04:00:00+00:00,1,73.86,0.01,2.34,17.87,0.04,3.27,4.26,2.33
Sydney,AU,-33.8688,151.2093,2026-06-20,04,2026-06-20T04:00:00+00:00,1,71.93,0.11,0.4,47.58,0.25,0.57,0.81,0.06
Tokyo,JP,35.6762,139.6503,2026-06-20,04,2026-06-20T04:00:00+00:00,1,103.3,0.12,2.0,59.41,4.1,5.7,8.14,0.0
Antananarivo,MG,-18.8792,47.5079,2026-06-20,05,2026-06-20T05:00:00+00:00,1,149.3,0.13,1.07,44.62,0.33,5.95,8.87,1.64
Cairo,EG,30.0444,31.2357,2026-06-20,05,2026-06-20T05:00:00+00:00,2,113.64,0.69,6.04,75.54,11.69,15.04,44.83,21.08
New York,US,40.7128,-74.006,2026-06-20,05,2026-06-20T05:00:00+00:00,2,120.53,0.0,6.73,67.17,3.14,2.23,2.87,1.46
Paris,FR,48.8566,2.3522,2026-06-20,05,2026-06-20T05:00:00+00:00,1,74.8,0.11,2.7,16.89,0.06,3.36,4.4,2.39
Sydney,AU,-33.8688,151.2093,2026-06-20,05,2026-06-20T05:00:00+00:00,1,72.54,0.1,0.46,47.85,0.25,0.59,0.83,0.06
Tokyo,JP,35.6762,139.6503,2026-06-20,05,2026-06-20T05:00:00+00:00,1,101.04,0.09,1.69,58.4,3.6,4.54,6.61,0.0
Antananarivo,MG,-18.8792,47.5079,2026-06-20,06,2026-06-20T06:00:00+00:00,1,144.84,0.18,0.73,50.08,0.36,5.84,8.65,1.61
Cairo,EG,30.0444,31.2357,2026-06-20,06,2026-06-20T06:00:00+00:00,2,113.42,1.2,4.83,79.66,11.4,16.25,49.16,20.32
New York,US,40.7128,-74.006,2026-06-20,06,2026-06-20T06:00:00+00:00,2,120.14,0.0,6.09,66.61,3.28,2.42,3.08,1.72
Paris,FR,48.8566,2.3522,2026-06-20,06,2026-06-20T06:00:00+00:00,1,76.37,0.88,2.72,17.34,0.08,3.46,4.57,2.57
Sydney,AU,-33.8688,151.2093,2026-06-20,06,2026-06-20T06:00:00+00:00,1,73.33,0.07,0.58,47.66,0.24,0.57,0.8,0.07
Tokyo,JP,35.6762,139.6503,2026-06-20,06,2026-06-20T06:00:00+00:00,1,100.05,0.07,1.6,57.59,3.3,3.88,5.65,0.0
Antananarivo,MG,-18.8792,47.5079,2026-06-20,07,2026-06-20T07:00:00+00:00,2,83.48,0.04,0.15,66.77,0.18,1.82,2.8,0.36
Cairo,EG,30.0444,31.2357,2026-06-20,07,2026-06-20T07:00:00+00:00,3,110.34,0.87,3.11,94.36,11.28,18.12,52.13,16.59
New York,US,40.7128,-74.006,2026-06-20,07,2026-06-20T07:00:00+00:00,2,116.99,0.0,5.07,67.29,3.19,2.62,3.23,1.75
Paris,FR,48.8566,2.3522,2026-06-20,07,2026-06-20T07:00:00+00:00,1,77.88,1.11,2.34,25.79,0.09,3.49,4.64,2.95
Sydney,AU,-33.8688,151.2093,2026-06-20,07,2026-06-20T07:00:00+00:00,1,74.26,0.01,0.65,47.8,0.15,0.5,0.67,0.07
Tokyo,JP,35.6762,139.6503,2026-06-20,07,2026-06-20T07:00:00+00:00,1,99.67,0.06,1.59,56.94,3.16,3.52,5.21,0.0
Antananarivo,MG,-18.8792,47.5079,2026-06-20,08,2026-06-20T08:00:00+00:00,2,78.62,0.03,0.09,64.59,0.15,1.45,2.21,0.29
Cairo,EG,30.0444,31.2357,2026-06-20,08,2026-06-20T08:00:00+00:00,3,106.54,0.42,1.72,111.81,10.69,20.93,54.06,14.0
New York,US,40.7128,-74.006,2026-06-20,08,2026-06-20T08:00:00+00:00,2,114.47,0.0,4.28,67.98,3.04,2.8,3.35,1.7
Paris,FR,48.8566,2.3522,2026-06-20,08,2026-06-20T08:00:00+00:00,1,77.64,1.05,2.05,32.01,0.1,3.59,4.77,3.2
Sydney,AU,-33.8688,151.2093,2026-06-20,08,2026-06-20T08:00:00+00:00,1,75.79,0.0,0.85,46.88,0.16,0.5,0.64,0.1
Tokyo,JP,35.6762,139.6503,2026-06-20,08,2026-06-20T08:00:00+00:00,1,99.19,0.03,1.68,56.02,3.23,3.36,5.14,0.0
Antananarivo,MG,-18.8792,47.5079,2026-06-20,09,2026-06-20T09:00:00+00:00,2,77.35,0.02,0.07,61.85,0.14,1.48,2.21,0.28
Cairo,EG,30.0444,31.2357,2026-06-20,09,2026-06-20T09:00:00+00:00,3,103.56,0.24,1.07,123.51,10.0,22.53,54.23,11.88
New York,US,40.7128,-74.006,2026-06-20,09,2026-06-20T09:00:00+00:00,2,112.57,0.0,3.87,67.9,2.91,2.87,3.39,1.66
Paris,FR,48.8566,2.3522,2026-06-20,09,2026-06-20T09:00:00+00:00,1,77.22,0.74,1.73,40.19,0.1,4.02,5.21,3.43
Sydney,AU,-33.8688,151.2093,2026-06-20,09,2026-06-20T09:00:00+00:00,1,77.42,0.0,0.99,45.96,0.18,0.5,0.66,0.11
Tokyo,JP,35.6762,139.6503,2026-06-20,09,2026-06-20T09:00:00+00:00,1,99.0,0.01,1.76,55.07,3.31,3.22,5.09,0.0
Antananarivo,MG,-18.8792,47.5079,2026-06-20,10,2026-06-20T10:00:00+00:00,2,76.0,0.02,0.07,60.84,0.12,1.37,1.99,0.24
Cairo,EG,30.0444,31.2357,2026-06-20,10,2026-06-20T10:00:00+00:00,3,92.56,0.13,0.58,117.25,5.97,16.34,37.43,6.15
New York,US,40.7128,-74.006,2026-06-20,10,2026-06-20T10:00:00+00:00,2,110.18,0.0,3.73,66.07,2.77,2.78,3.27,1.61
Paris,FR,48.8566,2.3522,2026-06-20,10,2026-06-20T10:00:00+00:00,2,79.96,0.19,0.8,73.54,0.12,4.26,5.7,3.28
Sydney,AU,-33.8688,151.2093,2026-06-20,10,2026-06-20T10:00:00+00:00,1,77.12,0.0,1.02,45.12,0.19,0.5,0.68,0.1
Tokyo,JP,35.6762,139.6503,2026-06-20,10,2026-06-20T10:00:00+00:00,1,99.27,0.0,1.84,54.44,3.48,3.03,4.75,0.0
Antananarivo,MG,-18.8792,47.5079,2026-06-20,11,2026-06-20T11:00:00+00:00,1,74.84,0.02,0.07,59.86,0.11,1.31,1.86,0.22
Cairo,EG,30.0444,31.2357,2026-06-20,11,2026-06-20T11:00:00+00:00,3,85.93,0.1,0.4,109.27,3.59,12.39,28.31,3.45
New York,US,40.7128,-74.006,2026-06-20,11,2026-06-20T11:00:00+00:00,2,109.11,0.15,3.94,64.19,2.68,2.59,3.08,1.56
Paris,FR,48.8566,2.3522,2026-06-20,11,2026-06-20T11:00:00+00:00,2,79.65,0.11,0.49,81.88,0.11,4.23,5.61,3.01
Sydney,AU,-33.8688,151.2093,2026-06-20,11,2026-06-20T11:00:00+00:00,1,77.43,0.0,0.95,45.43,0.18,0.5,0.71,0.08
Tokyo,JP,35.6762,139.6503,2026-06-20,11,2026-06-20T11:00:00+00:00,1,100.49,0.0,1.95,54.03,3.6,2.89,4.41,0.01
Antananarivo,MG,-18.8792,47.5079,2026-06-20,12,2026-06-20T12:00:00+00:00,1,74.57,0.02,0.07,58.89,0.1,1.34,1.88,0.23
Cairo,EG,30.0444,31.2357,2026-06-20,12,2026-06-20T12:00:00+00:00,3,83.42,0.09,0.36,107.47,2.88,11.36,26.38,2.61
New York,US,40.7128,-74.006,2026-06-20,12,2026-06-20T12:00:00+00:00,2,109.11,0.55,3.6,63.32,2.56,2.37,2.85,1.49
Paris,FR,48.8566,2.3522,2026-06-20,12,2026-06-20T12:00:00+00:00,2,79.25,0.09,0.4,85.19,0.1,4.16,5.42,2.81
Sydney,AU,-33.8688,151.2093,2026-06-20,12,2026-06-20T12:00:00+00:00,1,77.66,0.0,0.85,45.83,0.16,0.5,0.77,0.07
Tokyo,JP,35.6762,139.6503,2026-06-20,12,2026-06-20T12:00:00+00:00,1,101.63,0.0,2.06,53.87,3.54,2.85,4.33,0.02
Antananarivo,MG,-18.8792,47.5079,2026-06-20,13,2026-06-20T13:00:00+00:00,1,79.38,0.03,0.16,56.32,0.12,1.56,2.26,0.36
Cairo,EG,30.0444,31.2357,2026-06-20,13,2026-06-20T13:00:00+00:00,3,82.0,0.08,0.36,106.85,2.51,10.85,25.76,2.05
New York,US,40.7128,-74.006,2026-06-20,13,2026-06-20T13:00:00+00:00,2,102.71,0.55,2.2,65.05,1.7,1.61,1.93,0.97
Paris,FR,48.8566,2.3522,2026-06-20,13,2026-06-20T13:00:00+00:00,2,79.38,0.1,0.47,85.49,0.08,3.72,4.78,2.52
Sydney,AU,-33.8688,151.2093,2026-06-20,13,2026-06-20T13:00:00+00:00,1,77.1,0.0,0.74,46.08,0.13,0.52,0.77,0.06
Tokyo,JP,35.6762,139.6503,2026-06-20,13,2026-06-20T13:00:00+00:00,1,101.82,0.0,2.06,54.03,3.29,2.99,4.75,0.02
Antananarivo,MG,-18.8792,47.5079,2026-06-20,14,2026-06-20T14:00:00+00:00,1,87.86,0.03,0.35,52.18,0.15,1.94,2.91,0.56
Cairo,EG,30.0444,31.2357,2026-06-20,14,2026-06-20T14:00:00+00:00,3,80.89,0.07,0.38,105.86,2.32,10.47,25.56,1.75
New York,US,40.7128,-74.006,2026-06-20,14,2026-06-20T14:00:00+00:00,2,98.6,0.41,1.46,68.35,1.3,1.45,1.7,0.73
Paris,FR,48.8566,2.3522,2026-06-20,14,2026-06-20T14:00:00+00:00,2,79.17,0.14,0.75,81.11,0.07,3.35,4.23,2.37
Sydney,AU,-33.8688,151.2093,2026-06-20,14,2026-06-20T14:00:00+00:00,1,77.34,0.0,0.68,45.71,0.11,0.54,0.77,0.05
Tokyo,JP,35.6762,139.6503,2026-06-20,14,2026-06-20T14:00:00+00:00,1,101.28,0.0,1.99,55.29,2.92,3.56,6.29,0.02
Antananarivo,MG,-18.8792,47.5079,2026-06-20,15,2026-06-20T15:00:00+00:00,1,96.59,0.0,0.58,48.48,0.17,2.29,3.51,0.7
Cairo,EG,30.0444,31.2357,2026-06-20,15,2026-06-20T15:00:00+00:00,3,80.04,0.07,0.46,105.31,2.25,10.2,25.38,1.68
New York,US,40.7128,-74.006,2026-06-20,15,2026-06-20T15:00:00+00:00,2,96.92,0.31,1.11,72.75,1.22,1.75,2.0,0.67
Paris,FR,48.8566,2.3522,2026-06-20,15,2026-06-20T15:00:00+00:00,2,79.14,0.16,1.24,77.83,0.07,3.23,4.02,2.5
Sydney,AU,-33.8688,151.2093,2026-06-20,15,2026-06-20T15:00:00+00:00,1,77.58,0.0,0.62,45.55,0.1,0.58,0.81,0.05
Tokyo,JP,35.6762,139.6503,2026-06-20,15,2026-06-20T15:00:00+00:00,1,99.37,0.0,1.84,57.92,2.56,4.64,9.26,0.0
Antananarivo,MG,-18.8792,47.5079,2026-06-20,16,2026-06-20T16:00:00+00:00,1,104.02,0.0,0.72,44.91,0.18,2.65,4.09,0.78
Cairo,EG,30.0444,31.2357,2026-06-20,16,2026-06-20T16:00:00+00:00,3,80.87,0.07,0.91,105.61,2.51,10.47,26.71,3.06
New York,US,40.7128,-74.006,2026-06-20,16,2026-06-20T16:00:00+00:00,2,97.15,0.24,0.93,77.98,1.22,2.19,2.43,0.63
Paris,FR,48.8566,2.3522,2026-06-20,16,2026-06-20T16:00:00+00:00,2,79.06,0.18,1.76,75.02,0.08,3.24,4.0,2.73
Sydney,AU,-33.8688,151.2093,2026-06-20,16,2026-06-20T16:00:00+00:00,1,78.22,0.0,0.64,44.88,0.11,0.58,0.8,0.05
Tokyo,JP,35.6762,139.6503,2026-06-20,16,2026-06-20T16:00:00+00:00,2,98.0,0.0,1.61,60.51,2.16,5.67,12.28,0.0
Antananarivo,MG,-18.8792,47.5079,2026-06-20,17,2026-06-20T17:00:00+00:00,1,110.7,0.0,0.78,43.17,0.18,2.97,4.54,0.75
Cairo,EG,30.0444,31.2357,2026-06-20,17,2026-06-20T17:00:00+00:00,3,82.61,0.02,1.6,105.44,3.06,11.2,28.9,5.07
New York,US,40.7128,-74.006,2026-06-20,17,2026-06-20T17:00:00+00:00,2,96.55,0.2,0.86,81.55,1.22,2.5,2.73,0.58
Paris,FR,48.8566,2.3522,2026-06-20,17,2026-06-20T17:00:00+00:00,2,79.36,0.17,1.82,72.84,0.09,3.27,4.03,2.75
Sydney,AU,-33.8688,151.2093,2026-06-20,17,2026-06-20T17:00:00+00:00,1,79.08,0.0,0.74,43.04,0.14,0.59,0.84,0.05
Tokyo,JP,35.6762,139.6503,2026-06-20,17,2026-06-20T17:00:00+00:00,2,98.53,0.0,1.45,60.12,1.79,6.2,13.93,0.0
Antananarivo,MG,-18.8792,47.5079,2026-06-20,18,2026-06-20T18:00:00+00:00,1,110.52,0.0,0.72,43.09,0.16,2.95,4.5,0.52
Cairo,EG,30.0444,31.2357,2026-06-20,18,2026-06-20T18:00:00+00:00,3,84.35,0.0,1.87,106.58,3.62,11.91,30.46,6.28
New York,US,40.7128,-74.006,2026-06-20,18,2026-06-20T18:00:00+00:00,2,96.47,0.18,0.86,84.34,1.24,2.75,2.99,0.57
Paris,FR,48.8566,2.3522,2026-06-20,18,2026-06-20T18:00:00+00:00,2,79.67,0.1,1.57,74.65,0.09,3.07,3.78,2.68
Sydney,AU,-33.8688,151.2093,2026-06-20,18,2026-06-20T18:00:00+00:00,1,79.94,0.0,0.8,41.59,0.16,0.59,0.87,0.04
Tokyo,JP,35.6762,139.6503,2026-06-20,18,2026-06-20T18:00:00+00:00,1,101.2,0.0,1.41,57.98,1.46,6.65,14.75,0.01
Antananarivo,MG,-18.8792,47.5079,2026-06-20,19,2026-06-20T19:00:00+00:00,1,96.86,0.0,0.49,45.09,0.13,2.24,3.49,0.32
Cairo,EG,30.0444,31.2357,2026-06-20,19,2026-06-20T19:00:00+00:00,3,85.46,0.0,1.9,108.77,4.16,12.29,30.73,6.88
New York,US,40.7128,-74.006,2026-06-20,19,2026-06-20T19:00:00+00:00,2,97.66,0.16,0.91,87.38,1.31,3.02,3.27,0.57
Paris,FR,48.8566,2.3522,2026-06-20,19,2026-06-20T19:00:00+00:00,2,80.19,0.04,1.53,74.52,0.09,2.81,3.47,2.73
Sydney,AU,-33.8688,151.2093,2026-06-20,19,2026-06-20T19:00:00+00:00,1,79.84,0.0,0.8,41.0,0.17,0.58,0.89,0.04
Tokyo,JP,35.6762,139.6503,2026-06-20,19,2026-06-20T19:00:00+00:00,1,104.25,0.0,1.47,55.15,1.25,6.79,13.6,0.02
Antananarivo,MG,-18.8792,47.5079,2026-06-20,20,2026-06-20T20:00:00+00:00,1,89.9,0.0,0.4,45.37,0.11,1.78,2.86,0.25
Cairo,EG,30.0444,31.2357,2026-06-20,20,2026-06-20T20:00:00+00:00,3,86.95,0.0,1.86,113.35,5.23,12.89,33.93,6.85
New York,US,40.7128,-74.006,2026-06-20,20,2026-06-20T20:00:00+00:00,2,98.2,0.16,0.98,89.41,1.35,3.24,3.5,0.55
Paris,FR,48.8566,2.3522,2026-06-20,20,2026-06-20T20:00:00+00:00,2,80.86,0.01,1.88,65.88,0.11,2.85,3.54,3.02
Sydney,AU,-33.8688,151.2093,2026-06-20,20,2026-06-20T20:00:00+00:00,1,79.89,0.0,0.76,41.38,0.17,0.54,0.84,0.04
Tokyo,JP,35.6762,139.6503,2026-06-20,20,2026-06-20T20:00:00+00:00,1,105.33,0.0,1.53,52.13,1.16,6.71,12.07,0.02
Antananarivo,MG,-18.8792,47.5079,2026-06-20,21,2026-06-20T21:00:00+00:00,1,82.02,0.0,0.32,45.62,0.09,1.38,2.3,0.18
Cairo,EG,30.0444,31.2357,2026-06-20,21,2026-06-20T21:00:00+00:00,3,88.72,0.0,2.14,114.62,7.51,15.15,52.82,6.75
New York,US,40.7128,-74.006,2026-06-20,21,2026-06-20T21:00:00+00:00,2,98.91,0.16,1.14,90.39,1.37,3.42,3.67,0.55
Paris,FR,48.8566,2.3522,2026-06-20,21,2026-06-20T21:00:00+00:00,1,81.53,0.0,2.12,58.46,0.11,2.84,3.53,3.28
Sydney,AU,-33.8688,151.2093,2026-06-20,21,2026-06-20T21:00:00+00:00,1,80.04,0.0,0.76,42.05,0.17,0.52,0.76,0.05
Tokyo,JP,35.6762,139.6503,2026-06-20,21,2026-06-20T21:00:00+00:00,1,105.48,0.0,1.57,49.7,1.14,6.63,11.22,0.01
Antananarivo,MG,-18.8792,47.5079,2026-06-20,22,2026-06-20T22:00:00+00:00,1,73.69,0.0,0.24,46.71,0.07,1.03,1.84,0.13
Cairo,EG,30.0444,31.2357,2026-06-20,22,2026-06-20T22:00:00+00:00,3,90.41,0.0,2.58,108.41,10.23,18.13,79.16,6.78
New York,US,40.7128,-74.006,2026-06-20,22,2026-06-20T22:00:00+00:00,2,101.58,0.21,1.71,88.19,1.37,3.47,3.74,0.54
Paris,FR,48.8566,2.3522,2026-06-20,22,2026-06-20T22:00:00+00:00,1,79.94,0.0,2.25,50.47,0.09,2.72,3.38,3.48
Sydney,AU,-33.8688,151.2093,2026-06-20,22,2026-06-20T22:00:00+00:00,1,79.49,0.01,0.77,42.72,0.18,0.52,0.69,0.05
Tokyo,JP,35.6762,139.6503,2026-06-20,22,2026-06-20T22:00:00+00:00,1,104.55,0.03,1.6,48.39,1.16,6.79,11.05,0.0
Antananarivo,MG,-18.8792,47.5079,2026-06-20,23,2026-06-20T23:00:00+00:00,1,69.39,0.0,0.2,47.51,0.07,0.94,1.86,0.12
Cairo,EG,30.0444,31.2357,2026-06-20,23,2026-06-20T23:00:00+00:00,3,93.88,0.0,3.06,100.25,11.39,17.32,72.72,8.3
New York,US,40.7128,-74.006,2026-06-20,23,2026-06-20T23:00:00+00:00,2,104.57,0.23,2.55,84.23,1.38,3.36,3.67,0.55
Paris,FR,48.8566,2.3522,2026-06-20,23,2026-06-20T23:00:00+00:00,1,78.98,0.0,2.22,43.06,0.08,2.62,3.27,3.71
Sydney,AU,-33.8688,151.2093,2026-06-20,23,2026-06-20T23:00:00+00:00,1,78.89,0.09,0.67,42.88,0.18,0.51,0.66,0.06
Tokyo,JP,35.6762,139.6503,2026-06-20,23,2026-06-20T23:00:00+00:00,1,103.55,0.09,1.69,48.03,1.22,6.97,10.84,0.0
Antananarivo,MG,-18.8792,47.5079,2026-06-21,00,2026-06-21T00:00:00+00:00,1,67.45,0.0,0.18,48.07,0.07,0.96,2.11,0.11
Cairo,EG,30.0444,31.2357,2026-06-21,00,2026-06-21T00:00:00+00:00,3,96.84,0.0,3.34,93.16,11.17,15.76,59.18,9.77
New York,US,40.7128,-74.006,2026-06-21,00,2026-06-21T00:00:00+00:00,2,106.35,0.11,3.42,80.18,1.42,3.07,3.43,0.59
Paris,FR,48.8566,2.3522,2026-06-21,00,2026-06-21T00:00:00+00:00,1,77.92,0.0,2.12,36.61,0.07,2.55,3.19,3.85
Sydney,AU,-33.8688,151.2093,2026-06-21,00,2026-06-21T00:00:00+00:00,1,78.02,0.15,0.54,43.03,0.18,0.5,0.65,0.06
Tokyo,JP,35.6762,139.6503,2026-06-21,00,2026-06-21T00:00:00+00:00,1,102.82,0.15,1.68,49.01,1.27,7.03,10.65,0.01
Antananarivo,MG,-18.8792,47.5079,2026-06-21,01,2026-06-21T01:00:00+00:00,1,66.74,0.0,0.17,48.15,0.07,1.01,2.4,0.11
Cairo,EG,30.0444,31.2357,2026-06-21,01,2026-06-21T01:00:00+00:00,3,98.49,0.0,3.46,86.69,10.37,15.06,51.97,10.7
New York,US,40.7128,-74.006,2026-06-21,01,2026-06-21T01:00:00+00:00,2,107.98,0.0,4.24,73.62,1.44,2.85,3.3,0.65
Paris,FR,48.8566,2.3522,2026-06-21,01,2026-06-21T01:00:00+00:00,1,76.25,0.0,2.01,30.7,0.06,2.48,3.12,3.47
Sydney,AU,-33.8688,151.2093,2026-06-21,01,2026-06-21T01:00:00+00:00,1,77.49,0.14,0.44,44.2,0.16,0.5,0.61,0.06
Tokyo,JP,35.6762,139.6503,2026-06-21,01,2026-06-21T01:00:00+00:00,1,102.77,0.21,1.43,52.62,1.31,7.54,12.08,0.01
Antananarivo,MG,-18.8792,47.5079,2026-06-21,02,2026-06-21T02:00:00+00:00,1,66.94,0.0,0.17,49.02,0.07,1.04,2.57,0.12
Cairo,EG,30.0444,31.2357,2026-06-21,02,2026-06-21T02:00:00+00:00,3,99.88,0.0,3.48,82.66,9.44,15.46,50.79,10.82
New York,US,40.7128,-74.006,2026-06-21,02,2026-06-21T02:00:00+00:00,2,111.97,0.0,5.18,64.56,1.44,2.72,3.27,0.7
Paris,FR,48.8566,2.3522,2026-06-21,02,2026-06-21T02:00:00+00:00,1,75.92,0.0,1.97,25.57,0.05,2.47,3.12,2.48
Sydney,AU,-33.8688,151.2093,2026-06-21,02,2026-06-21T02:00:00+00:00,1,76.11,0.13,0.39,44.52,0.15,0.5,0.59,0.05
Tokyo,JP,35.6762,139.6503,2026-06-21,02,2026-06-21T02:00:00+00:00,1,102.76,0.18,1.15,58.34,1.42,8.77,15.69,0.01
Antananarivo,MG,-18.8792,47.5079,2026-06-21,03,2026-06-21T03:00:00+00:00,1,67.43,0.0,0.17,50.3,0.08,1.05,2.68,0.13
Cairo,EG,30.0444,31.2357,2026-06-21,03,2026-06-21T03:00:00+00:00,3,101.0,0.0,3.42,80.19,8.49,16.23,52.0,9.88
New York,US,40.7128,-74.006,2026-06-21,03,2026-06-21T03:00:00+00:00,1,116.44,0.0,6.2,56.2,1.44,2.57,3.19,0.74
Paris,FR,48.8566,2.3522,2026-06-21,03,2026-06-21T03:00:00+00:00,1,76.11,0.0,2.02,21.0,0.05,2.52,3.2,1.77
Sydney,AU,-33.8688,151.2093,2026-06-21,03,2026-06-21T03:00:00+00:00,1,74.47,0.11,0.36,44.99,0.15,0.5,0.59,0.05
Tokyo,JP,35.6762,139.6503,2026-06-21,03,2026-06-21T03:00:00+00:00,2,103.12,0.16,0.92,65.04,1.58,10.46,20.3,0.01
Antananarivo,MG,-18.8792,47.5079,2026-06-21,04,2026-06-21T04:00:00+00:00,1,68.8,0.0,0.2,51.0,0.1,1.06,2.84,0.18
Cairo,EG,30.0444,31.2357,2026-06-21,04,2026-06-21T04:00:00+00:00,3,100.56,0.04,3.54,77.76,7.75,16.85,53.28,9.11
New York,US,40.7128,-74.006,2026-06-21,04,2026-06-21T04:00:00+00:00,1,117.96,0.0,6.91,46.76,1.33,2.41,3.05,0.76
Paris,FR,48.8566,2.3522,2026-06-21,04,2026-06-21T04:00:00+00:00,1,76.07,0.01,2.16,17.09,0.06,2.65,3.36,1.47
Sydney,AU,-33.8688,151.2093,2026-06-21,04,2026-06-21T04:00:00+00:00,1,73.04,0.08,0.31,48.01,0.11,0.5,0.52,0.04
Tokyo,JP,35.6762,139.6503,2026-06-21,04,2026-06-21T04:00:00+00:00,2,104.12,0.14,0.78,71.71,1.73,12.33,26.15,0.01
Antananarivo,MG,-18.8792,47.5079,2026-06-21,05,2026-06-21T05:00:00+00:00,1,71.0,0.02,0.22,51.83,0.12,1.07,3.05,0.26
Cairo,EG,30.0444,31.2357,2026-06-21,05,2026-06-21T05:00:00+00:00,3,101.47,0.39,3.42,78.1,7.72,17.59,55.13,9.21
New York,US,40.7128,-74.006,2026-06-21,05,2026-06-21T05:00:00+00:00,1,119.27,0.0,7.2,37.95,1.14,2.34,3.02,0.73
Paris,FR,48.8566,2.3522,2026-06-21,05,2026-06-21T05:00:00+00:00,1,77.76,0.09,2.59,14.2,0.07,2.87,3.64,1.3
Sydney,AU,-33.8688,151.2093,2026-06-21,05,2026-06-21T05:00:00+00:00,1,71.8,0.06,0.34,49.64,0.1,0.5,0.5,0.03
Tokyo,JP,35.6762,139.6503,2026-06-21,05,2026-06-21T05:00:00+00:00,2,104.88,0.12,0.73,76.83,1.87,13.58,29.3,0.01
Antananarivo,MG,-18.8792,47.5079,2026-06-21,06,2026-06-21T06:00:00+00:00,1,72.53,0.04,0.19,52.67,0.14,1.09,3.26,0.33
Cairo,EG,30.0444,31.2357,2026-06-21,06,2026-06-21T06:00:00+00:00,3,101.58,0.65,2.76,82.98,7.82,18.64,57.17,9.12
New York,US,40.7128,-74.006,2026-06-21,06,2026-06-21T06:00:00+00:00,1,119.42,0.0,7.08,30.99,0.97,2.3,3.04,0.71
Paris,FR,48.8566,2.3522,2026-06-21,06,2026-06-21T06:00:00+00:00,1,80.35,0.92,2.57,13.25,0.09,3.12,3.98,1.22
Sydney,AU,-33.8688,151.2093,2026-06-21,06,2026-06-21T06:00:00+00:00,1,70.79,0.03,0.41,50.91,0.1,0.5,0.5,0.03
Tokyo,JP,35.6762,139.6503,2026-06-21,06,2026-06-21T06:00:00+00:00,2,106.25,0.12,0.75,80.47,1.98,14.12,29.9,0.01
Antananarivo,MG,-18.8792,47.5079,2026-06-21,07,2026-06-21T07:00:00+00:00,1,71.82,0.04,0.14,55.29,0.15,1.06,3.34,0.33
Cairo,EG,30.0444,31.2357,2026-06-21,07,2026-06-21T07:00:00+00:00,3,99.62,0.44,1.69,96.04,7.49,19.21,55.5,7.66
New York,US,40.7128,-74.006,2026-06-21,07,2026-06-21T07:00:00+00:00,1,119.19,0.0,6.94,26.29,0.89,2.27,3.09,0.74
Paris,FR,48.8566,2.3522,2026-06-21,07,2026-06-21T07:00:00+00:00,1,82.83,1.9,2.21,14.37,0.12,3.31,4.27,1.17
Sydney,AU,-33.8688,151.2093,2026-06-21,07,2026-06-21T07:00:00+00:00,1,69.72,0.01,0.53,51.67,0.11,0.5,0.5,0.04
Tokyo,JP,35.6762,139.6503,2026-06-21,07,2026-06-21T07:00:00+00:00,2,110.12,0.12,0.87,84.64,2.05,14.03,29.8,0.02
Antananarivo,MG,-18.8792,47.5079,2026-06-21,08,2026-06-21T08:00:00+00:00,1,69.87,0.03,0.1,56.1,0.15,1.09,3.46,0.32
Cairo,EG,30.0444,31.2357,2026-06-21,08,2026-06-21T08:00:00+00:00,3,96.66,0.22,0.91,106.94,6.38,19.25,52.3,6.36
New York,US,40.7128,-74.006,2026-06-21,08,2026-06-21T08:00:00+00:00,1,120.4,0.0,6.93,24.47,0.96,2.3,3.21,0.82
Paris,FR,48.8566,2.3522,2026-06-21,08,2026-06-21T08:00:00+00:00,1,84.73,2.26,2.14,17.47,0.14,3.51,4.56,1.5
Sydney,AU,-33.8688,151.2093,2026-06-21,08,2026-06-21T08:00:00+00:00,1,69.92,0.0,0.63,52.25,0.12,0.5,0.5,0.04
Tokyo,JP,35.6762,139.6503,2026-06-21,08,2026-06-21T08:00:00+00:00,2,116.78,0.09,1.2,88.1,2.06,13.11,28.79,0.03
Antananarivo,MG,-18.8792,47.5079,2026-06-21,09,2026-06-21T09:00:00+00:00,1,68.17,0.02,0.07,55.31,0.15,1.2,3.7,0.32
Cairo,EG,30.0444,31.2357,2026-06-21,09,2026-06-21T09:00:00+00:00,3,94.26,0.15,0.62,112.12,5.32,18.84,49.66,5.53
New York,US,40.7128,-74.006,2026-06-21,09,2026-06-21T09:00:00+00:00,1,122.69,0.0,7.03,24.57,1.15,2.37,3.38,0.96
Paris,FR,48.8566,2.3522,2026-06-21,09,2026-06-21T09:00:00+00:00,1,86.59,1.86,2.25,27.6,0.17,4.06,5.22,2.06
Sydney,AU,-33.8688,151.2093,2026-06-21,09,2026-06-21T09:00:00+00:00,1,70.39,0.0,0.67,52.87,0.12,0.5,0.51,0.04
Tokyo,JP,35.6762,139.6503,2026-06-21,09,2026-06-21T09:00:00+00:00,2,126.23,0.04,1.73,91.86,2.01,11.67,26.15,0.06
Antananarivo,MG,-18.8792,47.5079,2026-06-21,10,2026-06-21T10:00:00+00:00,1,67.11,0.02,0.06,55.61,0.15,1.28,3.83,0.29
Cairo,EG,30.0444,31.2357,2026-06-21,10,2026-06-21T10:00:00+00:00,3,89.33,0.11,0.44,113.96,3.42,14.31,36.86,3.79
New York,US,40.7128,-74.006,2026-06-21,10,2026-06-21T10:00:00+00:00,1,125.14,0.0,7.26,25.58,1.48,2.44,3.56,1.16
Paris,FR,48.8566,2.3522,2026-06-21,10,2026-06-21T10:00:00+00:00,2,85.9,0.32,1.2,74.53,0.32,4.25,5.78,2.59
Sydney,AU,-33.8688,151.2093,2026-06-21,10,2026-06-21T10:00:00+00:00,1,69.97,0.0,0.65,52.81,0.13,0.5,0.54,0.03
Tokyo,JP,35.6762,139.6503,2026-06-21,10,2026-06-21T10:00:00+00:00,2,135.8,0.0,2.48,95.42,2.04,10.43,23.11,0.13
Antananarivo,MG,-18.8792,47.5079,2026-06-21,11,2026-06-21T11:00:00+00:00,1,66.41,0.02,0.06,54.63,0.15,1.37,3.99,0.28
Cairo,EG,30.0444,31.2357,2026-06-21,11,2026-06-21T11:00:00+00:00,3,84.5,0.09,0.37,112.97,2.22,10.76,27.85,2.81
New York,US,40.7128,-74.006,2026-06-21,11,2026-06-21T11:00:00+00:00,1,130.52,0.66,7.32,25.37,1.76,2.56,3.82,1.34
Paris,FR,48.8566,2.3522,2026-06-21,11,2026-06-21T11:00:00+00:00,2,83.4,0.14,0.69,84.41,0.29,4.59,6.24,2.56
Sydney,AU,-33.8688,151.2093,2026-06-21,11,2026-06-21T11:00:00+00:00,1,70.25,0.0,0.62,52.53,0.13,0.5,0.57,0.03
Tokyo,JP,35.6762,139.6503,2026-06-21,11,2026-06-21T11:00:00+00:00,2,143.76,0.0,3.31,98.28,2.16,8.96,18.2,0.22
Antananarivo,MG,-18.8792,47.5079,2026-06-21,12,2026-06-21T12:00:00+00:00,1,66.04,0.02,0.07,53.55,0.15,1.43,4.13,0.28
Cairo,EG,30.0444,31.2357,2026-06-21,12,2026-06-21T12:00:00+00:00,3,82.29,0.09,0.37,113.3,1.82,9.63,25.02,2.51
New York,US,40.7128,-74.006,2026-06-21,12,2026-06-21T12:00:00+00:00,1,140.34,2.4,6.76,28.29,2.3,2.77,4.17,1.55
Paris,FR,48.8566,2.3522,2026-06-21,12,2026-06-21T12:00:00+00:00,2,81.44,0.12,0.57,86.56,0.25,4.77,6.46,2.55
Sydney,AU,-33.8688,151.2093,2026-06-21,12,2026-06-21T12:00:00+00:00,1,70.54,0.0,0.6,51.78,0.13,0.5,0.58,0.02
Tokyo,JP,35.6762,139.6503,2026-06-21,12,2026-06-21T12:00:00+00:00,2,148.9,0.0,4.12,96.26,2.35,6.84,12.53,0.44
Antananarivo,MG,-18.8792,47.5079,2026-06-21,13,2026-06-21T13:00:00+00:00,1,67.13,0.02,0.1,52.93,0.15,1.52,4.36,0.31
Cairo,EG,30.0444,31.2357,2026-06-21,13,2026-06-21T13:00:00+00:00,3,82.54,0.08,0.39,115.57,1.79,9.75,24.99,2.35
New York,US,40.7128,-74.006,2026-06-21,13,2026-06-21T13:00:00+00:00,1,141.22,2.19,6.8,50.46,4.71,3.25,4.53,1.75
Paris,FR,48.8566,2.3522,2026-06-21,13,2026-06-21T13:00:00+00:00,2,80.2,0.07,0.33,89.16,0.13,3.24,5.22,1.86
Sydney,AU,-33.8688,151.2093,2026-06-21,13,2026-06-21T13:00:00+00:00,1,70.4,0.0,0.61,50.62,0.11,0.5,0.59,0.02
Tokyo,JP,35.6762,139.6503,2026-06-21,13,2026-06-21T13:00:00+00:00,2,142.89,0.0,4.41,86.61,2.37,4.84,8.87,0.59
Antananarivo,MG,-18.8792,47.5079,2026-06-21,14,2026-06-21T14:00:00+00:00,1,69.57,0.01,0.17,51.97,0.16,1.67,4.7,0.38
Cairo,EG,30.0444,31.2357,2026-06-21,14,2026-06-21T14:00:00+00:00,3,82.66,0.08,0.45,116.69,2.02,10.66,26.33,2.28
New York,US,40.7128,-74.006,2026-06-21,14,2026-06-21T14:00:00+00:00,2,140.08,1.89,5.86,61.29,4.5,3.93,5.12,1.42
Paris,FR,48.8566,2.3522,2026-06-21,14,2026-06-21T14:00:00+00:00,2,79.06,0.05,0.27,88.65,0.07,2.52,4.62,1.39
Sydney,AU,-33.8688,151.2093,2026-06-21,14,2026-06-21T14:00:00+00:00,1,69.98,0.0,0.6,49.41,0.09,0.5,0.59,0.02
Tokyo,JP,35.6762,139.6503,2026-06-21,14,2026-06-21T14:00:00+00:00,2,131.18,0.0,4.52,77.06,2.3,3.59,7.12,0.56
Antananarivo,MG,-18.8792,47.5079,2026-06-21,15,2026-06-21T15:00:00+00:00,1,72.28,0.0,0.26,51.11,0.16,1.84,5.03,0.42
Cairo,EG,30.0444,31.2357,2026-06-21,15,2026-06-21T15:00:00+00:00,3,83.03,0.08,0.56,118.69,2.42,11.79,27.75,2.25
New York,US,40.7128,-74.006,2026-06-21,15,2026-06-21T15:00:00+00:00,2,136.91,1.21,4.49,75.84,3.93,5.31,6.4,1.14
Paris,FR,48.8566,2.3522,2026-06-21,15,2026-06-21T15:00:00+00:00,2,78.36,0.05,0.3,88.29,0.06,2.38,4.46,1.28
Sydney,AU,-33.8688,151.2093,2026-06-21,15,2026-06-21T15:00:00+00:00,1,69.65,0.0,0.58,48.4,0.09,0.5,0.57,0.01
Tokyo,JP,35.6762,139.6503,2026-06-21,15,2026-06-21T15:00:00+00:00,2,123.46,0.0,4.81,71.15,2.36,3.11,6.4,0.5
Antananarivo,MG,-18.8792,47.5079,2026-06-21,16,2026-06-21T16:00:00+00:00,1,74.84,0.0,0.32,49.53,0.16,2.02,5.27,0.46
Cairo,EG,30.0444,31.2357,2026-06-21,16,2026-06-21T16:00:00+00:00,3,84.62,0.05,0.82,121.84,3.09,12.98,28.84,2.42
New York,US,40.7128,-74.006,2026-06-21,16,2026-06-21T16:00:00+00:00,2,114.63,0.32,1.72,98.1,2.36,4.77,5.3,0.62
Paris,FR,48.8566,2.3522,2026-06-21,16,2026-06-21T16:00:00+00:00,2,78.74,0.06,0.36,88.6,0.06,2.35,4.41,1.27
Sydney,AU,-33.8688,151.2093,2026-06-21,16,2026-06-21T16:00:00+00:00,1,69.37,0.0,0.58,47.36,0.08,0.5,0.58,0.01
Tokyo,JP,35.6762,139.6503,2026-06-21,16,2026-06-21T16:00:00+00:00,2,118.19,0.0,4.8,68.01,2.35,2.95,6.03,0.46
Antananarivo,MG,-18.8792,47.5079,2026-06-21,17,2026-06-21T17:00:00+00:00,1,79.41,0.0,0.38,48.88,0.16,2.23,5.5,0.48
Cairo,EG,30.0444,31.2357,2026-06-21,17,2026-06-21T17:00:00+00:00,3,85.91,0.01,1.18,123.53,4.19,15.03,36.48,2.72
New York,US,40.7128,-74.006,2026-06-21,17,2026-06-21T17:00:00+00:00,2,105.51,0.17,1.06,98.42,1.52,3.77,4.1,0.46
Paris,FR,48.8566,2.3522,2026-06-21,17,2026-06-21T17:00:00+00:00,2,78.85,0.06,0.43,88.14,0.07,2.33,4.35,1.34
Sydney,AU,-33.8688,151.2093,2026-06-21,17,2026-06-21T17:00:00+00:00,1,69.38,0.0,0.6,46.4,0.08,0.5,0.58,0.01
Tokyo,JP,35.6762,139.6503,2026-06-21,17,2026-06-21T17:00:00+00:00,2,115.39,0.0,4.78,65.85,2.42,3.04,6.1,0.45
Antananarivo,MG,-18.8792,47.5079,2026-06-21,18,2026-06-21T18:00:00+00:00,1,83.01,0.0,0.4,48.6,0.16,2.34,5.57,0.43
Cairo,EG,30.0444,31.2357,2026-06-21,18,2026-06-21T18:00:00+00:00,3,86.69,0.0,1.29,123.03,5.49,19.01,63.55,2.85
New York,US,40.7128,-74.006,2026-06-21,18,2026-06-21T18:00:00+00:00,2,102.75,0.14,1.04,96.4,1.31,3.37,3.66,0.44
Paris,FR,48.8566,2.3522,2026-06-21,18,2026-06-21T18:00:00+00:00,2,78.87,0.05,0.5,87.16,0.07,2.32,4.3,1.44
Sydney,AU,-33.8688,151.2093,2026-06-21,18,2026-06-21T18:00:00+00:00,1,69.66,0.0,0.65,45.43,0.08,0.5,0.58,0.01
Tokyo,JP,35.6762,139.6503,2026-06-21,18,2026-06-21T18:00:00+00:00,2,114.26,0.0,5.09,63.35,2.68,3.41,6.59,0.48
Antananarivo,MG,-18.8792,47.5079,2026-06-21,19,2026-06-21T19:00:00+00:00,1,86.68,0.0,0.45,47.55,0.16,2.53,5.82,0.38
Cairo,EG,30.0444,31.2357,2026-06-21,19,2026-06-21T19:00:00+00:00,3,86.8,0.0,1.37,118.24,6.64,22.76,95.78,3.06
New York,US,40.7128,-74.006,2026-06-21,19,2026-06-21T19:00:00+00:00,2,102.89,0.13,1.2,95.31,1.31,3.25,3.53,0.48
Paris,FR,48.8566,2.3522,2026-06-21,19,2026-06-21T19:00:00+00:00,2,78.98,0.03,0.76,81.96,0.09,2.32,4.24,1.73
Sydney,AU,-33.8688,151.2093,2026-06-21,19,2026-06-21T19:00:00+00:00,1,69.96,0.0,0.71,44.59,0.08,0.5,0.58,0.01
Tokyo,JP,35.6762,139.6503,2026-06-21,19,2026-06-21T19:00:00+00:00,2,114.62,0.0,5.55,61.29,3.07,3.91,7.42,0.53
Antananarivo,MG,-18.8792,47.5079,2026-06-21,20,2026-06-21T20:00:00+00:00,1,91.42,0.0,0.52,46.52,0.15,2.78,6.25,0.35
Cairo,EG,30.0444,31.2357,2026-06-21,20,2026-06-21T20:00:00+00:00,4,88.56,0.0,1.7,111.75,7.92,24.48,112.91,3.71
New York,US,40.7128,-74.006,2026-06-21,20,2026-06-21T20:00:00+00:00,2,103.31,0.11,1.52,92.96,1.36,3.14,3.42,0.53
Paris,FR,48.8566,2.3522,2026-06-21,20,2026-06-21T20:00:00+00:00,2,79.69,0.0,1.18,74.51,0.12,2.38,4.19,2.16
Sydney,AU,-33.8688,151.2093,2026-06-21,20,2026-06-21T20:00:00+00:00,1,70.87,0.0,0.83,43.72,0.09,0.5,0.57,0.01
Tokyo,JP,35.6762,139.6503,2026-06-21,20,2026-06-21T20:00:00+00:00,2,116.4,0.0,6.04,60.03,3.56,4.34,8.28,0.58
Antananarivo,MG,-18.8792,47.5079,2026-06-21,21,2026-06-21T21:00:00+00:00,1,90.75,0.0,0.52,45.98,0.13,2.76,6.22,0.28
Cairo,EG,30.0444,31.2357,2026-06-21,21,2026-06-21T21:00:00+00:00,4,90.86,0.0,2.19,104.52,9.1,24.03,112.92,4.57
New York,US,40.7128,-74.006,2026-06-21,21,2026-06-21T21:00:00+00:00,2,104.07,0.07,1.98,90.47,1.43,2.96,3.25,0.58
Paris,FR,48.8566,2.3522,2026-06-21,21,2026-06-21T21:00:00+00:00,2,81.18,0.0,1.56,68.99,0.16,2.44,4.1,2.56
Sydney,AU,-33.8688,151.2093,2026-06-21,21,2026-06-21T21:00:00+00:00,1,73.01,0.0,1.11,42.56,0.12,0.5,0.61,0.02
Tokyo,JP,35.6762,139.6503,2026-06-21,21,2026-06-21T21:00:00+00:00,1,117.5,0.02,6.77,59.47,4.05,4.54,8.65,0.62
Antananarivo,MG,-18.8792,47.5079,2026-06-21,22,2026-06-21T22:00:00+00:00,1,92.67,0.0,0.57,44.4,0.12,2.85,6.32,0.31
Cairo,EG,30.0444,31.2357,2026-06-21,22,2026-06-21T22:00:00+00:00,3,91.25,0.0,2.5,95.52,9.42,21.22,94.89,5.29
New York,US,40.7128,-74.006,2026-06-21,22,2026-06-21T22:00:00+00:00,2,111.03,0.08,3.64,80.95,1.48,3.02,3.41,0.62
Paris,FR,48.8566,2.3522,2026-06-21,22,2026-06-21T22:00:00+00:00,2,81.64,0.0,1.87,63.7,0.19,2.43,3.9,2.87
Sydney,AU,-33.8688,151.2093,2026-06-21,22,2026-06-21T22:00:00+00:00,1,74.91,0.03,1.44,41.66,0.15,0.5,0.68,0.04
Tokyo,JP,35.6762,139.6503,2026-06-21,22,2026-06-21T22:00:00+00:00,1,117.51,0.18,7.69,58.83,4.69,4.55,8.48,0.65
Antananarivo,MG,-18.8792,47.5079,2026-06-21,23,2026-06-21T23:00:00+00:00,1,97.74,0.0,0.65,42.32,0.12,3.1,6.57,0.41
Cairo,EG,30.0444,31.2357,2026-06-21,23,2026-06-21T23:00:00+00:00,3,92.07,0.0,2.68,89.06,9.15,18.14,72.58,6.13
New York,US,40.7128,-74.006,2026-06-21,23,2026-06-21T23:00:00+00:00,2,120.77,0.1,5.67,69.86,1.5,3.38,4.0,0.65
Paris,FR,48.8566,2.3522,2026-06-21,23,2026-06-21T23:00:00+00:00,2,82.88,0.0,2.03,60.18,0.22,2.41,3.73,3.16
Sydney,AU,-33.8688,151.2093,2026-06-21,23,2026-06-21T23:00:00+00:00,1,74.99,0.22,1.23,42.49,0.16,0.5,0.68,0.05
Tokyo,JP,35.6762,139.6503,2026-06-21,23,2026-06-21T23:00:00+00:00,1,117.62,0.58,8.53,58.91,5.54,4.58,8.12,0.68
Antananarivo,MG,-18.8792,47.5079,2026-06-22,00,2026-06-22T00:00:00+00:00,1,101.62,0.0,0.7,41.05,0.13,3.3,6.84,0.54
Cairo,EG,30.0444,31.2357,2026-06-22,00,2026-06-22T00:00:00+00:00,3,92.36,0.0,2.77,84.14,8.65,16.33,58.44,6.91
New York,US,40.7128,-74.006,2026-06-22,00,2026-06-22T00:00:00+00:00,2,127.77,0.04,6.8,63.88,1.47,3.93,4.9,0.67
Paris,FR,48.8566,2.3522,2026-06-22,00,2026-06-22T00:00:00+00:00,1,83.61,0.0,2.01,57.11,0.23,2.34,3.53,3.36
Sydney,AU,-33.8688,151.2093,2026-06-22,00,2026-06-22T00:00:00+00:00,1,72.99,0.26,0.8,45.87,0.17,0.5,0.61,0.05
Tokyo,JP,35.6762,139.6503,2026-06-22,00,2026-06-22T00:00:00+00:00,2,118.35,1.23,9.11,60.47,6.66,4.81,8.15,0.73
Antananarivo,MG,-18.8792,47.5079,2026-06-22,01,2026-06-22T01:00:00+00:00,1,104.19,0.0,0.74,40.43,0.15,3.43,7.0,0.64
Cairo,EG,30.0444,31.2357,2026-06-22,01,2026-06-22T01:00:00+00:00,3,92.11,0.0,2.77,79.63,8.03,15.56,51.44,7.23
New York,US,40.7128,-74.006,2026-06-22,01,2026-06-22T01:00:00+00:00,1,131.18,0.0,7.12,58.98,1.34,4.58,6.02,0.67
Paris,FR,48.8566,2.3522,2026-06-22,01,2026-06-22T01:00:00+00:00,1,82.65,0.0,1.86,54.11,0.23,2.19,3.27,3.45
Sydney,AU,-33.8688,151.2093,2026-06-22,01,2026-06-22T01:00:00+00:00,1,68.88,0.08,0.29,55.24,0.11,0.5,0.52,0.02
Tokyo,JP,35.6762,139.6503,2026-06-22,01,2026-06-22T01:00:00+00:00,2,119.98,1.92,9.5,64.33,7.75,5.45,9.01,0.76
Antananarivo,MG,-18.8792,47.5079,2026-06-22,02,2026-06-22T02:00:00+00:00,1,106.35,0.0,0.77,40.23,0.14,3.5,7.15,0.61
Cairo,EG,30.0444,31.2357,2026-06-22,02,2026-06-22T02:00:00+00:00,2,92.63,0.0,2.76,76.89,7.62,15.77,49.59,6.97
New York,US,40.7128,-74.006,2026-06-22,02,2026-06-22T02:00:00+00:00,1,136.27,0.0,7.53,54.14,1.18,5.21,7.05,0.65
Paris,FR,48.8566,2.3522,2026-06-22,02,2026-06-22T02:00:00+00:00,1,81.95,0.0,1.74,51.16,0.2,2.07,3.05,3.55
Sydney,AU,-33.8688,151.2093,2026-06-22,02,2026-06-22T02:00:00+00:00,1,67.52,0.05,0.19,56.02,0.1,0.5,0.52,0.02
Tokyo,JP,35.6762,139.6503,2026-06-22,02,2026-06-22T02:00:00+00:00,2,122.04,2.05,9.87,71.09,8.36,6.63,10.73,0.79
Antananarivo,MG,-18.8792,47.5079,2026-06-22,03,2026-06-22T03:00:00+00:00,1,109.59,0.0,0.81,40.41,0.15,3.59,7.36,0.57
Cairo,EG,30.0444,31.2357,2026-06-22,03,2026-06-22T03:00:00+00:00,3,93.41,0.0,2.73,75.05,7.26,16.51,50.49,6.34
New York,US,40.7128,-74.006,2026-06-22,03,2026-06-22T03:00:00+00:00,1,141.23,0.0,8.09,49.39,1.04,5.64,7.65,0.64
Paris,FR,48.8566,2.3522,2026-06-22,03,2026-06-22T03:00:00+00:00,1,81.16,0.0,1.63,48.87,0.17,1.97,2.87,3.64
Sydney,AU,-33.8688,151.2093,2026-06-22,03,2026-06-22T03:00:00+00:00,1,66.77,0.05,0.17,55.82,0.09,0.5,0.53,0.02
Tokyo,JP,35.6762,139.6503,2026-06-22,03,2026-06-22T03:00:00+00:00,2,123.51,1.8,9.35,80.65,8.6,8.29,12.92,0.82
Antananarivo,MG,-18.8792,47.5079,2026-06-22,04,2026-06-22T04:00:00+00:00,1,117.16,0.0,0.93,41.02,0.18,3.83,8.09,0.53
Cairo,EG,30.0444,31.2357,2026-06-22,04,2026-06-22T04:00:00+00:00,3,92.92,0.03,2.76,73.25,7.09,17.25,52.02,5.94
New York,US,40.7128,-74.006,2026-06-22,04,2026-06-22T04:00:00+00:00,1,141.34,0.0,7.94,44.76,0.85,5.98,8.05,0.58
Paris,FR,48.8566,2.3522,2026-06-22,04,2026-06-22T04:00:00+00:00,1,80.22,0.0,1.6,46.85,0.14,1.9,2.73,3.7
Sydney,AU,-33.8688,151.2093,2026-06-22,04,2026-06-22T04:00:00+00:00,1,67.25,0.04,0.17,56.19,0.09,0.5,0.55,0.02
Tokyo,JP,35.6762,139.6503,2026-06-22,04,2026-06-22T04:00:00+00:00,2,122.98,1.22,8.05,91.88,8.21,9.92,15.02,0.82
Antananarivo,MG,-18.8792,47.5079,2026-06-22,05,2026-06-22T05:00:00+00:00,1,127.79,0.1,0.94,41.37,0.23,4.34,9.33,0.62
Cairo,EG,30.0444,31.2357,2026-06-22,05,2026-06-22T05:00:00+00:00,3,92.99,0.31,2.54,73.79,7.34,18.09,54.32,6.05
New York,US,40.7128,-74.006,2026-06-22,05,2026-06-22T05:00:00+00:00,1,140.14,0.0,7.08,41.6,0.69,6.61,8.91,0.48
Paris,FR,48.8566,2.3522,2026-06-22,05,2026-06-22T05:00:00+00:00,1,80.26,0.03,1.92,44.89,0.14,1.89,2.71,3.76
Sydney,AU,-33.8688,151.2093,2026-06-22,05,2026-06-22T05:00:00+00:00,1,67.48,0.04,0.19,56.11,0.1,0.5,0.56,0.02
Tokyo,JP,35.6762,139.6503,2026-06-22,05,2026-06-22T05:00:00+00:00,2,121.19,0.83,7.21,98.56,7.54,10.74,16.45,0.76
Antananarivo,MG,-18.8792,47.5079,2026-06-22,06,2026-06-22T06:00:00+00:00,1,131.4,0.16,0.75,43.72,0.26,4.67,10.09,0.79
Cairo,EG,30.0444,31.2357,2026-06-22,06,2026-06-22T06:00:00+00:00,3,93.07,0.48,1.99,78.41,7.56,19.02,56.35,6.0
New York,US,40.7128,-74.006,2026-06-22,06,2026-06-22T06:00:00+00:00,1,136.96,0.0,5.92,39.98,0.6,7.43,10.06,0.34
Paris,FR,48.8566,2.3522,2026-06-22,06,2026-06-22T06:00:00+00:00,1,81.1,0.26,2.38,43.4,0.17,1.96,2.79,3.84
Sydney,AU,-33.8688,151.2093,2026-06-22,06,2026-06-22T06:00:00+00:00,1,67.71,0.03,0.24,55.87,0.11,0.5,0.57,0.02
Tokyo,JP,35.6762,139.6503,2026-06-22,06,2026-06-22T06:00:00+00:00,2,119.31,0.54,7.28,99.35,7.17,10.85,16.77,0.74
Antananarivo,MG,-18.8792,47.5079,2026-06-22,07,2026-06-22T07:00:00+00:00,1,78.21,0.05,0.19,56.7,0.18,1.94,5.79,0.38
Cairo,EG,30.0444,31.2357,2026-06-22,07,2026-06-22T07:00:00+00:00,3,92.47,0.34,1.24,89.91,7.83,19.99,56.54,4.82
New York,US,40.7128,-74.006,2026-06-22,07,2026-06-22T07:00:00+00:00,1,132.65,0.0,4.88,39.23,0.55,8.32,11.3,0.23
Paris,FR,48.8566,2.3522,2026-06-22,07,2026-06-22T07:00:00+00:00,1,81.83,0.63,2.42,43.75,0.21,2.05,2.93,3.93
Sydney,AU,-33.8688,151.2093,2026-06-22,07,2026-06-22T07:00:00+00:00,1,68.26,0.01,0.47,53.69,0.13,0.5,0.59,0.04
Tokyo,JP,35.6762,139.6503,2026-06-22,07,2026-06-22T07:00:00+00:00,2,118.83,0.21,8.1,94.96,6.86,10.2,16.0,0.79
Antananarivo,MG,-18.8792,47.5079,2026-06-22,08,2026-06-22T08:00:00+00:00,1,73.11,0.03,0.12,56.48,0.18,1.81,5.27,0.36
Cairo,EG,30.0444,31.2357,2026-06-22,08,2026-06-22T08:00:00+00:00,3,91.21,0.2,0.74,99.14,7.04,19.83,53.88,3.96
New York,US,40.7128,-74.006,2026-06-22,08,2026-06-22T08:00:00+00:00,1,129.92,0.0,4.09,39.46,0.53,9.34,12.69,0.17
Paris,FR,48.8566,2.3522,2026-06-22,08,2026-06-22T08:00:00+00:00,1,82.28,0.79,2.24,46.68,0.25,2.22,3.18,3.91
Sydney,AU,-33.8688,151.2093,2026-06-22,08,2026-06-22T08:00:00+00:00,1,70.06,0.0,0.82,50.76,0.15,0.5,0.63,0.05
Tokyo,JP,35.6762,139.6503,2026-06-22,08,2026-06-22T08:00:00+00:00,2,118.41,0.13,8.46,89.19,6.41,9.59,15.29,0.74
Antananarivo,MG,-18.8792,47.5079,2026-06-22,09,2026-06-22T09:00:00+00:00,1,71.33,0.03,0.09,55.3,0.18,1.88,5.1,0.35
Cairo,EG,30.0444,31.2357,2026-06-22,09,2026-06-22T09:00:00+00:00,3,89.18,0.13,0.52,103.56,5.79,18.35,49.79,3.26
New York,US,40.7128,-74.006,2026-06-22,09,2026-06-22T09:00:00+00:00,2,128.0,0.0,3.64,40.01,0.53,10.46,14.2,0.13
Paris,FR,48.8566,2.3522,2026-06-22,09,2026-06-22T09:00:00+00:00,1,82.37,0.63,1.88,55.64,0.29,2.65,3.73,3.74
Sydney,AU,-33.8688,151.2093,2026-06-22,09,2026-06-22T09:00:00+00:00,1,71.5,0.0,1.01,48.79,0.17,0.5,0.7,0.05
Tokyo,JP,35.6762,139.6503,2026-06-22,09,2026-06-22T09:00:00+00:00,2,117.76,0.06,8.65,83.74,6.32,9.44,15.21,0.62
Antananarivo,MG,-18.8792,47.5079,2026-06-22,10,2026-06-22T10:00:00+00:00,1,67.97,0.02,0.07,55.58,0.15,1.75,4.49,0.29
Cairo,EG,30.0444,31.2357,2026-06-22,10,2026-06-22T10:00:00+00:00,3,86.68,0.1,0.38,104.63,3.81,14.32,39.65,2.51
New York,US,40.7128,-74.006,2026-06-22,10,2026-06-22T10:00:00+00:00,2,126.5,0.0,3.58,40.26,0.53,11.44,15.5,0.11
Paris,FR,48.8566,2.3522,2026-06-22,10,2026-06-22T10:00:00+00:00,2,83.42,0.23,0.95,81.44,0.27,3.28,5.26,2.58
Sydney,AU,-33.8688,151.2093,2026-06-22,10,2026-06-22T10:00:00+00:00,1,72.03,0.0,1.08,47.03,0.17,0.5,0.75,0.04
Tokyo,JP,35.6762,139.6503,2026-06-22,10,2026-06-22T10:00:00+00:00,2,116.13,0.01,8.27,79.15,6.29,9.08,14.5,0.47
Antananarivo,MG,-18.8792,47.5079,2026-06-22,11,2026-06-22T11:00:00+00:00,1,65.93,0.02,0.07,55.12,0.14,1.68,4.09,0.28
Cairo,EG,30.0444,31.2357,2026-06-22,11,2026-06-22T11:00:00+00:00,3,83.97,0.08,0.31,101.75,2.35,10.92,31.28,2.09
New York,US,40.7128,-74.006,2026-06-22,11,2026-06-22T11:00:00+00:00,2,130.45,0.02,4.64,41.1,0.59,12.28,16.67,0.14
Paris,FR,48.8566,2.3522,2026-06-22,11,2026-06-22T11:00:00+00:00,2,82.26,0.13,0.61,86.19,0.22,3.81,6.44,2.24
Sydney,AU,-33.8688,151.2093,2026-06-22,11,2026-06-22T11:00:00+00:00,1,73.08,0.0,1.1,45.52,0.17,0.5,0.79,0.04
Tokyo,JP,35.6762,139.6503,2026-06-22,11,2026-06-22T11:00:00+00:00,2,115.7,0.0,7.92,74.34,5.85,8.26,13.01,0.44
Antananarivo,MG,-18.8792,47.5079,2026-06-22,12,2026-06-22T12:00:00+00:00,1,65.39,0.02,0.08,54.35,0.14,1.65,3.91,0.29
Cairo,EG,30.0444,31.2357,2026-06-22,12,2026-06-22T12:00:00+00:00,2,82.58,0.08,0.3,98.88,1.67,9.53,28.23,1.95
New York,US,40.7128,-74.006,2026-06-22,12,2026-06-22T12:00:00+00:00,2,136.82,0.15,6.07,46.48,0.73,12.89,17.59,0.19
Paris,FR,48.8566,2.3522,2026-06-22,12,2026-06-22T12:00:00+00:00,2,80.6,0.1,0.48,87.17,0.18,3.8,6.61,2.06
Sydney,AU,-33.8688,151.2093,2026-06-22,12,2026-06-22T12:00:00+00:00,1,74.28,0.0,1.14,43.84,0.16,0.57,0.86,0.04
Tokyo,JP,35.6762,139.6503,2026-06-22,12,2026-06-22T12:00:00+00:00,2,115.67,0.0,7.81,69.97,5.59,7.38,11.51,0.44
Antananarivo,MG,-18.8792,47.5079,2026-06-22,13,2026-06-22T13:00:00+00:00,1,68.93,0.02,0.14,53.27,0.16,1.77,4.07,0.4
Cairo,EG,30.0444,31.2357,2026-06-22,13,2026-06-22T13:00:00+00:00,2,82.57,0.08,0.31,97.46,1.23,8.74,26.4,1.84
New York,US,40.7128,-74.006,2026-06-22,13,2026-06-22T13:00:00+00:00,2,125.26,0.05,4.35,72.47,1.01,11.71,15.43,0.15
Paris,FR,48.8566,2.3522,2026-06-22,13,2026-06-22T13:00:00+00:00,2,78.9,0.06,0.32,88.65,0.1,3.1,6.25,1.61
Sydney,AU,-33.8688,151.2093,2026-06-22,13,2026-06-22T13:00:00+00:00,1,75.6,0.0,1.21,41.47,0.15,0.71,0.97,0.03
Tokyo,JP,35.6762,139.6503,2026-06-22,13,2026-06-22T13:00:00+00:00,2,113.99,0.0,7.65,66.46,5.7,6.83,10.67,0.36
Antananarivo,MG,-18.8792,47.5079,2026-06-22,14,2026-06-22T14:00:00+00:00,1,75.94,0.02,0.29,51.44,0.19,2.03,4.52,0.56
Cairo,EG,30.0444,31.2357,2026-06-22,14,2026-06-22T14:00:00+00:00,2,81.88,0.07,0.33,95.48,0.97,8.3,25.13,1.74
New York,US,40.7128,-74.006,2026-06-22,14,2026-06-22T14:00:00+00:00,2,117.9,0.05,3.32,78.08,0.98,11.09,15.0,0.12
Paris,FR,48.8566,2.3522,2026-06-22,14,2026-06-22T14:00:00+00:00,2,77.93,0.06,0.3,88.07,0.08,2.97,6.37,1.44
Sydney,AU,-33.8688,151.2093,2026-06-22,14,2026-06-22T14:00:00+00:00,1,76.91,0.0,1.23,39.28,0.12,0.85,1.08,0.03
Tokyo,JP,35.6762,139.6503,2026-06-22,14,2026-06-22T14:00:00+00:00,2,112.66,0.0,8.12,63.75,6.25,6.59,10.7,0.3
Antananarivo,MG,-18.8792,47.5079,2026-06-22,15,2026-06-22T15:00:00+00:00,1,83.59,0.0,0.46,49.81,0.21,2.31,4.98,0.64
Cairo,EG,30.0444,31.2357,2026-06-22,15,2026-06-22T15:00:00+00:00,2,81.44,0.07,0.41,94.18,0.86,8.29,24.83,1.72
New York,US,40.7128,-74.006,2026-06-22,15,2026-06-22T15:00:00+00:00,2,111.84,0.05,2.43,82.34,0.96,10.63,15.38,0.09
Paris,FR,48.8566,2.3522,2026-06-22,15,2026-06-22T15:00:00+00:00,2,77.56,0.06,0.35,88.01,0.07,2.92,6.27,1.38
Sydney,AU,-33.8688,151.2093,2026-06-22,15,2026-06-22T15:00:00+00:00,1,77.66,0.0,1.18,37.73,0.12,0.97,1.19,0.02
Tokyo,JP,35.6762,139.6503,2026-06-22,15,2026-06-22T15:00:00+00:00,2,111.75,0.0,9.19,61.11,6.67,6.15,10.78,0.26
Antananarivo,MG,-18.8792,47.5079,2026-06-22,16,2026-06-22T16:00:00+00:00,1,93.05,0.0,0.63,47.16,0.23,2.72,5.55,0.72
Cairo,EG,30.0444,31.2357,2026-06-22,16,2026-06-22T16:00:00+00:00,2,82.45,0.07,0.77,93.94,1.0,8.69,26.12,2.59
New York,US,40.7128,-74.006,2026-06-22,16,2026-06-22T16:00:00+00:00,2,105.15,0.04,1.2,94.52,0.73,9.08,13.33,0.08
Paris,FR,48.8566,2.3522,2026-06-22,16,2026-06-22T16:00:00+00:00,2,78.05,0.07,0.43,89.01,0.08,2.92,6.17,1.37
Sydney,AU,-33.8688,151.2093,2026-06-22,16,2026-06-22T16:00:00+00:00,1,77.84,0.0,1.13,36.61,0.14,1.05,1.28,0.02
Tokyo,JP,35.6762,139.6503,2026-06-22,16,2026-06-22T16:00:00+00:00,1,111.34,0.0,10.16,59.25,6.53,5.29,9.35,0.22
Antananarivo,MG,-18.8792,47.5079,2026-06-22,17,2026-06-22T17:00:00+00:00,1,106.08,0.0,0.8,44.99,0.24,3.29,6.34,0.82
Cairo,EG,30.0444,31.2357,2026-06-22,17,2026-06-22T17:00:00+00:00,2,83.62,0.02,1.31,93.22,1.36,9.21,27.58,3.9
New York,US,40.7128,-74.006,2026-06-22,17,2026-06-22T17:00:00+00:00,2,104.76,0.05,0.93,96.98,0.68,9.1,13.87,0.09
Paris,FR,48.8566,2.3522,2026-06-22,17,2026-06-22T17:00:00+00:00,2,78.74,0.07,0.53,89.63,0.1,2.96,6.04,1.41
Sydney,AU,-33.8688,151.2093,2026-06-22,17,2026-06-22T17:00:00+00:00,1,78.55,0.0,1.12,35.85,0.17,1.12,1.36,0.02
Tokyo,JP,35.6762,139.6503,2026-06-22,17,2026-06-22T17:00:00+00:00,1,112.22,0.0,10.82,58.02,6.23,4.59,8.11,0.23
Antananarivo,MG,-18.8792,47.5079,2026-06-22,18,2026-06-22T18:00:00+00:00,1,116.52,0.0,0.9,43.37,0.24,3.76,6.91,0.7
Cairo,EG,30.0444,31.2357,2026-06-22,18,2026-06-22T18:00:00+00:00,2,84.03,0.0,1.51,93.39,1.78,9.59,27.97,4.64
New York,US,40.7128,-74.006,2026-06-22,18,2026-06-22T18:00:00+00:00,2,106.05,0.06,0.86,97.02,0.69,9.29,14.22,0.12
Paris,FR,48.8566,2.3522,2026-06-22,18,2026-06-22T18:00:00+00:00,2,79.51,0.06,0.66,90.32,0.14,3.03,5.9,1.48
Sydney,AU,-33.8688,151.2093,2026-06-22,18,2026-06-22T18:00:00+00:00,1,79.11,0.0,1.13,35.01,0.21,1.2,1.44,0.02
Tokyo,JP,35.6762,139.6503,2026-06-22,18,2026-06-22T18:00:00+00:00,1,112.74,0.0,11.07,57.88,6.16,4.18,7.49,0.25
Antananarivo,MG,-18.8792,47.5079,2026-06-22,19,2026-06-22T19:00:00+00:00,1,121.59,0.0,0.93,41.94,0.22,3.95,7.04,0.51
Cairo,EG,30.0444,31.2357,2026-06-22,19,2026-06-22T19:00:00+00:00,2,83.78,0.0,1.51,95.46,2.26,9.83,27.9,5.01
New York,US,40.7128,-74.006,2026-06-22,19,2026-06-22T19:00:00+00:00,2,107.62,0.07,0.81,97.0,0.7,9.59,14.2,0.14
Paris,FR,48.8566,2.3522,2026-06-22,19,2026-06-22T19:00:00+00:00,2,80.59,0.03,0.99,88.47,0.2,3.15,5.74,1.68
Sydney,AU,-33.8688,151.2093,2026-06-22,19,2026-06-22T19:00:00+00:00,1,79.54,0.0,1.21,33.77,0.24,1.28,1.51,0.02
Tokyo,JP,35.6762,139.6503,2026-06-22,19,2026-06-22T19:00:00+00:00,1,112.09,0.0,10.95,58.61,5.96,3.95,7.55,0.31
Antananarivo,MG,-18.8792,47.5079,2026-06-22,20,2026-06-22T20:00:00+00:00,1,122.59,0.0,0.91,41.05,0.19,3.9,6.81,0.41
Cairo,EG,30.0444,31.2357,2026-06-22,20,2026-06-22T20:00:00+00:00,2,84.94,0.0,1.42,99.45,2.92,10.2,28.85,5.05
New York,US,40.7128,-74.006,2026-06-22,20,2026-06-22T20:00:00+00:00,2,107.44,0.07,0.89,96.31,0.7,9.49,13.86,0.12
Paris,FR,48.8566,2.3522,2026-06-22,20,2026-06-22T20:00:00+00:00,2,82.39,0.0,1.44,84.79,0.27,3.25,5.52,1.98
Sydney,AU,-33.8688,151.2093,2026-06-22,20,2026-06-22T20:00:00+00:00,1,80.88,0.0,1.37,32.2,0.25,1.33,1.56,0.02
Tokyo,JP,35.6762,139.6503,2026-06-22,20,2026-06-22T20:00:00+00:00,2,111.22,0.0,10.63,60.21,6.01,3.96,7.85,0.39
Antananarivo,MG,-18.8792,47.5079,2026-06-22,21,2026-06-22T21:00:00+00:00,1,116.6,0.0,0.81,40.51,0.15,3.53,6.03,0.31
Cairo,EG,30.0444,31.2357,2026-06-22,21,2026-06-22T21:00:00+00:00,3,86.37,0.0,1.43,102.13,3.88,10.76,31.66,5.03
New York,US,40.7128,-74.006,2026-06-22,21,2026-06-22T21:00:00+00:00,2,105.77,0.08,1.05,95.78,0.67,8.89,13.36,0.1
Paris,FR,48.8566,2.3522,2026-06-22,21,2026-06-22T21:00:00+00:00,2,84.39,0.0,1.69,81.2,0.32,3.25,5.19,2.26
Sydney,AU,-33.8688,151.2093,2026-06-22,21,2026-06-22T21:00:00+00:00,1,83.11,0.0,1.68,30.83,0.28,1.38,1.64,0.04
Tokyo,JP,35.6762,139.6503,2026-06-22,21,2026-06-22T21:00:00+00:00,2,109.81,0.01,10.49,62.14,6.05,4.04,7.97,0.44
Antananarivo,MG,-18.8792,47.5079,2026-06-22,22,2026-06-22T22:00:00+00:00,1,113.68,0.0,0.77,39.04,0.12,3.36,5.53,0.26
Cairo,EG,30.0444,31.2357,2026-06-22,22,2026-06-22T22:00:00+00:00,2,87.0,0.0,1.59,99.88,4.83,11.33,34.55,5.25
New York,US,40.7128,-74.006,2026-06-22,22,2026-06-22T22:00:00+00:00,2,103.89,0.06,1.34,95.69,0.68,8.25,12.44,0.11
Paris,FR,48.8566,2.3522,2026-06-22,22,2026-06-22T22:00:00+00:00,2,83.94,0.0,1.72,75.88,0.32,3.1,4.68,2.49
Sydney,AU,-33.8688,151.2093,2026-06-22,22,2026-06-22T22:00:00+00:00,1,84.81,0.03,2.06,29.78,0.31,1.36,1.63,0.05
Tokyo,JP,35.6762,139.6503,2026-06-22,22,2026-06-22T22:00:00+00:00,2,108.05,0.1,11.1,63.81,6.19,4.14,8.09,0.49
Antananarivo,MG,-18.8792,47.5079,2026-06-22,23,2026-06-22T23:00:00+00:00,1,114.98,0.0,0.77,36.71,0.1,3.42,5.45,0.24
Cairo,EG,30.0444,31.2357,2026-06-22,23,2026-06-22T23:00:00+00:00,2,89.18,0.0,1.87,96.45,5.47,12.25,37.68,6.31
New York,US,40.7128,-74.006,2026-06-22,23,2026-06-22T23:00:00+00:00,2,103.02,0.03,1.61,95.12,0.67,7.96,12.29,0.1
Paris,FR,48.8566,2.3522,2026-06-22,23,2026-06-22T23:00:00+00:00,2,84.5,0.0,1.69,71.09,0.3,3.03,4.34,2.75
Sydney,AU,-33.8688,151.2093,2026-06-22,23,2026-06-22T23:00:00+00:00,1,84.6,0.21,1.96,30.32,0.34,1.23,1.52,0.06
Tokyo,JP,35.6762,139.6503,2026-06-22,23,2026-06-22T23:00:00+00:00,2,107.59,0.33,12.23,64.13,6.65,4.37,8.51,0.55
Antananarivo,MG,-18.8792,47.5079,2026-06-23,00,2026-06-23T00:00:00+00:00,1,114.91,0.0,0.77,34.83,0.09,3.41,5.22,0.25
Cairo,EG,30.0444,31.2357,2026-06-23,00,2026-06-23T00:00:00+00:00,2,91.37,0.0,2.12,92.53,5.81,13.55,41.28,7.53
New York,US,40.7128,-74.006,2026-06-23,00,2026-06-23T00:00:00+00:00,2,103.56,0.01,1.66,93.18,0.65,7.39,11.9,0.08
Paris,FR,48.8566,2.3522,2026-06-23,00,2026-06-23T00:00:00+00:00,2,84.53,0.0,1.6,66.62,0.29,3.0,4.13,2.99
Sydney,AU,-33.8688,151.2093,2026-06-23,00,2026-06-23T00:00:00+00:00,1,82.54,0.38,1.49,32.94,0.36,1.1,1.39,0.08
Tokyo,JP,35.6762,139.6503,2026-06-23,00,2026-06-23T00:00:00+00:00,2,108.27,0.73,13.44,63.62,7.2,4.65,8.98,0.61
Antananarivo,MG,-18.8792,47.5079,2026-06-23,01,2026-06-23T01:00:00+00:00,1,115.5,0.0,0.78,33.39,0.09,3.44,5.07,0.32
Cairo,EG,30.0444,31.2357,2026-06-23,01,2026-06-23T01:00:00+00:00,2,92.19,0.0,2.22,87.4,5.79,14.96,44.77,8.36
New York,US,40.7128,-74.006,2026-06-23,01,2026-06-23T01:00:00+00:00,2,104.63,0.0,1.55,88.01,0.58,6.37,9.75,0.07
Paris,FR,48.8566,2.3522,2026-06-23,01,2026-06-23T01:00:00+00:00,2,83.53,0.0,1.5,62.3,0.28,2.98,3.99,3.15
Sydney,AU,-33.8688,151.2093,2026-06-23,01,2026-06-23T01:00:00+00:00,1,75.97,0.24,0.82,42.69,0.38,0.84,1.08,0.07
Tokyo,JP,35.6762,139.6503,2026-06-23,01,2026-06-23T01:00:00+00:00,2,109.61,1.23,14.27,62.95,7.91,4.95,9.64,0.69
Antananarivo,MG,-18.8792,47.5079,2026-06-23,02,2026-06-23T02:00:00+00:00,1,116.71,0.0,0.8,32.78,0.11,3.5,5.2,0.45
Cairo,EG,30.0444,31.2357,2026-06-23,02,2026-06-23T02:00:00+00:00,2,93.76,0.0,2.25,83.77,5.43,16.51,48.53,8.28
New York,US,40.7128,-74.006,2026-06-23,02,2026-06-23T02:00:00+00:00,2,107.22,0.0,1.53,81.67,0.46,5.34,6.85,0.05
Paris,FR,48.8566,2.3522,2026-06-23,02,2026-06-23T02:00:00+00:00,1,83.24,0.0,1.39,59.41,0.25,3.04,3.96,3.3
Sydney,AU,-33.8688,151.2093,2026-06-23,02,2026-06-23T02:00:00+00:00,1,73.72,0.2,0.61,45.49,0.37,0.88,1.1,0.07
Tokyo,JP,35.6762,139.6503,2026-06-23,02,2026-06-23T02:00:00+00:00,2,111.27,1.51,14.69,63.01,8.72,5.32,10.65,0.77
Antananarivo,MG,-18.8792,47.5079,2026-06-23,03,2026-06-23T03:00:00+00:00,1,117.87,0.0,0.82,33.75,0.14,3.51,5.33,0.62
Cairo,EG,30.0444,31.2357,2026-06-23,03,2026-06-23T03:00:00+00:00,3,94.8,0.0,2.22,80.58,4.84,17.89,51.77,7.44
New York,US,40.7128,-74.006,2026-06-23,03,2026-06-23T03:00:00+00:00,2,109.98,0.0,1.57,76.3,0.38,4.61,5.33,0.05
Paris,FR,48.8566,2.3522,2026-06-23,03,2026-06-23T03:00:00+00:00,1,82.94,0.0,1.28,57.44,0.22,3.14,4.0,3.41
Sydney,AU,-33.8688,151.2093,2026-06-23,03,2026-06-23T03:00:00+00:00,1,72.19,0.17,0.5,47.76,0.37,0.97,1.19,0.07
Tokyo,JP,35.6762,139.6503,2026-06-23,03,2026-06-23T03:00:00+00:00,2,112.59,1.55,14.49,64.27,9.3,5.65,11.72,0.8
Antananarivo,MG,-18.8792,47.5079,2026-06-23,04,2026-06-23T04:00:00+00:00,1,118.39,0.0,0.88,37.05,0.24,3.51,5.8,0.95
Cairo,EG,30.0444,31.2357,2026-06-23,04,2026-06-23T04:00:00+00:00,3,94.28,0.02,2.25,77.63,4.4,18.87,54.29,6.85
New York,US,40.7128,-74.006,2026-06-23,04,2026-06-23T04:00:00+00:00,2,111.04,0.0,1.53,72.22,0.34,4.24,4.72,0.06
Paris,FR,48.8566,2.3522,2026-06-23,04,2026-06-23T04:00:00+00:00,1,82.39,0.0,1.25,55.33,0.2,3.26,4.07,3.45
Sydney,AU,-33.8688,151.2093,2026-06-23,04,2026-06-23T04:00:00+00:00,1,72.18,0.17,0.52,48.56,0.36,1.03,1.27,0.08
Tokyo,JP,35.6762,139.6503,2026-06-23,04,2026-06-23T04:00:00+00:00,2,113.0,1.32,13.79,67.5,9.52,5.87,12.64,0.77
Antananarivo,MG,-18.8792,47.5079,2026-06-23,05,2026-06-23T05:00:00+00:00,1,125.08,0.09,0.91,39.02,0.33,3.86,6.93,1.27
Cairo,EG,30.0444,31.2357,2026-06-23,05,2026-06-23T05:00:00+00:00,3,94.32,0.24,2.12,77.21,4.54,19.84,57.24,7.12
New York,US,40.7128,-74.006,2026-06-23,05,2026-06-23T05:00:00+00:00,2,112.24,0.0,1.5,69.36,0.38,4.09,4.53,0.09
Paris,FR,48.8566,2.3522,2026-06-23,05,2026-06-23T05:00:00+00:00,1,82.62,0.01,1.58,52.04,0.19,3.41,4.2,3.51
Sydney,AU,-33.8688,151.2093,2026-06-23,05,2026-06-23T05:00:00+00:00,1,72.72,0.2,0.71,46.36,0.34,1.08,1.34,0.1
Tokyo,JP,35.6762,139.6503,2026-06-23,05,2026-06-23T05:00:00+00:00,2,112.68,1.01,13.07,71.54,9.63,6.18,13.91,0.71
Antananarivo,MG,-18.8792,47.5079,2026-06-23,06,2026-06-23T06:00:00+00:00,1,127.21,0.16,0.65,42.0,0.35,4.12,7.58,1.34
Cairo,EG,30.0444,31.2357,2026-06-23,06,2026-06-23T06:00:00+00:00,3,94.1,0.39,1.7,81.56,5.0,20.85,60.29,7.22
New York,US,40.7128,-74.006,2026-06-23,06,2026-06-23T06:00:00+00:00,2,113.0,0.0,1.53,65.9,0.45,3.93,4.36,0.13
Paris,FR,48.8566,2.3522,2026-06-23,06,2026-06-23T06:00:00+00:00,1,83.46,0.19,2.09,48.52,0.21,3.58,4.37,3.57
Sydney,AU,-33.8688,151.2093,2026-06-23,06,2026-06-23T06:00:00+00:00,1,73.63,0.17,1.07,44.54,0.33,1.07,1.37,0.12
Tokyo,JP,35.6762,139.6503,2026-06-23,06,2026-06-23T06:00:00+00:00,2,111.88,0.7,12.35,75.36,9.59,6.45,15.32,0.67
Antananarivo,MG,-18.8792,47.5079,2026-06-23,07,2026-06-23T07:00:00+00:00,1,90.55,0.07,0.25,52.63,0.23,2.28,4.65,0.64
Cairo,EG,30.0444,31.2357,2026-06-23,07,2026-06-23T07:00:00+00:00,3,92.65,0.26,1.03,93.63,6.58,21.62,61.1,5.31
New York,US,40.7128,-74.006,2026-06-23,07,2026-06-23T07:00:00+00:00,2,114.52,0.0,1.71,60.81,0.55,3.88,4.39,0.18
Paris,FR,48.8566,2.3522,2026-06-23,07,2026-06-23T07:00:00+00:00,1,84.02,0.53,2.26,46.24,0.23,3.76,4.57,3.62
Sydney,AU,-33.8688,151.2093,2026-06-23,07,2026-06-23T07:00:00+00:00,1,75.41,0.04,1.64,43.34,0.32,1.06,1.39,0.14
Tokyo,JP,35.6762,139.6503,2026-06-23,07,2026-06-23T07:00:00+00:00,2,110.56,0.38,11.58,78.96,9.31,6.53,16.27,0.62
Antananarivo,MG,-18.8792,47.5079,2026-06-23,08,2026-06-23T08:00:00+00:00,1,83.16,0.04,0.15,54.99,0.22,2.02,4.26,0.56
Cairo,EG,30.0444,31.2357,2026-06-23,08,2026-06-23T08:00:00+00:00,3,90.52,0.17,0.66,101.13,6.75,21.83,60.0,4.32
New York,US,40.7128,-74.006,2026-06-23,08,2026-06-23T08:00:00+00:00,1,116.53,0.0,2.05,54.22,0.68,3.96,4.57,0.23
Paris,FR,48.8566,2.3522,2026-06-23,08,2026-06-23T08:00:00+00:00,1,85.42,0.78,2.32,46.8,0.3,4.08,4.92,3.65
Sydney,AU,-33.8688,151.2093,2026-06-23,08,2026-06-23T08:00:00+00:00,1,77.33,0.0,1.93,43.27,0.31,1.07,1.42,0.15
Tokyo,JP,35.6762,139.6503,2026-06-23,08,2026-06-23T08:00:00+00:00,2,108.71,0.16,10.76,81.15,8.9,6.36,16.42,0.54
Antananarivo,MG,-18.8792,47.5079,2026-06-23,09,2026-06-23T09:00:00+00:00,1,80.06,0.03,0.11,55.24,0.21,2.05,4.26,0.55
Cairo,EG,30.0444,31.2357,2026-06-23,09,2026-06-23T09:00:00+00:00,3,88.92,0.13,0.5,104.97,6.02,21.24,57.78,3.86
New York,US,40.7128,-74.006,2026-06-23,09,2026-06-23T09:00:00+00:00,1,119.88,0.0,2.56,47.74,0.81,4.03,4.71,0.25
Paris,FR,48.8566,2.3522,2026-06-23,09,2026-06-23T09:00:00+00:00,1,87.91,0.8,2.33,52.82,0.4,4.84,5.74,3.6
Sydney,AU,-33.8688,151.2093,2026-06-23,09,2026-06-23T09:00:00+00:00,1,78.67,0.0,1.94,43.83,0.29,1.12,1.48,0.13
Tokyo,JP,35.6762,139.6503,2026-06-23,09,2026-06-23T09:00:00+00:00,2,106.38,0.04,9.66,82.39,8.52,6.02,15.84,0.46
Antananarivo,MG,-18.8792,47.5079,2026-06-23,10,2026-06-23T10:00:00+00:00,1,72.55,0.02,0.08,57.49,0.17,1.62,3.29,0.42
Cairo,EG,30.0444,31.2357,2026-06-23,10,2026-06-23T10:00:00+00:00,3,84.83,0.08,0.32,105.3,3.56,13.54,35.61,2.37
New York,US,40.7128,-74.006,2026-06-23,10,2026-06-23T10:00:00+00:00,1,124.25,0.0,3.35,41.28,1.01,4.07,4.72,0.26
Paris,FR,48.8566,2.3522,2026-06-23,10,2026-06-23T10:00:00+00:00,2,89.21,0.28,1.26,87.93,0.49,4.99,6.2,2.15
Sydney,AU,-33.8688,151.2093,2026-06-23,10,2026-06-23T10:00:00+00:00,1,78.33,0.0,1.89,43.3,0.31,1.17,1.54,0.11
Tokyo,JP,35.6762,139.6503,2026-06-23,10,2026-06-23T10:00:00+00:00,2,102.53,0.0,7.75,83.16,8.14,5.47,14.37,0.33
Antananarivo,MG,-18.8792,47.5079,2026-06-23,11,2026-06-23T11:00:00+00:00,1,69.03,0.02,0.09,57.19,0.15,1.41,2.77,0.37
Cairo,EG,30.0444,31.2357,2026-06-23,11,2026-06-23T11:00:00+00:00,3,81.88,0.07,0.27,102.85,2.12,9.36,24.35,1.86
New York,US,40.7128,-74.006,2026-06-23,11,2026-06-23T11:00:00+00:00,1,131.68,0.06,4.75,34.6,1.15,4.14,4.77,0.25
Paris,FR,48.8566,2.3522,2026-06-23,11,2026-06-23T11:00:00+00:00,2,88.14,0.14,0.8,97.41,0.45,5.3,6.87,1.76
Sydney,AU,-33.8688,151.2093,2026-06-23,11,2026-06-23T11:00:00+00:00,1,78.79,0.0,1.9,42.52,0.32,1.22,1.58,0.1
Tokyo,JP,35.6762,139.6503,2026-06-23,11,2026-06-23T11:00:00+00:00,2,101.2,0.0,6.56,82.04,7.75,5.0,12.82,0.28
Antananarivo,MG,-18.8792,47.5079,2026-06-23,12,2026-06-23T12:00:00+00:00,1,68.25,0.02,0.1,56.15,0.15,1.34,2.58,0.37
Cairo,EG,30.0444,31.2357,2026-06-23,12,2026-06-23T12:00:00+00:00,3,80.75,0.07,0.28,101.29,1.7,8.49,22.27,1.81
New York,US,40.7128,-74.006,2026-06-23,12,2026-06-23T12:00:00+00:00,1,143.92,0.32,6.81,28.09,1.29,4.31,4.95,0.27
Paris,FR,48.8566,2.3522,2026-06-23,12,2026-06-23T12:00:00+00:00,3,87.09,0.1,0.61,100.11,0.39,5.23,6.82,1.63
Sydney,AU,-33.8688,151.2093,2026-06-23,12,2026-06-23T12:00:00+00:00,1,79.39,0.0,1.95,42.09,0.32,1.26,1.6,0.09
Tokyo,JP,35.6762,139.6503,2026-06-23,12,2026-06-23T12:00:00+00:00,2,101.27,0.0,6.41,79.75,7.79,4.77,11.93,0.26
Antananarivo,MG,-18.8792,47.5079,2026-06-23,13,2026-06-23T13:00:00+00:00,1,78.43,0.03,0.29,52.77,0.2,1.7,3.2,0.61
Cairo,EG,30.0444,31.2357,2026-06-23,13,2026-06-23T13:00:00+00:00,3,81.24,0.07,0.31,101.39,1.46,8.19,21.64,1.77
New York,US,40.7128,-74.006,2026-06-23,13,2026-06-23T13:00:00+00:00,1,156.52,0.62,8.83,23.24,1.53,4.61,5.25,0.26
Paris,FR,48.8566,2.3522,2026-06-23,13,2026-06-23T13:00:00+00:00,2,83.28,0.05,0.42,97.3,0.22,3.76,5.34,1.38
Sydney,AU,-33.8688,151.2093,2026-06-23,13,2026-06-23T13:00:00+00:00,1,80.2,0.0,2.08,40.4,0.3,1.3,1.64,0.08
Tokyo,JP,35.6762,139.6503,2026-06-23,13,2026-06-23T13:00:00+00:00,2,102.12,0.0,6.86,76.87,7.96,4.65,11.38,0.25
Antananarivo,MG,-18.8792,47.5079,2026-06-23,14,2026-06-23T14:00:00+00:00,1,96.57,0.03,0.66,48.28,0.26,2.46,4.48,0.92
Cairo,EG,30.0444,31.2357,2026-06-23,14,2026-06-23T14:00:00+00:00,3,80.29,0.07,0.36,101.38,1.34,7.96,20.9,1.74
New York,US,40.7128,-74.006,2026-06-23,14,2026-06-23T14:00:00+00:00,1,167.12,1.21,10.18,21.1,1.83,5.08,5.72,0.22
Paris,FR,48.8566,2.3522,2026-06-23,14,2026-06-23T14:00:00+00:00,2,81.0,0.04,0.4,94.54,0.15,3.13,4.97,1.22
Sydney,AU,-33.8688,151.2093,2026-06-23,14,2026-06-23T14:00:00+00:00,1,81.15,0.0,2.24,37.52,0.26,1.36,1.69,0.06
Tokyo,JP,35.6762,139.6503,2026-06-23,14,2026-06-23T14:00:00+00:00,2,103.33,0.0,7.57,73.99,8.18,4.59,11.01,0.25
Antananarivo,MG,-18.8792,47.5079,2026-06-23,15,2026-06-23T15:00:00+00:00,1,115.56,0.0,1.09,44.89,0.31,3.29,5.81,1.14
Cairo,EG,30.0444,31.2357,2026-06-23,15,2026-06-23T15:00:00+00:00,3,79.61,0.07,0.47,102.24,1.44,8.16,20.8,1.75
New York,US,40.7128,-74.006,2026-06-23,15,2026-06-23T15:00:00+00:00,1,177.67,1.71,11.79,21.6,2.14,5.74,6.33,0.2
Paris,FR,48.8566,2.3522,2026-06-23,15,2026-06-23T15:00:00+00:00,2,80.34,0.04,0.45,94.05,0.14,3.2,5.31,1.16
Sydney,AU,-33.8688,151.2093,2026-06-23,15,2026-06-23T15:00:00+00:00,1,81.64,0.0,2.3,35.11,0.24,1.42,1.74,0.05
Tokyo,JP,35.6762,139.6503,2026-06-23,15,2026-06-23T15:00:00+00:00,2,105.05,0.0,8.41,71.21,8.42,4.6,10.79,0.26
Antananarivo,MG,-18.8792,47.5079,2026-06-23,16,2026-06-23T16:00:00+00:00,1,135.96,0.0,1.41,41.38,0.35,4.31,7.41,1.37
Cairo,EG,30.0444,31.2357,2026-06-23,16,2026-06-23T16:00:00+00:00,3,80.39,0.05,0.71,104.44,1.78,8.74,21.2,1.99
New York,US,40.7128,-74.006,2026-06-23,16,2026-06-23T16:00:00+00:00,1,179.62,1.46,11.38,33.03,1.87,5.69,6.08,0.12
Paris,FR,48.8566,2.3522,2026-06-23,16,2026-06-23T16:00:00+00:00,2,81.28,0.04,0.63,94.32,0.16,3.38,5.58,1.21
Sydney,AU,-33.8688,151.2093,2026-06-23,16,2026-06-23T16:00:00+00:00,1,81.89,0.0,2.33,32.64,0.22,1.48,1.78,0.04
Tokyo,JP,35.6762,139.6503,2026-06-23,16,2026-06-23T16:00:00+00:00,2,106.55,0.0,9.37,68.21,8.67,4.73,10.8,0.28
Antananarivo,MG,-18.8792,47.5079,2026-06-23,17,2026-06-23T17:00:00+00:00,1,157.99,0.0,1.65,38.37,0.35,5.5,9.13,1.37
Cairo,EG,30.0444,31.2357,2026-06-23,17,2026-06-23T17:00:00+00:00,3,81.37,0.01,1.01,106.26,2.21,9.34,22.74,2.4
New York,US,40.7128,-74.006,2026-06-23,17,2026-06-23T17:00:00+00:00,1,179.59,1.15,10.32,41.9,1.6,5.6,5.88,0.09
Paris,FR,48.8566,2.3522,2026-06-23,17,2026-06-23T17:00:00+00:00,2,81.87,0.05,0.9,92.16,0.18,3.48,5.47,1.37
Sydney,AU,-33.8688,151.2093,2026-06-23,17,2026-06-23T17:00:00+00:00,1,82.65,0.0,2.38,30.36,0.21,1.53,1.83,0.03
Tokyo,JP,35.6762,139.6503,2026-06-23,17,2026-06-23T17:00:00+00:00,2,108.68,0.0,10.69,64.47,9.14,5.02,11.27,0.32
Antananarivo,MG,-18.8792,47.5079,2026-06-23,18,2026-06-23T18:00:00+00:00,1,173.98,0.0,1.77,36.17,0.32,6.46,10.34,0.95
Cairo,EG,30.0444,31.2357,2026-06-23,18,2026-06-23T18:00:00+00:00,3,82.1,0.0,1.05,108.29,2.64,10.2,28.81,2.69
New York,US,40.7128,-74.006,2026-06-23,18,2026-06-23T18:00:00+00:00,1,181.85,1.02,9.78,48.5,1.49,6.08,6.32,0.09
Paris,FR,48.8566,2.3522,2026-06-23,18,2026-06-23T18:00:00+00:00,2,82.46,0.04,1.08,90.07,0.21,3.59,5.37,1.54
Sydney,AU,-33.8688,151.2093,2026-06-23,18,2026-06-23T18:00:00+00:00,1,83.4,0.0,2.38,29.09,0.2,1.58,1.88,0.03
Tokyo,JP,35.6762,139.6503,2026-06-23,18,2026-06-23T18:00:00+00:00,2,110.93,0.0,12.15,60.4,9.74,5.43,12.02,0.36
Antananarivo,MG,-18.8792,47.5079,2026-06-23,19,2026-06-23T19:00:00+00:00,1,182.77,0.0,1.79,33.92,0.29,7.01,10.98,0.63
Cairo,EG,30.0444,31.2357,2026-06-23,19,2026-06-23T19:00:00+00:00,3,82.92,0.0,1.06,110.02,3.25,11.15,36.14,3.13
New York,US,40.7128,-74.006,2026-06-23,19,2026-06-23T19:00:00+00:00,1,184.96,0.91,9.46,56.07,1.44,7.32,7.57,0.09
Paris,FR,48.8566,2.3522,2026-06-23,19,2026-06-23T19:00:00+00:00,2,83.27,0.03,1.35,85.94,0.25,3.71,5.32,1.81
Sydney,AU,-33.8688,151.2093,2026-06-23,19,2026-06-23T19:00:00+00:00,1,84.07,0.0,2.38,28.51,0.21,1.61,1.91,0.03
Tokyo,JP,35.6762,139.6503,2026-06-23,19,2026-06-23T19:00:00+00:00,1,113.75,0.0,13.88,55.82,10.38,5.94,13.01,0.38
Antananarivo,MG,-18.8792,47.5079,2026-06-23,20,2026-06-23T20:00:00+00:00,1,196.88,0.0,1.89,31.31,0.26,7.8,12.04,0.58
Cairo,EG,30.0444,31.2357,2026-06-23,20,2026-06-23T20:00:00+00:00,3,85.39,0.0,1.37,112.11,4.79,11.74,37.73,4.03
New York,US,40.7128,-74.006,2026-06-23,20,2026-06-23T20:00:00+00:00,2,188.73,0.66,9.95,60.99,1.49,8.84,9.1,0.09
Paris,FR,48.8566,2.3522,2026-06-23,20,2026-06-23T20:00:00+00:00,2,84.4,0.0,1.68,79.88,0.28,3.87,5.35,2.18
Sydney,AU,-33.8688,151.2093,2026-06-23,20,2026-06-23T20:00:00+00:00,1,85.04,0.0,2.45,27.99,0.22,1.63,1.95,0.04
Tokyo,JP,35.6762,139.6503,2026-06-23,20,2026-06-23T20:00:00+00:00,1,116.86,0.0,15.71,51.16,10.86,6.54,14.09,0.38
Antananarivo,MG,-18.8792,47.5079,2026-06-23,21,2026-06-23T21:00:00+00:00,1,195.2,0.0,1.8,29.6,0.2,7.73,11.24,0.55
Cairo,EG,30.0444,31.2357,2026-06-23,21,2026-06-23T21:00:00+00:00,3,88.65,0.0,1.98,111.54,7.41,12.36,37.74,5.08
New York,US,40.7128,-74.006,2026-06-23,21,2026-06-23T21:00:00+00:00,2,191.1,0.49,10.88,62.88,1.52,9.67,9.96,0.09
Paris,FR,48.8566,2.3522,2026-06-23,21,2026-06-23T21:00:00+00:00,2,85.2,0.0,1.87,74.13,0.29,4.0,5.41,2.48
Sydney,AU,-33.8688,151.2093,2026-06-23,21,2026-06-23T21:00:00+00:00,1,87.7,0.0,2.78,27.13,0.26,1.7,2.06,0.05
Tokyo,JP,35.6762,139.6503,2026-06-23,21,2026-06-23T21:00:00+00:00,1,120.12,0.05,18.02,46.98,11.09,7.15,14.96,0.35
Antananarivo,MG,-18.8792,47.5079,2026-06-23,22,2026-06-23T22:00:00+00:00,1,188.26,0.0,1.65,28.68,0.18,7.24,9.63,0.64
Cairo,EG,30.0444,31.2357,2026-06-23,22,2026-06-23T22:00:00+00:00,3,90.3,0.0,2.54,106.39,10.04,12.66,36.83,6.22
New York,US,40.7128,-74.006,2026-06-23,22,2026-06-23T22:00:00+00:00,2,190.07,0.35,11.81,62.24,1.55,9.59,9.87,0.09
Paris,FR,48.8566,2.3522,2026-06-23,22,2026-06-23T22:00:00+00:00,2,83.58,0.0,1.89,68.1,0.27,3.98,5.39,2.68
Sydney,AU,-33.8688,151.2093,2026-06-23,22,2026-06-23T22:00:00+00:00,1,90.56,0.07,3.25,26.11,0.3,1.74,2.16,0.08
Tokyo,JP,35.6762,139.6503,2026-06-23,22,2026-06-23T22:00:00+00:00,1,122.97,0.42,20.52,44.15,11.23,7.69,15.54,0.33
Antananarivo,MG,-18.8792,47.5079,2026-06-23,23,2026-06-23T23:00:00+00:00,1,182.41,0.0,1.53,28.59,0.18,6.82,8.84,0.74
Cairo,EG,30.0444,31.2357,2026-06-23,23,2026-06-23T23:00:00+00:00,3,92.91,0.0,3.09,100.89,12.27,13.04,37.05,7.98
New York,US,40.7128,-74.006,2026-06-23,23,2026-06-23T23:00:00+00:00,1,189.21,0.18,12.91,59.38,1.56,8.98,9.25,0.09
Paris,FR,48.8566,2.3522,2026-06-23,23,2026-06-23T23:00:00+00:00,2,82.73,0.0,1.74,63.65,0.24,3.95,5.43,2.87
Sydney,AU,-33.8688,151.2093,2026-06-23,23,2026-06-23T23:00:00+00:00,1,90.97,0.59,2.74,26.96,0.36,1.67,2.11,0.12
Tokyo,JP,35.6762,139.6503,2026-06-23,23,2026-06-23T23:00:00+00:00,1,125.92,1.3,22.2,42.87,11.55,8.16,15.73,0.32
Antananarivo,MG,-18.8792,47.5079,2026-06-24,00,2026-06-24T00:00:00+00:00,1,175.14,0.0,1.42,29.4,0.18,6.35,8.3,0.81
Cairo,EG,30.0444,31.2357,2026-06-24,00,2026-06-24T00:00:00+00:00,2,96.06,0.0,3.6,95.12,14.21,13.47,38.37,9.79
New York,US,40.7128,-74.006,2026-06-24,00,2026-06-24T00:00:00+00:00,1,186.37,0.04,13.68,55.27,1.5,8.05,8.32,0.09
Paris,FR,48.8566,2.3522,2026-06-24,00,2026-06-24T00:00:00+00:00,2,82.04,0.0,1.54,60.05,0.22,3.94,5.46,3.04
Sydney,AU,-33.8688,151.2093,2026-06-24,00,2026-06-24T00:00:00+00:00,1,88.03,0.85,2.03,30.37,0.42,1.54,1.97,0.15
Tokyo,JP,35.6762,139.6503,2026-06-24,00,2026-06-24T00:00:00+00:00,1,128.09,2.83,22.31,43.92,11.82,8.5,15.47,0.31
Antananarivo,MG,-18.8792,47.5079,2026-06-24,01,2026-06-24T01:00:00+00:00,1,164.36,0.0,1.29,30.68,0.18,5.63,7.56,0.88
Cairo,EG,30.0444,31.2357,2026-06-24,01,2026-06-24T01:00:00+00:00,2,98.17,0.0,4.07,88.65,15.19,13.72,39.62,11.83
New York,US,40.7128,-74.006,2026-06-24,01,2026-06-24T01:00:00+00:00,1,183.53,0.0,13.83,48.34,1.4,7.29,7.63,0.09
Paris,FR,48.8566,2.3522,2026-06-24,01,2026-06-24T01:00:00+00:00,1,80.83,0.0,1.38,56.44,0.2,3.9,5.39,3.18
Sydney,AU,-33.8688,151.2093,2026-06-24,01,2026-06-24T01:00:00+00:00,1,79.78,0.44,1.19,44.46,0.47,1.16,1.5,0.13
Tokyo,JP,35.6762,139.6503,2026-06-24,01,2026-06-24T01:00:00+00:00,1,129.65,4.55,21.18,47.09,11.96,8.71,15.02,0.32
Antananarivo,MG,-18.8792,47.5079,2026-06-24,02,2026-06-24T02:00:00+00:00,1,154.06,0.0,1.17,31.51,0.19,4.97,6.9,0.91
Cairo,EG,30.0444,31.2357,2026-06-24,02,2026-06-24T02:00:00+00:00,2,100.82,0.0,4.54,83.26,14.93,14.07,41.21,14.38
New York,US,40.7128,-74.006,2026-06-24,02,2026-06-24T02:00:00+00:00,1,184.11,0.0,13.65,39.41,1.39,6.91,7.36,0.1
Paris,FR,48.8566,2.3522,2026-06-24,02,2026-06-24T02:00:00+00:00,1,81.01,0.0,1.33,52.86,0.18,3.93,5.35,3.4
Sydney,AU,-33.8688,151.2093,2026-06-24,02,2026-06-24T02:00:00+00:00,1,76.77,0.3,0.87,48.82,0.45,1.1,1.4,0.11
Tokyo,JP,35.6762,139.6503,2026-06-24,02,2026-06-24T02:00:00+00:00,1,130.73,4.86,21.09,49.9,11.91,8.92,14.9,0.36
Antananarivo,MG,-18.8792,47.5079,2026-06-24,03,2026-06-24T03:00:00+00:00,1,149.8,0.0,1.13,31.82,0.19,4.63,6.61,0.91
Cairo,EG,30.0444,31.2357,2026-06-24,03,2026-06-24T03:00:00+00:00,2,102.96,0.0,4.91,78.52,14.07,14.55,43.54,16.59
New York,US,40.7128,-74.006,2026-06-24,03,2026-06-24T03:00:00+00:00,1,182.53,0.0,13.27,32.57,1.4,6.35,6.89,0.11
Paris,FR,48.8566,2.3522,2026-06-24,03,2026-06-24T03:00:00+00:00,1,81.37,0.0,1.36,48.86,0.17,3.96,5.31,3.65
Sydney,AU,-33.8688,151.2093,2026-06-24,03,2026-06-24T03:00:00+00:00,1,74.42,0.21,0.69,52.88,0.42,1.02,1.3,0.08
Tokyo,JP,35.6762,139.6503,2026-06-24,03,2026-06-24T03:00:00+00:00,1,130.31,4.58,20.35,54.49,11.74,9.09,14.92,0.39
Antananarivo,MG,-18.8792,47.5079,2026-06-24,04,2026-06-24T04:00:00+00:00,1,156.16,0.0,1.26,31.61,0.24,4.86,7.44,0.87
Cairo,EG,30.0444,31.2357,2026-06-24,04,2026-06-24T04:00:00+00:00,2,103.49,0.06,5.31,74.22,13.31,14.93,45.48,17.95
New York,US,40.7128,-74.006,2026-06-24,04,2026-06-24T04:00:00+00:00,1,174.67,0.0,12.43,29.18,1.47,5.46,6.07,0.12
Paris,FR,48.8566,2.3522,2026-06-24,04,2026-06-24T04:00:00+00:00,1,80.93,0.0,1.51,44.55,0.16,3.96,5.25,3.86
Sydney,AU,-33.8688,151.2093,2026-06-24,04,2026-06-24T04:00:00+00:00,2,71.5,0.08,0.4,60.18,0.29,0.7,0.98,0.04
Tokyo,JP,35.6762,139.6503,2026-06-24,04,2026-06-24T04:00:00+00:00,2,128.49,3.75,18.76,60.54,11.3,9.22,14.99,0.39
Antananarivo,MG,-18.8792,47.5079,2026-06-24,05,2026-06-24T05:00:00+00:00,1,165.88,0.13,1.23,31.71,0.27,5.32,8.6,0.77
Cairo,EG,30.0444,31.2357,2026-06-24,05,2026-06-24T05:00:00+00:00,2,104.24,0.62,5.07,74.01,14.1,15.36,47.68,18.1
New York,US,40.7128,-74.006,2026-06-24,05,2026-06-24T05:00:00+00:00,1,162.34,0.0,11.19,30.37,1.6,4.5,5.16,0.15
Paris,FR,48.8566,2.3522,2026-06-24,05,2026-06-24T05:00:00+00:00,1,81.6,0.01,2.01,41.09,0.17,3.99,5.27,3.96
Sydney,AU,-33.8688,151.2093,2026-06-24,05,2026-06-24T05:00:00+00:00,2,71.66,0.07,0.41,60.95,0.26,0.7,1.01,0.03
Tokyo,JP,35.6762,139.6503,2026-06-24,05,2026-06-24T05:00:00+00:00,2,123.62,2.85,15.52,67.28,10.38,8.87,14.62,0.33
Antananarivo,MG,-18.8792,47.5079,2026-06-24,06,2026-06-24T06:00:00+00:00,1,171.65,0.23,0.9,34.93,0.3,6.01,9.64,0.94
Cairo,EG,30.0444,31.2357,2026-06-24,06,2026-06-24T06:00:00+00:00,2,103.94,1.02,4.08,80.54,15.49,16.06,49.36,16.06
New York,US,40.7128,-74.006,2026-06-24,06,2026-06-24T06:00:00+00:00,1,145.36,0.0,9.47,34.86,1.72,3.67,4.28,0.19
Paris,FR,48.8566,2.3522,2026-06-24,06,2026-06-24T06:00:00+00:00,1,82.7,0.24,2.65,39.42,0.2,4.03,5.32,3.97
Sydney,AU,-33.8688,151.2093,2026-06-24,06,2026-06-24T06:00:00+00:00,2,72.28,0.04,0.5,61.0,0.25,0.71,1.07,0.03
Tokyo,JP,35.6762,139.6503,2026-06-24,06,2026-06-24T06:00:00+00:00,2,115.66,1.83,11.45,73.61,8.99,7.95,13.47,0.22
Antananarivo,MG,-18.8792,47.5079,2026-06-24,07,2026-06-24T07:00:00+00:00,1,84.46,0.05,0.2,51.74,0.17,1.54,2.73,0.38
Cairo,EG,30.0444,31.2357,2026-06-24,07,2026-06-24T07:00:00+00:00,3,99.56,0.59,2.28,100.12,15.87,17.55,49.41,10.02
New York,US,40.7128,-74.006,2026-06-24,07,2026-06-24T07:00:00+00:00,1,126.72,0.0,7.62,40.74,1.77,3.0,3.49,0.23
Paris,FR,48.8566,2.3522,2026-06-24,07,2026-06-24T07:00:00+00:00,1,83.33,0.61,2.66,41.09,0.23,4.04,5.33,3.93
Sydney,AU,-33.8688,151.2093,2026-06-24,07,2026-06-24T07:00:00+00:00,1,73.33,0.01,0.69,59.61,0.24,0.7,1.13,0.03
Tokyo,JP,35.6762,139.6503,2026-06-24,07,2026-06-24T07:00:00+00:00,2,104.98,0.39,7.85,78.34,7.15,6.3,10.74,0.11
Antananarivo,MG,-18.8792,47.5079,2026-06-24,08,2026-06-24T08:00:00+00:00,1,74.12,0.03,0.12,53.46,0.15,1.21,2.14,0.34
Cairo,EG,30.0444,31.2357,2026-06-24,08,2026-06-24T08:00:00+00:00,3,96.89,0.31,1.3,113.78,14.03,19.94,50.81,7.71
New York,US,40.7128,-74.006,2026-06-24,08,2026-06-24T08:00:00+00:00,1,116.28,0.0,6.68,40.8,1.71,2.65,3.07,0.23
Paris,FR,48.8566,2.3522,2026-06-24,08,2026-06-24T08:00:00+00:00,1,82.79,0.72,2.27,45.49,0.25,4.07,5.34,3.81
Sydney,AU,-33.8688,151.2093,2026-06-24,08,2026-06-24T08:00:00+00:00,1,75.0,0.0,0.89,57.79,0.23,0.7,1.17,0.04
Tokyo,JP,35.6762,139.6503,2026-06-24,08,2026-06-24T08:00:00+00:00,2,99.42,0.09,4.95,82.11,5.57,5.06,8.55,0.06
Antananarivo,MG,-18.8792,47.5079,2026-06-24,09,2026-06-24T09:00:00+00:00,1,71.7,0.02,0.09,52.74,0.15,1.25,2.13,0.33
Cairo,EG,30.0444,31.2357,2026-06-24,09,2026-06-24T09:00:00+00:00,3,94.25,0.21,0.9,121.73,12.21,20.91,50.22,6.06
New York,US,40.7128,-74.006,2026-06-24,09,2026-06-24T09:00:00+00:00,1,109.99,0.0,6.27,39.29,1.7,2.4,2.79,0.23
Paris,FR,48.8566,2.3522,2026-06-24,09,2026-06-24T09:00:00+00:00,1,81.98,0.55,1.77,54.27,0.27,4.36,5.61,3.63
Sydney,AU,-33.8688,151.2093,2026-06-24,09,2026-06-24T09:00:00+00:00,1,76.12,0.0,0.99,56.28,0.23,0.69,1.17,0.03
Tokyo,JP,35.6762,139.6503,2026-06-24,09,2026-06-24T09:00:00+00:00,2,97.54,0.02,3.45,85.11,4.67,4.38,7.27,0.03
Antananarivo,MG,-18.8792,47.5079,2026-06-24,10,2026-06-24T10:00:00+00:00,1,69.81,0.02,0.08,53.7,0.14,1.25,2.05,0.32
Cairo,EG,30.0444,31.2357,2026-06-24,10,2026-06-24T10:00:00+00:00,3,86.6,0.12,0.51,118.06,7.07,14.34,32.12,3.34
New York,US,40.7128,-74.006,2026-06-24,10,2026-06-24T10:00:00+00:00,1,105.62,0.0,6.26,36.59,1.76,2.2,2.59,0.25
Paris,FR,48.8566,2.3522,2026-06-24,10,2026-06-24T10:00:00+00:00,2,83.69,0.14,0.67,86.36,0.3,4.29,6.16,1.88
Sydney,AU,-33.8688,151.2093,2026-06-24,10,2026-06-24T10:00:00+00:00,1,75.94,0.0,1.07,53.71,0.24,0.66,1.14,0.03
Tokyo,JP,35.6762,139.6503,2026-06-24,10,2026-06-24T10:00:00+00:00,2,97.61,0.0,2.4,87.91,3.98,3.83,5.92,0.01
Antananarivo,MG,-18.8792,47.5079,2026-06-24,11,2026-06-24T11:00:00+00:00,1,68.75,0.02,0.08,53.84,0.14,1.26,1.99,0.33
Cairo,EG,30.0444,31.2357,2026-06-24,11,2026-06-24T11:00:00+00:00,3,82.71,0.1,0.4,114.57,4.83,11.27,24.62,2.32
New York,US,40.7128,-74.006,2026-06-24,11,2026-06-24T11:00:00+00:00,1,105.57,0.43,6.44,34.37,1.9,2.09,2.53,0.32
Paris,FR,48.8566,2.3522,2026-06-24,11,2026-06-24T11:00:00+00:00,2,82.44,0.08,0.46,91.04,0.25,4.36,7.25,1.59
Sydney,AU,-33.8688,151.2093,2026-06-24,11,2026-06-24T11:00:00+00:00,1,76.1,0.0,1.18,50.64,0.25,0.65,1.13,0.03
Tokyo,JP,35.6762,139.6503,2026-06-24,11,2026-06-24T11:00:00+00:00,2,98.54,0.0,1.75,89.79,3.27,3.39,4.79,0.0
Antananarivo,MG,-18.8792,47.5079,2026-06-24,12,2026-06-24T12:00:00+00:00,1,68.43,0.02,0.1,53.27,0.14,1.24,1.96,0.34
Cairo,EG,30.0444,31.2357,2026-06-24,12,2026-06-24T12:00:00+00:00,3,80.88,0.09,0.38,113.73,4.27,10.63,23.63,1.95
New York,US,40.7128,-74.006,2026-06-24,12,2026-06-24T12:00:00+00:00,1,109.61,1.76,5.89,33.87,2.08,2.11,2.62,0.43
Paris,FR,48.8566,2.3522,2026-06-24,12,2026-06-24T12:00:00+00:00,2,81.46,0.07,0.42,91.55,0.23,4.47,7.91,1.53
Sydney,AU,-33.8688,151.2093,2026-06-24,12,2026-06-24T12:00:00+00:00,1,75.99,0.0,1.25,47.75,0.26,0.65,1.13,0.03
Tokyo,JP,35.6762,139.6503,2026-06-24,12,2026-06-24T12:00:00+00:00,2,99.87,0.0,1.42,90.49,2.79,3.1,4.13,0.0
Antananarivo,MG,-18.8792,47.5079,2026-06-24,13,2026-06-24T13:00:00+00:00,1,77.21,0.04,0.24,50.5,0.19,1.6,2.56,0.55
Cairo,EG,30.0444,31.2357,2026-06-24,13,2026-06-24T13:00:00+00:00,3,80.15,0.09,0.39,113.85,3.83,9.95,23.08,1.67
New York,US,40.7128,-74.006,2026-06-24,13,2026-06-24T13:00:00+00:00,1,115.33,2.75,5.51,35.6,2.25,2.27,2.84,0.55
Paris,FR,48.8566,2.3522,2026-06-24,13,2026-06-24T13:00:00+00:00,2,80.98,0.05,0.36,92.45,0.19,4.3,8.21,1.38
Sydney,AU,-33.8688,151.2093,2026-06-24,13,2026-06-24T13:00:00+00:00,1,74.88,0.0,1.28,45.17,0.25,0.64,1.09,0.02
Tokyo,JP,35.6762,139.6503,2026-06-24,13,2026-06-24T13:00:00+00:00,2,101.17,0.0,1.32,89.37,2.58,2.93,3.82,0.01
Antananarivo,MG,-18.8792,47.5079,2026-06-24,14,2026-06-24T14:00:00+00:00,1,93.12,0.04,0.58,46.19,0.24,2.28,3.69,0.84
Cairo,EG,30.0444,31.2357,2026-06-24,14,2026-06-24T14:00:00+00:00,3,78.73,0.08,0.41,111.9,3.14,8.67,21.56,1.53
New York,US,40.7128,-74.006,2026-06-24,14,2026-06-24T14:00:00+00:00,1,119.27,2.85,5.21,40.72,2.36,2.67,3.28,0.62
Paris,FR,48.8566,2.3522,2026-06-24,14,2026-06-24T14:00:00+00:00,2,79.99,0.04,0.38,91.44,0.16,4.12,8.28,1.34
Sydney,AU,-33.8688,151.2093,2026-06-24,14,2026-06-24T14:00:00+00:00,1,73.7,0.0,1.18,44.72,0.22,0.6,0.99,0.01
Tokyo,JP,35.6762,139.6503,2026-06-24,14,2026-06-24T14:00:00+00:00,2,102.4,0.0,1.41,87.19,2.59,2.95,3.86,0.03
Antananarivo,MG,-18.8792,47.5079,2026-06-24,15,2026-06-24T15:00:00+00:00,1,109.6,0.0,0.99,42.4,0.28,3.01,4.88,1.05
Cairo,EG,30.0444,31.2357,2026-06-24,15,2026-06-24T15:00:00+00:00,3,77.57,0.07,0.48,109.3,2.38,7.34,19.88,1.54
New York,US,40.7128,-74.006,2026-06-24,15,2026-06-24T15:00:00+00:00,1,119.58,2.07,4.51,52.78,2.33,3.81,4.41,0.62
Paris,FR,48.8566,2.3522,2026-06-24,15,2026-06-24T15:00:00+00:00,2,79.26,0.03,0.48,90.43,0.15,4.02,8.21,1.33
Sydney,AU,-33.8688,151.2093,2026-06-24,15,2026-06-24T15:00:00+00:00,1,72.24,0.0,0.99,46.14,0.19,0.55,0.89,0.01
Tokyo,JP,35.6762,139.6503,2026-06-24,15,2026-06-24T15:00:00+00:00,2,103.84,0.0,1.55,85.25,2.69,3.07,4.01,0.05
Antananarivo,MG,-18.8792,47.5079,2026-06-24,16,2026-06-24T16:00:00+00:00,1,127.94,0.0,1.31,38.18,0.32,3.95,6.4,1.22
Cairo,EG,30.0444,31.2357,2026-06-24,16,2026-06-24T16:00:00+00:00,3,78.38,0.07,0.89,106.32,1.92,6.63,19.73,2.57
New York,US,40.7128,-74.006,2026-06-24,16,2026-06-24T16:00:00+00:00,2,104.81,0.71,2.14,69.09,1.42,3.84,4.2,0.41
Paris,FR,48.8566,2.3522,2026-06-24,16,2026-06-24T16:00:00+00:00,2,79.23,0.03,0.89,87.56,0.18,3.94,7.97,1.48
Sydney,AU,-33.8688,151.2093,2026-06-24,16,2026-06-24T16:00:00+00:00,1,70.97,0.0,0.77,48.73,0.16,0.51,0.8,0.01
Tokyo,JP,35.6762,139.6503,2026-06-24,16,2026-06-24T16:00:00+00:00,2,105.01,0.0,1.7,83.66,2.86,3.21,4.17,0.06
Antananarivo,MG,-18.8792,47.5079,2026-06-24,17,2026-06-24T17:00:00+00:00,1,150.01,0.0,1.58,34.53,0.33,5.12,8.14,1.31
Cairo,EG,30.0444,31.2357,2026-06-24,17,2026-06-24T17:00:00+00:00,3,79.39,0.02,1.47,101.86,1.69,6.35,20.38,4.02
New York,US,40.7128,-74.006,2026-06-24,17,2026-06-24T17:00:00+00:00,2,98.26,0.33,1.19,75.71,1.05,3.85,4.11,0.31
Paris,FR,48.8566,2.3522,2026-06-24,17,2026-06-24T17:00:00+00:00,2,80.0,0.03,1.34,83.74,0.23,3.84,7.48,1.68
Sydney,AU,-33.8688,151.2093,2026-06-24,17,2026-06-24T17:00:00+00:00,1,70.2,0.0,0.64,50.07,0.14,0.5,0.73,0.01
Tokyo,JP,35.6762,139.6503,2026-06-24,17,2026-06-24T17:00:00+00:00,2,105.98,0.0,1.85,82.28,3.08,3.33,4.45,0.04
Antananarivo,MG,-18.8792,47.5079,2026-06-24,18,2026-06-24T18:00:00+00:00,1,164.09,0.0,1.69,32.1,0.3,5.93,9.22,0.95
Cairo,EG,30.0444,31.2357,2026-06-24,18,2026-06-24T18:00:00+00:00,2,80.15,0.0,1.61,98.89,1.62,6.37,21.77,4.83
New York,US,40.7128,-74.006,2026-06-24,18,2026-06-24T18:00:00+00:00,2,97.14,0.27,1.04,80.61,1.03,4.18,4.44,0.29
Paris,FR,48.8566,2.3522,2026-06-24,18,2026-06-24T18:00:00+00:00,2,80.69,0.03,1.6,80.68,0.26,3.72,6.82,1.79
Sydney,AU,-33.8688,151.2093,2026-06-24,18,2026-06-24T18:00:00+00:00,1,69.71,0.0,0.54,51.05,0.13,0.5,0.68,0.01
Tokyo,JP,35.6762,139.6503,2026-06-24,18,2026-06-24T18:00:00+00:00,2,106.95,0.0,1.93,81.49,3.24,3.36,4.62,0.02
Antananarivo,MG,-18.8792,47.5079,2026-06-24,19,2026-06-24T19:00:00+00:00,1,144.58,0.0,1.34,32.89,0.25,4.8,7.88,0.64
Cairo,EG,30.0444,31.2357,2026-06-24,19,2026-06-24T19:00:00+00:00,2,80.21,0.0,1.6,98.19,1.89,6.57,22.95,5.43
New York,US,40.7128,-74.006,2026-06-24,19,2026-06-24T19:00:00+00:00,2,98.26,0.25,1.06,85.58,1.09,4.45,4.73,0.29
Paris,FR,48.8566,2.3522,2026-06-24,19,2026-06-24T19:00:00+00:00,2,81.23,0.03,2.12,70.94,0.27,3.69,6.41,2.12
Sydney,AU,-33.8688,151.2093,2026-06-24,19,2026-06-24T19:00:00+00:00,1,69.28,0.0,0.5,51.16,0.12,0.5,0.66,0.01
Tokyo,JP,35.6762,139.6503,2026-06-24,19,2026-06-24T19:00:00+00:00,2,108.57,0.0,2.06,81.35,3.3,3.29,4.49,0.01
Antananarivo,MG,-18.8792,47.5079,2026-06-24,20,2026-06-24T20:00:00+00:00,1,145.6,0.0,1.3,31.9,0.23,4.76,7.89,0.5
Cairo,EG,30.0444,31.2357,2026-06-24,20,2026-06-24T20:00:00+00:00,2,81.89,0.0,1.82,99.77,3.0,7.08,24.05,6.29
New York,US,40.7128,-74.006,2026-06-24,20,2026-06-24T20:00:00+00:00,2,98.7,0.25,1.16,89.28,1.12,4.49,4.79,0.32
Paris,FR,48.8566,2.3522,2026-06-24,20,2026-06-24T20:00:00+00:00,1,82.98,0.0,2.81,59.69,0.28,3.81,6.48,2.65
Sydney,AU,-33.8688,151.2093,2026-06-24,20,2026-06-24T20:00:00+00:00,1,69.23,0.0,0.51,50.22,0.12,0.5,0.66,0.01
Tokyo,JP,35.6762,139.6503,2026-06-24,20,2026-06-24T20:00:00+00:00,2,110.99,0.0,2.35,81.3,3.41,3.34,4.79,0.02
Antananarivo,MG,-18.8792,47.5079,2026-06-24,21,2026-06-24T21:00:00+00:00,1,139.36,0.0,1.18,31.52,0.17,4.33,7.21,0.35
Cairo,EG,30.0444,31.2357,2026-06-24,21,2026-06-24T21:00:00+00:00,3,85.14,0.0,2.49,100.92,5.45,8.03,25.92,7.4
New York,US,40.7128,-74.006,2026-06-24,21,2026-06-24T21:00:00+00:00,2,99.49,0.27,1.38,91.62,1.15,4.38,4.7,0.35
Paris,FR,48.8566,2.3522,2026-06-24,21,2026-06-24T21:00:00+00:00,1,84.4,0.0,3.23,51.83,0.28,3.93,6.67,3.04
Sydney,AU,-33.8688,151.2093,2026-06-24,21,2026-06-24T21:00:00+00:00,1,70.02,0.0,0.66,49.33,0.14,0.5,0.7,0.02
Tokyo,JP,35.6762,139.6503,2026-06-24,21,2026-06-24T21:00:00+00:00,2,113.41,0.0,2.68,81.54,3.44,3.38,5.07,0.02
Antananarivo,MG,-18.8792,47.5079,2026-06-24,22,2026-06-24T22:00:00+00:00,1,134.76,0.0,1.09,30.48,0.13,4.02,6.69,0.3
Cairo,EG,30.0444,31.2357,2026-06-24,22,2026-06-24T22:00:00+00:00,2,87.82,0.0,3.39,97.77,8.94,9.21,28.18,8.83
New York,US,40.7128,-74.006,2026-06-24,22,2026-06-24T22:00:00+00:00,2,110.19,0.66,3.23,79.18,1.13,4.54,4.95,0.43
Paris,FR,48.8566,2.3522,2026-06-24,22,2026-06-24T22:00:00+00:00,1,83.66,0.0,3.25,46.91,0.25,4.01,6.89,3.28
Sydney,AU,-33.8688,151.2093,2026-06-24,22,2026-06-24T22:00:00+00:00,1,71.21,0.01,0.89,48.31,0.16,0.5,0.75,0.03
Tokyo,JP,35.6762,139.6503,2026-06-24,22,2026-06-24T22:00:00+00:00,2,115.03,0.02,3.1,81.28,3.36,3.37,5.18,0.02
Antananarivo,MG,-18.8792,47.5079,2026-06-24,23,2026-06-24T23:00:00+00:00,1,135.82,0.0,1.09,28.82,0.12,4.03,6.58,0.32
Cairo,EG,30.0444,31.2357,2026-06-24,23,2026-06-24T23:00:00+00:00,2,92.79,0.0,4.43,93.16,12.7,10.51,30.87,11.08
New York,US,40.7128,-74.006,2026-06-24,23,2026-06-24T23:00:00+00:00,2,127.17,1.03,6.18,61.93,1.1,4.82,5.44,0.53
Paris,FR,48.8566,2.3522,2026-06-24,23,2026-06-24T23:00:00+00:00,1,83.16,0.0,2.88,45.39,0.24,4.15,7.29,3.42
Sydney,AU,-33.8688,151.2093,2026-06-24,23,2026-06-24T23:00:00+00:00,1,71.5,0.05,0.89,47.97,0.17,0.5,0.76,0.03
Tokyo,JP,35.6762,139.6503,2026-06-24,23,2026-06-24T23:00:00+00:00,2,115.5,0.06,3.5,80.1,3.27,3.27,5.09,0.03
Antananarivo,MG,-18.8792,47.5079,2026-06-25,00,2026-06-25T00:00:00+00:00,1,136.04,0.0,1.07,27.84,0.11,4.03,6.36,0.38
Cairo,EG,30.0444,31.2357,2026-06-25,00,2026-06-25T00:00:00+00:00,2,98.84,0.0,5.4,86.96,15.91,11.67,33.21,13.41
New York,US,40.7128,-74.006,2026-06-25,00,2026-06-25T00:00:00+00:00,1,138.22,0.54,9.05,51.71,1.06,4.92,5.8,0.65
Paris,FR,48.8566,2.3522,2026-06-25,00,2026-06-25T00:00:00+00:00,1,83.27,0.0,2.43,46.27,0.24,4.33,7.81,3.49
Sydney,AU,-33.8688,151.2093,2026-06-25,00,2026-06-25T00:00:00+00:00,1,70.67,0.07,0.71,49.28,0.17,0.5,0.73,0.03
Tokyo,JP,35.6762,139.6503,2026-06-25,00,2026-06-25T00:00:00+00:00,2,115.67,0.13,3.77,79.32,3.22,3.15,4.95,0.04
Antananarivo,MG,-18.8792,47.5079,2026-06-25,01,2026-06-25T01:00:00+00:00,1,137.0,0.0,1.07,26.93,0.11,4.08,6.16,0.43
Cairo,EG,30.0444,31.2357,2026-06-25,01,2026-06-25T01:00:00+00:00,2,103.91,0.0,6.17,80.07,17.54,12.42,34.81,15.45
New York,US,40.7128,-74.006,2026-06-25,01,2026-06-25T01:00:00+00:00,1,142.7,0.01,10.32,46.65,1.01,4.98,6.11,0.74
Paris,FR,48.8566,2.3522,2026-06-25,01,2026-06-25T01:00:00+00:00,1,83.08,0.0,1.96,49.23,0.26,4.46,8.18,3.51
Sydney,AU,-33.8688,151.2093,2026-06-25,01,2026-06-25T01:00:00+00:00,1,69.45,0.05,0.53,52.81,0.16,0.5,0.69,0.02
Tokyo,JP,35.6762,139.6503,2026-06-25,01,2026-06-25T01:00:00+00:00,2,116.31,0.19,3.69,80.03,3.18,2.95,4.72,0.04
Antananarivo,MG,-18.8792,47.5079,2026-06-25,02,2026-06-25T02:00:00+00:00,1,139.56,0.0,1.09,25.88,0.11,4.22,6.29,0.43
Cairo,EG,30.0444,31.2357,2026-06-25,02,2026-06-25T02:00:00+00:00,2,108.26,0.0,6.72,74.28,17.54,13.0,36.47,17.51
New York,US,40.7128,-74.006,2026-06-25,02,2026-06-25T02:00:00+00:00,1,145.89,0.0,10.42,44.92,1.01,5.11,6.48,0.85
Paris,FR,48.8566,2.3522,2026-06-25,02,2026-06-25T02:00:00+00:00,1,82.85,0.0,1.75,46.61,0.24,4.51,7.92,3.66
Sydney,AU,-33.8688,151.2093,2026-06-25,02,2026-06-25T02:00:00+00:00,1,68.54,0.04,0.47,54.32,0.16,0.5,0.74,0.02
Tokyo,JP,35.6762,139.6503,2026-06-25,02,2026-06-25T02:00:00+00:00,2,118.2,0.25,3.81,80.71,3.34,2.9,4.66,0.05
Antananarivo,MG,-18.8792,47.5079,2026-06-25,03,2026-06-25T03:00:00+00:00,1,143.23,0.0,1.14,25.24,0.12,4.41,6.64,0.45
Cairo,EG,30.0444,31.2357,2026-06-25,03,2026-06-25T03:00:00+00:00,2,111.32,0.0,7.03,69.58,16.17,13.86,38.4,19.1
New York,US,40.7128,-74.006,2026-06-25,03,2026-06-25T03:00:00+00:00,1,149.28,0.0,10.74,44.47,1.06,5.19,6.73,0.98
Paris,FR,48.8566,2.3522,2026-06-25,03,2026-06-25T03:00:00+00:00,1,82.36,0.0,1.68,43.37,0.21,4.48,7.48,3.85
Sydney,AU,-33.8688,151.2093,2026-06-25,03,2026-06-25T03:00:00+00:00,1,67.63,0.03,0.42,56.14,0.15,0.5,0.87,0.01
Tokyo,JP,35.6762,139.6503,2026-06-25,03,2026-06-25T03:00:00+00:00,2,119.61,0.32,4.06,80.81,3.57,2.96,4.66,0.05
Antananarivo,MG,-18.8792,47.5079,2026-06-25,04,2026-06-25T04:00:00+00:00,1,152.56,0.01,1.31,26.37,0.19,4.9,7.77,0.69
Cairo,EG,30.0444,31.2357,2026-06-25,04,2026-06-25T04:00:00+00:00,2,111.93,0.11,7.5,64.64,14.36,14.44,39.91,20.12
New York,US,40.7128,-74.006,2026-06-25,04,2026-06-25T04:00:00+00:00,1,148.51,0.01,10.53,40.93,0.98,5.17,6.76,1.0
Paris,FR,48.8566,2.3522,2026-06-25,04,2026-06-25T04:00:00+00:00,1,81.11,0.0,1.75,39.63,0.2,4.35,6.87,3.99
Sydney,AU,-33.8688,151.2093,2026-06-25,04,2026-06-25T04:00:00+00:00,2,66.96,0.02,0.32,60.58,0.13,0.5,1.04,0.01
Tokyo,JP,35.6762,139.6503,2026-06-25,04,2026-06-25T04:00:00+00:00,2,120.11,0.41,4.42,80.48,3.87,3.07,4.68,0.06
Antananarivo,MG,-18.8792,47.5079,2026-06-25,05,2026-06-25T05:00:00+00:00,1,168.18,0.21,1.27,27.55,0.27,5.68,9.29,1.04
Cairo,EG,30.0444,31.2357,2026-06-25,05,2026-06-25T05:00:00+00:00,2,113.76,1.06,6.99,63.35,13.76,14.71,41.81,20.99
New York,US,40.7128,-74.006,2026-06-25,05,2026-06-25T05:00:00+00:00,1,147.51,0.01,9.84,33.95,0.78,5.22,6.85,0.88
Paris,FR,48.8566,2.3522,2026-06-25,05,2026-06-25T05:00:00+00:00,1,81.45,0.01,2.27,36.71,0.2,4.25,6.37,4.11
Sydney,AU,-33.8688,151.2093,2026-06-25,05,2026-06-25T05:00:00+00:00,2,66.88,0.01,0.32,61.52,0.13,0.51,1.21,0.01
Tokyo,JP,35.6762,139.6503,2026-06-25,05,2026-06-25T05:00:00+00:00,2,120.49,0.45,5.03,79.64,4.24,3.23,4.69,0.06
Antananarivo,MG,-18.8792,47.5079,2026-06-25,06,2026-06-25T06:00:00+00:00,1,178.27,0.31,0.97,32.57,0.32,6.65,10.61,1.32
Cairo,EG,30.0444,31.2357,2026-06-25,06,2026-06-25T06:00:00+00:00,2,115.06,1.87,5.88,67.03,14.29,16.21,45.72,20.54
New York,US,40.7128,-74.006,2026-06-25,06,2026-06-25T06:00:00+00:00,1,145.07,0.0,8.96,28.19,0.66,5.25,6.9,0.79
Paris,FR,48.8566,2.3522,2026-06-25,06,2026-06-25T06:00:00+00:00,1,82.59,0.21,3.05,34.57,0.22,4.16,5.94,4.23
Sydney,AU,-33.8688,151.2093,2026-06-25,06,2026-06-25T06:00:00+00:00,2,67.18,0.01,0.37,61.81,0.13,0.52,1.39,0.01
Tokyo,JP,35.6762,139.6503,2026-06-25,06,2026-06-25T06:00:00+00:00,2,121.16,0.47,5.74,79.06,4.63,3.33,4.54,0.06
Antananarivo,MG,-18.8792,47.5079,2026-06-25,07,2026-06-25T07:00:00+00:00,1,88.58,0.06,0.22,50.24,0.18,1.64,3.1,0.47
Cairo,EG,30.0444,31.2357,2026-06-25,07,2026-06-25T07:00:00+00:00,3,112.45,1.51,4.27,81.78,16.44,18.94,50.41,16.43
New York,US,40.7128,-74.006,2026-06-25,07,2026-06-25T07:00:00+00:00,1,142.01,0.0,8.24,23.55,0.61,5.26,6.92,0.74
Paris,FR,48.8566,2.3522,2026-06-25,07,2026-06-25T07:00:00+00:00,1,82.91,0.66,3.17,33.67,0.24,4.06,5.53,4.33
Sydney,AU,-33.8688,151.2093,2026-06-25,07,2026-06-25T07:00:00+00:00,2,67.72,0.0,0.54,60.04,0.14,0.56,1.63,0.02
Tokyo,JP,35.6762,139.6503,2026-06-25,07,2026-06-25T07:00:00+00:00,2,123.16,0.47,6.96,78.13,5.06,3.53,4.51,0.07
Antananarivo,MG,-18.8792,47.5079,2026-06-25,08,2026-06-25T08:00:00+00:00,1,80.82,0.04,0.14,50.63,0.17,1.4,2.67,0.43
Cairo,EG,30.0444,31.2357,2026-06-25,08,2026-06-25T08:00:00+00:00,3,108.32,0.72,2.45,102.67,15.25,22.5,54.22,13.71
New York,US,40.7128,-74.006,2026-06-25,08,2026-06-25T08:00:00+00:00,1,139.62,0.0,7.67,20.87,0.6,5.37,7.03,0.66
Paris,FR,48.8566,2.3522,2026-06-25,08,2026-06-25T08:00:00+00:00,1,82.15,0.99,2.85,34.06,0.25,3.99,5.24,4.37
Sydney,AU,-33.8688,151.2093,2026-06-25,08,2026-06-25T08:00:00+00:00,1,69.15,0.0,0.8,56.67,0.15,0.62,1.8,0.03
Tokyo,JP,35.6762,139.6503,2026-06-25,08,2026-06-25T08:00:00+00:00,2,126.54,0.34,9.14,75.29,5.52,3.82,4.67,0.07
Antananarivo,MG,-18.8792,47.5079,2026-06-25,09,2026-06-25T09:00:00+00:00,1,77.9,0.03,0.11,49.19,0.17,1.42,2.63,0.42
Cairo,EG,30.0444,31.2357,2026-06-25,09,2026-06-25T09:00:00+00:00,3,103.72,0.32,1.33,119.72,13.27,25.2,56.65,10.91
New York,US,40.7128,-74.006,2026-06-25,09,2026-06-25T09:00:00+00:00,1,137.41,0.0,7.22,19.53,0.61,5.57,7.24,0.57
Paris,FR,48.8566,2.3522,2026-06-25,09,2026-06-25T09:00:00+00:00,1,81.65,0.88,2.37,40.29,0.26,4.11,5.18,4.42
Sydney,AU,-33.8688,151.2093,2026-06-25,09,2026-06-25T09:00:00+00:00,1,70.21,0.0,0.94,53.93,0.16,0.67,1.87,0.03
Tokyo,JP,35.6762,139.6503,2026-06-25,09,2026-06-25T09:00:00+00:00,2,129.56,0.15,11.51,71.27,5.89,4.1,4.87,0.07
Antananarivo,MG,-18.8792,47.5079,2026-06-25,10,2026-06-25T10:00:00+00:00,1,70.7,0.02,0.08,50.18,0.12,1.09,1.94,0.31
Cairo,EG,30.0444,31.2357,2026-06-25,10,2026-06-25T10:00:00+00:00,3,88.5,0.15,0.61,114.22,6.74,14.64,32.78,4.59
New York,US,40.7128,-74.006,2026-06-25,10,2026-06-25T10:00:00+00:00,1,136.75,0.01,7.24,18.54,0.67,5.83,7.51,0.54
Paris,FR,48.8566,2.3522,2026-06-25,10,2026-06-25T10:00:00+00:00,2,85.95,0.08,0.86,88.82,0.33,4.03,4.8,2.23
Sydney,AU,-33.8688,151.2093,2026-06-25,10,2026-06-25T10:00:00+00:00,1,70.46,0.0,0.96,51.65,0.18,0.72,1.96,0.04
Tokyo,JP,35.6762,139.6503,2026-06-25,10,2026-06-25T10:00:00+00:00,2,131.53,0.01,13.24,66.96,6.31,4.34,5.09,0.08
Antananarivo,MG,-18.8792,47.5079,2026-06-25,11,2026-06-25T11:00:00+00:00,1,66.92,0.02,0.08,50.43,0.1,0.91,1.58,0.27
Cairo,EG,30.0444,31.2357,2026-06-25,11,2026-06-25T11:00:00+00:00,3,82.5,0.11,0.43,107.61,4.24,10.37,23.58,2.59
New York,US,40.7128,-74.006,2026-06-25,11,2026-06-25T11:00:00+00:00,1,142.01,0.39,7.94,18.22,0.81,6.2,7.95,0.69
Paris,FR,48.8566,2.3522,2026-06-25,11,2026-06-25T11:00:00+00:00,2,85.3,0.04,0.62,94.23,0.32,3.84,4.67,1.67
Sydney,AU,-33.8688,151.2093,2026-06-25,11,2026-06-25T11:00:00+00:00,1,70.68,0.0,0.92,49.99,0.18,0.76,2.05,0.03
Tokyo,JP,35.6762,139.6503,2026-06-25,11,2026-06-25T11:00:00+00:00,2,132.14,0.0,13.71,62.74,6.65,4.53,5.34,0.11
Antananarivo,MG,-18.8792,47.5079,2026-06-25,12,2026-06-25T12:00:00+00:00,1,66.09,0.02,0.09,49.73,0.1,0.86,1.49,0.27
Cairo,EG,30.0444,31.2357,2026-06-25,12,2026-06-25T12:00:00+00:00,3,80.63,0.1,0.39,104.98,3.85,9.8,22.69,1.92
New York,US,40.7128,-74.006,2026-06-25,12,2026-06-25T12:00:00+00:00,1,151.38,1.97,7.8,22.05,1.11,6.7,8.5,0.98
Paris,FR,48.8566,2.3522,2026-06-25,12,2026-06-25T12:00:00+00:00,2,84.39,0.04,0.59,92.85,0.28,3.45,4.12,1.62
Sydney,AU,-33.8688,151.2093,2026-06-25,12,2026-06-25T12:00:00+00:00,1,70.76,0.0,0.89,48.65,0.18,0.79,2.06,0.03
Tokyo,JP,35.6762,139.6503,2026-06-25,12,2026-06-25T12:00:00+00:00,1,131.34,0.0,13.45,58.75,6.77,4.65,5.52,0.14
Antananarivo,MG,-18.8792,47.5079,2026-06-25,13,2026-06-25T13:00:00+00:00,1,70.85,0.03,0.18,47.67,0.13,1.02,1.82,0.41
Cairo,EG,30.0444,31.2357,2026-06-25,13,2026-06-25T13:00:00+00:00,3,80.38,0.09,0.37,102.48,3.38,9.04,21.84,1.5
New York,US,40.7128,-74.006,2026-06-25,13,2026-06-25T13:00:00+00:00,1,154.21,1.66,8.69,28.84,1.62,7.38,9.15,1.22
Paris,FR,48.8566,2.3522,2026-06-25,13,2026-06-25T13:00:00+00:00,2,85.09,0.04,0.6,93.18,0.25,3.13,3.64,1.68
Sydney,AU,-33.8688,151.2093,2026-06-25,13,2026-06-25T13:00:00+00:00,1,70.68,0.0,0.93,45.96,0.16,0.78,1.94,0.03
Tokyo,JP,35.6762,139.6503,2026-06-25,13,2026-06-25T13:00:00+00:00,1,127.38,0.0,12.04,55.48,6.51,4.68,5.68,0.12
Antananarivo,MG,-18.8792,47.5079,2026-06-25,14,2026-06-25T14:00:00+00:00,1,79.61,0.02,0.38,44.5,0.18,1.34,2.45,0.6
Cairo,EG,30.0444,31.2357,2026-06-25,14,2026-06-25T14:00:00+00:00,2,79.21,0.08,0.38,98.8,2.46,7.64,19.52,1.37
New York,US,40.7128,-74.006,2026-06-25,14,2026-06-25T14:00:00+00:00,1,152.51,1.92,7.52,34.71,1.84,7.88,9.6,1.15
Paris,FR,48.8566,2.3522,2026-06-25,14,2026-06-25T14:00:00+00:00,2,84.96,0.04,0.65,92.9,0.22,2.78,3.16,1.77
Sydney,AU,-33.8688,151.2093,2026-06-25,14,2026-06-25T14:00:00+00:00,1,70.24,0.0,0.92,42.95,0.13,0.74,1.75,0.02
Tokyo,JP,35.6762,139.6503,2026-06-25,14,2026-06-25T14:00:00+00:00,1,119.45,0.0,9.68,52.46,5.5,4.63,6.12,0.07
Antananarivo,MG,-18.8792,47.5079,2026-06-25,15,2026-06-25T15:00:00+00:00,1,88.47,0.0,0.59,41.72,0.21,1.69,3.05,0.71
Cairo,EG,30.0444,31.2357,2026-06-25,15,2026-06-25T15:00:00+00:00,2,78.81,0.08,0.46,96.22,1.7,6.55,17.25,1.43
New York,US,40.7128,-74.006,2026-06-25,15,2026-06-25T15:00:00+00:00,1,147.43,1.59,6.05,47.31,2.1,8.57,10.23,1.12
Paris,FR,48.8566,2.3522,2026-06-25,15,2026-06-25T15:00:00+00:00,2,84.73,0.03,0.73,93.2,0.2,2.51,2.83,1.85
Sydney,AU,-33.8688,151.2093,2026-06-25,15,2026-06-25T15:00:00+00:00,1,69.11,0.0,0.82,41.07,0.11,0.69,1.6,0.02
Tokyo,JP,35.6762,139.6503,2026-06-25,15,2026-06-25T15:00:00+00:00,1,109.47,0.0,7.08,49.53,4.08,4.69,7.36,0.02
Antananarivo,MG,-18.8792,47.5079,2026-06-25,16,2026-06-25T16:00:00+00:00,1,96.85,0.0,0.73,38.72,0.23,2.08,3.69,0.79
Cairo,EG,30.0444,31.2357,2026-06-25,16,2026-06-25T16:00:00+00:00,2,80.15,0.06,0.69,96.31,1.53,6.56,18.88,1.73
New York,US,40.7128,-74.006,2026-06-25,16,2026-06-25T16:00:00+00:00,2,108.77,0.28,1.8,94.29,1.67,7.15,7.85,0.47
Paris,FR,48.8566,2.3522,2026-06-25,16,2026-06-25T16:00:00+00:00,2,84.9,0.04,0.93,92.98,0.2,2.42,2.74,1.97
Sydney,AU,-33.8688,151.2093,2026-06-25,16,2026-06-25T16:00:00+00:00,1,67.62,0.0,0.71,39.94,0.1,0.67,1.51,0.02
Tokyo,JP,35.6762,139.6503,2026-06-25,16,2026-06-25T16:00:00+00:00,1,100.5,0.0,4.83,47.39,2.73,5.07,9.81,0.01
Antananarivo,MG,-18.8792,47.5079,2026-06-25,17,2026-06-25T17:00:00+00:00,1,106.2,0.0,0.84,36.64,0.24,2.48,4.37,0.88
Cairo,EG,30.0444,31.2357,2026-06-25,17,2026-06-25T17:00:00+00:00,2,82.24,0.01,1.02,97.55,2.08,8.89,34.31,2.2
New York,US,40.7128,-74.006,2026-06-25,17,2026-06-25T17:00:00+00:00,2,100.87,0.15,0.89,98.38,1.09,6.14,6.66,0.42
Paris,FR,48.8566,2.3522,2026-06-25,17,2026-06-25T17:00:00+00:00,2,85.11,0.05,1.14,91.66,0.21,2.53,2.87,2.13
Sydney,AU,-33.8688,151.2093,2026-06-25,17,2026-06-25T17:00:00+00:00,1,66.72,0.0,0.65,39.97,0.1,0.65,1.47,0.02
Tokyo,JP,35.6762,139.6503,2026-06-25,17,2026-06-25T17:00:00+00:00,1,94.42,0.0,3.3,45.88,1.89,5.77,13.79,0.01
Antananarivo,MG,-18.8792,47.5079,2026-06-25,18,2026-06-25T18:00:00+00:00,1,109.55,0.0,0.82,35.62,0.23,2.59,4.62,0.76
Cairo,EG,30.0444,31.2357,2026-06-25,18,2026-06-25T18:00:00+00:00,3,84.85,0.0,1.17,99.45,3.12,13.07,61.92,2.58
New York,US,40.7128,-74.006,2026-06-25,18,2026-06-25T18:00:00+00:00,2,99.02,0.14,0.75,99.8,0.9,6.0,6.51,0.41
Paris,FR,48.8566,2.3522,2026-06-25,18,2026-06-25T18:00:00+00:00,2,85.74,0.05,1.24,91.13,0.23,2.76,3.15,2.29
Sydney,AU,-33.8688,151.2093,2026-06-25,18,2026-06-25T18:00:00+00:00,1,66.16,0.0,0.62,40.92,0.11,0.63,1.43,0.02
Tokyo,JP,35.6762,139.6503,2026-06-25,18,2026-06-25T18:00:00+00:00,1,91.44,0.0,2.41,44.29,1.47,6.27,16.61,0.01
Antananarivo,MG,-18.8792,47.5079,2026-06-25,19,2026-06-25T19:00:00+00:00,1,109.77,0.0,0.77,34.52,0.21,2.58,4.75,0.56
Cairo,EG,30.0444,31.2357,2026-06-25,19,2026-06-25T19:00:00+00:00,3,86.25,0.0,1.36,99.01,4.3,15.03,72.95,3.1
New York,US,40.7128,-74.006,2026-06-25,19,2026-06-25T19:00:00+00:00,3,98.71,0.13,0.72,101.8,0.8,6.0,6.51,0.4
Paris,FR,48.8566,2.3522,2026-06-25,19,2026-06-25T19:00:00+00:00,2,87.2,0.02,1.47,88.69,0.26,3.01,3.44,2.54
Sydney,AU,-33.8688,151.2093,2026-06-25,19,2026-06-25T19:00:00+00:00,1,65.97,0.0,0.63,41.97,0.11,0.61,1.39,0.02
Tokyo,JP,35.6762,139.6503,2026-06-25,19,2026-06-25T19:00:00+00:00,1,90.99,0.0,2.06,42.43,1.35,6.55,19.25,0.01
Antananarivo,MG,-18.8792,47.5079,2026-06-25,20,2026-06-25T20:00:00+00:00,1,117.39,0.0,0.85,33.17,0.21,2.92,5.28,0.51
Cairo,EG,30.0444,31.2357,2026-06-25,20,2026-06-25T20:00:00+00:00,3,88.73,0.0,1.97,98.17,6.19,13.67,58.86,4.14
New York,US,40.7128,-74.006,2026-06-25,20,2026-06-25T20:00:00+00:00,3,98.95,0.13,0.75,102.93,0.77,6.05,6.61,0.39
Paris,FR,48.8566,2.3522,2026-06-25,20,2026-06-25T20:00:00+00:00,2,89.41,0.0,1.79,84.63,0.27,3.22,3.67,2.83
Sydney,AU,-33.8688,151.2093,2026-06-25,20,2026-06-25T20:00:00+00:00,1,66.46,0.0,0.71,41.64,0.12,0.61,1.38,0.02
Tokyo,JP,35.6762,139.6503,2026-06-25,20,2026-06-25T20:00:00+00:00,2,90.45,0.0,1.99,40.27,1.33,6.94,21.21,0.01
Antananarivo,MG,-18.8792,47.5079,2026-06-25,21,2026-06-25T21:00:00+00:00,1,116.26,0.0,0.82,32.76,0.18,2.87,5.04,0.45
Cairo,EG,30.0444,31.2357,2026-06-25,21,2026-06-25T21:00:00+00:00,2,90.72,0.0,2.72,96.2,8.42,11.74,41.6,5.21
New York,US,40.7128,-74.006,2026-06-25,21,2026-06-25T21:00:00+00:00,3,99.82,0.14,0.86,103.54,0.78,6.2,6.87,0.38
Paris,FR,48.8566,2.3522,2026-06-25,21,2026-06-25T21:00:00+00:00,2,92.09,0.0,1.98,81.82,0.27,3.37,3.83,3.04
Sydney,AU,-33.8688,151.2093,2026-06-25,21,2026-06-25T21:00:00+00:00,1,69.3,0.01,1.12,40.5,0.15,0.66,1.45,0.04
Tokyo,JP,35.6762,139.6503,2026-06-25,21,2026-06-25T21:00:00+00:00,2,90.06,0.01,2.0,38.29,1.29,7.21,21.55,0.0
Antananarivo,MG,-18.8792,47.5079,2026-06-25,22,2026-06-25T22:00:00+00:00,1,115.47,0.0,0.81,32.07,0.16,2.82,4.85,0.48
Cairo,EG,30.0444,31.2357,2026-06-25,22,2026-06-25T22:00:00+00:00,2,90.56,0.0,3.21,91.68,9.74,10.6,32.69,6.46
New York,US,40.7128,-74.006,2026-06-25,22,2026-06-25T22:00:00+00:00,3,103.35,0.16,1.18,102.5,0.89,7.11,8.1,0.34
Paris,FR,48.8566,2.3522,2026-06-25,22,2026-06-25T22:00:00+00:00,2,90.44,0.0,2.28,69.14,0.22,3.38,3.81,3.19
Sydney,AU,-33.8688,151.2093,2026-06-25,22,2026-06-25T22:00:00+00:00,1,73.6,0.03,1.75,38.11,0.19,0.74,1.56,0.06
Tokyo,JP,35.6762,139.6503,2026-06-25,22,2026-06-25T22:00:00+00:00,2,90.11,0.06,2.01,36.98,1.29,7.27,21.66,0.0
Antananarivo,MG,-18.8792,47.5079,2026-06-25,23,2026-06-25T23:00:00+00:00,1,117.18,0.0,0.81,30.8,0.14,2.89,4.87,0.44
Cairo,EG,30.0444,31.2357,2026-06-25,23,2026-06-25T23:00:00+00:00,2,91.89,0.0,3.62,87.49,10.55,10.43,30.69,8.3
New York,US,40.7128,-74.006,2026-06-25,23,2026-06-25T23:00:00+00:00,3,107.96,0.13,1.56,100.55,1.02,8.53,10.18,0.26
Paris,FR,48.8566,2.3522,2026-06-25,23,2026-06-25T23:00:00+00:00,1,89.3,0.0,2.49,54.98,0.17,3.43,3.88,3.5
Sydney,AU,-33.8688,151.2093,2026-06-25,23,2026-06-25T23:00:00+00:00,1,76.36,0.17,1.67,36.29,0.2,0.79,1.63,0.06
Tokyo,JP,35.6762,139.6503,2026-06-25,23,2026-06-25T23:00:00+00:00,2,89.99,0.12,2.01,36.12,1.31,7.37,22.32,0.0
Antananarivo,MG,-18.8792,47.5079,2026-06-26,00,2026-06-26T00:00:00+00:00,1,117.08,0.0,0.8,30.17,0.12,2.89,4.81,0.39
Cairo,EG,30.0444,31.2357,2026-06-26,00,2026-06-26T00:00:00+00:00,2,94.27,0.0,3.98,83.27,11.37,10.7,31.68,10.21
New York,US,40.7128,-74.006,2026-06-26,00,2026-06-26T00:00:00+00:00,2,109.39,0.05,1.8,97.98,1.01,9.28,11.6,0.19
Paris,FR,48.8566,2.3522,2026-06-26,00,2026-06-26T00:00:00+00:00,1,88.16,0.0,2.49,44.55,0.14,3.49,4.0,3.84
Sydney,AU,-33.8688,151.2093,2026-06-26,00,2026-06-26T00:00:00+00:00,1,76.28,0.32,1.16,37.97,0.2,0.78,1.66,0.05
Tokyo,JP,35.6762,139.6503,2026-06-26,00,2026-06-26T00:00:00+00:00,2,89.57,0.17,1.92,36.12,1.32,7.4,22.91,0.0
Antananarivo,MG,-18.8792,47.5079,2026-06-26,01,2026-06-26T01:00:00+00:00,1,115.41,0.0,0.77,29.69,0.11,2.83,4.66,0.35
Cairo,EG,30.0444,31.2357,2026-06-26,01,2026-06-26T01:00:00+00:00,2,96.63,0.0,4.56,77.42,11.44,11.09,33.25,12.99
New York,US,40.7128,-74.006,2026-06-26,01,2026-06-26T01:00:00+00:00,2,106.99,0.0,1.75,94.4,0.91,9.32,12.13,0.15
Paris,FR,48.8566,2.3522,2026-06-26,01,2026-06-26T01:00:00+00:00,1,86.78,0.0,2.49,37.15,0.14,3.51,4.06,4.35
Sydney,AU,-33.8688,151.2093,2026-06-26,01,2026-06-26T01:00:00+00:00,1,71.86,0.14,0.65,52.07,0.2,0.62,1.46,0.03
Tokyo,JP,35.6762,139.6503,2026-06-26,01,2026-06-26T01:00:00+00:00,1,88.8,0.17,1.73,37.11,1.23,6.6,17.16,0.0
Antananarivo,MG,-18.8792,47.5079,2026-06-26,02,2026-06-26T02:00:00+00:00,1,113.35,0.0,0.75,29.56,0.1,2.7,4.47,0.34
Cairo,EG,30.0444,31.2357,2026-06-26,02,2026-06-26T02:00:00+00:00,2,99.5,0.0,5.31,71.53,10.57,11.72,35.55,16.7
New York,US,40.7128,-74.006,2026-06-26,02,2026-06-26T02:00:00+00:00,2,104.97,0.0,1.7,91.43,0.83,9.04,12.16,0.15
Paris,FR,48.8566,2.3522,2026-06-26,02,2026-06-26T02:00:00+00:00,1,86.46,0.0,2.49,31.52,0.14,3.49,4.06,4.71
Sydney,AU,-33.8688,151.2093,2026-06-26,02,2026-06-26T02:00:00+00:00,1,70.38,0.13,0.53,52.91,0.2,0.6,1.43,0.03
Tokyo,JP,35.6762,139.6503,2026-06-26,02,2026-06-26T02:00:00+00:00,1,87.71,0.16,1.52,38.64,1.09,5.57,11.69,0.0
Antananarivo,MG,-18.8792,47.5079,2026-06-26,03,2026-06-26T03:00:00+00:00,1,111.65,0.0,0.74,30.02,0.11,2.56,4.32,0.35
Cairo,EG,30.0444,31.2357,2026-06-26,03,2026-06-26T03:00:00+00:00,2,102.13,0.0,5.93,66.28,9.52,12.52,38.39,19.79
New York,US,40.7128,-74.006,2026-06-26,03,2026-06-26T03:00:00+00:00,2,103.3,0.0,1.74,88.39,0.78,8.53,11.77,0.18
Paris,FR,48.8566,2.3522,2026-06-26,03,2026-06-26T03:00:00+00:00,1,86.85,0.0,2.6,27.8,0.13,3.41,3.96,4.84
Sydney,AU,-33.8688,151.2093,2026-06-26,03,2026-06-26T03:00:00+00:00,1,68.81,0.11,0.45,54.93,0.2,0.59,1.41,0.04
Tokyo,JP,35.6762,139.6503,2026-06-26,03,2026-06-26T03:00:00+00:00,1,86.5,0.14,1.32,40.63,1.05,4.94,9.7,0.0
Antananarivo,MG,-18.8792,47.5079,2026-06-26,04,2026-06-26T04:00:00+00:00,1,110.04,0.0,0.76,32.22,0.16,2.54,4.56,0.44
Cairo,EG,30.0444,31.2357,2026-06-26,04,2026-06-26T04:00:00+00:00,2,103.7,0.09,6.45,61.75,8.93,13.2,41.16,21.63
New York,US,40.7128,-74.006,2026-06-26,04,2026-06-26T04:00:00+00:00,2,101.31,0.0,1.69,85.22,0.76,7.91,11.19,0.24
Paris,FR,48.8566,2.3522,2026-06-26,04,2026-06-26T04:00:00+00:00,1,89.11,0.0,2.32,43.15,0.16,3.09,3.62,4.43
Sydney,AU,-33.8688,151.2093,2026-06-26,04,2026-06-26T04:00:00+00:00,2,66.84,0.05,0.26,63.78,0.17,0.5,1.27,0.02
Tokyo,JP,35.6762,139.6503,2026-06-26,04,2026-06-26T04:00:00+00:00,1,85.34,0.13,1.14,42.55,0.98,4.5,8.67,0.01
Antananarivo,MG,-18.8792,47.5079,2026-06-26,05,2026-06-26T05:00:00+00:00,1,116.74,0.05,0.82,32.38,0.2,2.84,5.36,0.52
Cairo,EG,30.0444,31.2357,2026-06-26,05,2026-06-26T05:00:00+00:00,2,106.58,0.89,6.01,60.9,9.89,14.01,44.35,21.97
New York,US,40.7128,-74.006,2026-06-26,05,2026-06-26T05:00:00+00:00,2,99.9,0.0,1.59,82.85,0.75,7.45,10.79,0.31
Paris,FR,48.8566,2.3522,2026-06-26,05,2026-06-26T05:00:00+00:00,1,91.66,0.05,2.83,45.42,0.17,2.97,3.52,4.15
Sydney,AU,-33.8688,151.2093,2026-06-26,05,2026-06-26T05:00:00+00:00,2,66.43,0.04,0.25,64.9,0.16,0.5,1.19,0.01
Tokyo,JP,35.6762,139.6503,2026-06-26,05,2026-06-26T05:00:00+00:00,1,84.5,0.12,1.03,43.22,0.92,4.04,7.49,0.01
Antananarivo,MG,-18.8792,47.5079,2026-06-26,06,2026-06-26T06:00:00+00:00,1,116.7,0.11,0.67,33.8,0.22,2.86,5.48,0.61
Cairo,EG,30.0444,31.2357,2026-06-26,06,2026-06-26T06:00:00+00:00,2,108.13,1.48,4.86,66.36,12.07,15.34,48.56,19.88
New York,US,40.7128,-74.006,2026-06-26,06,2026-06-26T06:00:00+00:00,2,99.39,0.0,1.53,81.18,0.76,7.21,10.52,0.37
Paris,FR,48.8566,2.3522,2026-06-26,06,2026-06-26T06:00:00+00:00,1,93.7,0.54,3.33,43.2,0.18,3.01,3.59,4.06
Sydney,AU,-33.8688,151.2093,2026-06-26,06,2026-06-26T06:00:00+00:00,2,66.39,0.02,0.29,65.15,0.15,0.5,1.17,0.02
Tokyo,JP,35.6762,139.6503,2026-06-26,06,2026-06-26T06:00:00+00:00,1,84.71,0.12,1.02,42.16,0.86,3.49,6.41,0.01
Antananarivo,MG,-18.8792,47.5079,2026-06-26,07,2026-06-26T07:00:00+00:00,1,90.27,0.06,0.33,39.95,0.18,1.65,3.36,0.44
Cairo,EG,30.0444,31.2357,2026-06-26,07,2026-06-26T07:00:00+00:00,3,103.78,0.79,2.62,86.04,15.65,18.63,54.76,11.86
New York,US,40.7128,-74.006,2026-06-26,07,2026-06-26T07:00:00+00:00,2,99.32,0.0,1.53,79.73,0.82,7.11,10.22,0.42
Paris,FR,48.8566,2.3522,2026-06-26,07,2026-06-26T07:00:00+00:00,1,91.74,0.54,2.58,53.9,0.17,2.9,3.45,3.77
Sydney,AU,-33.8688,151.2093,2026-06-26,07,2026-06-26T07:00:00+00:00,1,68.17,0.01,0.73,59.98,0.16,0.5,1.24,0.04
Tokyo,JP,35.6762,139.6503,2026-06-26,07,2026-06-26T07:00:00+00:00,1,86.31,0.09,1.16,40.53,0.81,2.79,5.16,0.01
Antananarivo,MG,-18.8792,47.5079,2026-06-26,08,2026-06-26T08:00:00+00:00,1,83.73,0.05,0.23,40.93,0.18,1.5,3.05,0.44
Cairo,EG,30.0444,31.2357,2026-06-26,08,2026-06-26T08:00:00+00:00,3,99.6,0.33,1.28,101.19,14.12,22.25,58.6,8.78
New York,US,40.7128,-74.006,2026-06-26,08,2026-06-26T08:00:00+00:00,2,99.06,0.0,1.53,77.89,0.84,7.06,9.94,0.47
Paris,FR,48.8566,2.3522,2026-06-26,08,2026-06-26T08:00:00+00:00,2,90.43,0.51,2.02,60.67,0.16,3.14,3.84,3.64
Sydney,AU,-33.8688,151.2093,2026-06-26,08,2026-06-26T08:00:00+00:00,1,71.6,0.0,1.41,52.63,0.18,0.53,1.37,0.05
Tokyo,JP,35.6762,139.6503,2026-06-26,08,2026-06-26T08:00:00+00:00,1,88.65,0.06,1.5,39.19,0.82,2.24,4.07,0.01
Antananarivo,MG,-18.8792,47.5079,2026-06-26,09,2026-06-26T09:00:00+00:00,1,81.36,0.04,0.17,40.77,0.18,1.52,2.98,0.46
Cairo,EG,30.0444,31.2357,2026-06-26,09,2026-06-26T09:00:00+00:00,3,95.71,0.19,0.78,107.53,11.9,23.86,59.97,7.13
New York,US,40.7128,-74.006,2026-06-26,09,2026-06-26T09:00:00+00:00,2,98.89,0.0,1.55,76.04,0.85,6.95,9.64,0.54
Paris,FR,48.8566,2.3522,2026-06-26,09,2026-06-26T09:00:00+00:00,2,89.56,0.38,1.53,68.32,0.17,3.77,4.69,3.63
Sydney,AU,-33.8688,151.2093,2026-06-26,09,2026-06-26T09:00:00+00:00,1,74.31,0.0,1.75,47.96,0.2,0.61,1.51,0.06
Tokyo,JP,35.6762,139.6503,2026-06-26,09,2026-06-26T09:00:00+00:00,1,91.01,0.02,1.89,38.3,0.86,1.95,3.4,0.02
Antananarivo,MG,-18.8792,47.5079,2026-06-26,10,2026-06-26T10:00:00+00:00,1,71.99,0.03,0.11,43.12,0.13,1.02,2.0,0.32
Cairo,EG,30.0444,31.2357,2026-06-26,10,2026-06-26T10:00:00+00:00,2,88.54,0.11,0.44,99.5,6.4,16.97,40.59,3.7
New York,US,40.7128,-74.006,2026-06-26,10,2026-06-26T10:00:00+00:00,2,98.44,0.0,1.66,74.74,0.83,6.75,9.22,0.65
Paris,FR,48.8566,2.3522,2026-06-26,10,2026-06-26T10:00:00+00:00,2,89.37,0.22,1.0,81.69,0.16,4.26,5.39,3.36
Sydney,AU,-33.8688,151.2093,2026-06-26,10,2026-06-26T10:00:00+00:00,1,75.18,0.0,1.73,45.41,0.21,0.67,1.63,0.06
Tokyo,JP,35.6762,139.6503,2026-06-26,10,2026-06-26T10:00:00+00:00,1,92.74,0.0,2.27,37.23,0.97,1.96,3.45,0.02
Antananarivo,MG,-18.8792,47.5079,2026-06-26,11,2026-06-26T11:00:00+00:00,1,67.42,0.02,0.09,44.2,0.1,0.81,1.58,0.27
Cairo,EG,30.0444,31.2357,2026-06-26,11,2026-06-26T11:00:00+00:00,2,83.53,0.09,0.32,91.36,3.07,11.51,27.01,2.12
New York,US,40.7128,-74.006,2026-06-26,11,2026-06-26T11:00:00+00:00,2,99.69,0.0,2.19,73.67,0.89,6.45,8.87,0.83
Paris,FR,48.8566,2.3522,2026-06-26,11,2026-06-26T11:00:00+00:00,2,87.98,0.15,0.77,88.85,0.15,4.46,5.68,3.05
Sydney,AU,-33.8688,151.2093,2026-06-26,11,2026-06-26T11:00:00+00:00,1,75.07,0.0,1.52,44.76,0.2,0.7,1.66,0.05
Tokyo,JP,35.6762,139.6503,2026-06-26,11,2026-06-26T11:00:00+00:00,1,93.85,0.0,2.63,35.86,1.09,2.17,4.0,0.03
Antananarivo,MG,-18.8792,47.5079,2026-06-26,12,2026-06-26T12:00:00+00:00,1,66.02,0.02,0.09,44.18,0.1,0.75,1.45,0.26
Cairo,EG,30.0444,31.2357,2026-06-26,12,2026-06-26T12:00:00+00:00,2,81.61,0.08,0.29,87.44,1.83,9.36,22.35,1.67
New York,US,40.7128,-74.006,2026-06-26,12,2026-06-26T12:00:00+00:00,2,103.0,0.03,3.15,72.38,1.05,6.14,8.63,1.0
Paris,FR,48.8566,2.3522,2026-06-26,12,2026-06-26T12:00:00+00:00,2,87.19,0.13,0.68,91.92,0.15,4.73,6.03,2.98
Sydney,AU,-33.8688,151.2093,2026-06-26,12,2026-06-26T12:00:00+00:00,1,74.43,0.0,1.36,44.51,0.19,0.71,1.65,0.04
Tokyo,JP,35.6762,139.6503,2026-06-26,12,2026-06-26T12:00:00+00:00,1,94.43,0.0,2.88,34.57,1.17,2.36,4.53,0.04
Antananarivo,MG,-18.8792,47.5079,2026-06-26,13,2026-06-26T13:00:00+00:00,1,69.81,0.03,0.15,43.04,0.12,0.86,1.7,0.38
Cairo,EG,30.0444,31.2357,2026-06-26,13,2026-06-26T13:00:00+00:00,2,81.34,0.08,0.29,86.06,1.11,8.05,19.57,1.45
New York,US,40.7128,-74.006,2026-06-26,13,2026-06-26T13:00:00+00:00,2,106.95,0.14,3.7,72.74,1.29,6.0,8.61,1.13
Paris,FR,48.8566,2.3522,2026-06-26,13,2026-06-26T13:00:00+00:00,2,85.33,0.07,0.46,95.01,0.1,3.38,4.4,2.35
Sydney,AU,-33.8688,151.2093,2026-06-26,13,2026-06-26T13:00:00+00:00,1,73.35,0.0,1.25,43.76,0.17,0.69,1.57,0.04
Tokyo,JP,35.6762,139.6503,2026-06-26,13,2026-06-26T13:00:00+00:00,1,93.71,0.0,2.95,33.24,1.19,2.37,4.66,0.04
Antananarivo,MG,-18.8792,47.5079,2026-06-26,14,2026-06-26T14:00:00+00:00,1,77.45,0.03,0.31,40.67,0.16,1.11,2.23,0.55
Cairo,EG,30.0444,31.2357,2026-06-26,14,2026-06-26T14:00:00+00:00,2,80.67,0.08,0.32,84.58,0.71,7.26,17.75,1.36
New York,US,40.7128,-74.006,2026-06-26,14,2026-06-26T14:00:00+00:00,2,110.99,0.32,4.05,70.91,1.62,6.3,8.94,1.28
Paris,FR,48.8566,2.3522,2026-06-26,14,2026-06-26T14:00:00+00:00,2,83.5,0.05,0.42,93.92,0.08,2.59,3.46,1.99
Sydney,AU,-33.8688,151.2093,2026-06-26,14,2026-06-26T14:00:00+00:00,1,71.72,0.0,1.09,43.55,0.13,0.65,1.43,0.02
Tokyo,JP,35.6762,139.6503,2026-06-26,14,2026-06-26T14:00:00+00:00,1,91.92,0.0,2.83,31.86,1.21,2.43,4.8,0.04
Antananarivo,MG,-18.8792,47.5079,2026-06-26,15,2026-06-26T15:00:00+00:00,1,85.59,0.0,0.53,38.17,0.18,1.37,2.75,0.65
Cairo,EG,30.0444,31.2357,2026-06-26,15,2026-06-26T15:00:00+00:00,2,80.5,0.07,0.41,83.32,0.55,7.28,17.4,1.34
New York,US,40.7128,-74.006,2026-06-26,15,2026-06-26T15:00:00+00:00,2,115.99,0.49,4.2,71.23,2.0,6.92,9.37,1.35
Paris,FR,48.8566,2.3522,2026-06-26,15,2026-06-26T15:00:00+00:00,2,82.95,0.05,0.5,92.83,0.07,2.43,3.34,1.92
Sydney,AU,-33.8688,151.2093,2026-06-26,15,2026-06-26T15:00:00+00:00,1,69.49,0.0,0.84,43.99,0.11,0.58,1.28,0.01
Tokyo,JP,35.6762,139.6503,2026-06-26,15,2026-06-26T15:00:00+00:00,1,89.88,0.0,2.62,30.45,1.22,2.56,4.93,0.04
Antananarivo,MG,-18.8792,47.5079,2026-06-26,16,2026-06-26T16:00:00+00:00,1,92.21,0.0,0.65,35.27,0.19,1.61,3.19,0.71
Cairo,EG,30.0444,31.2357,2026-06-26,16,2026-06-26T16:00:00+00:00,2,82.29,0.07,0.79,83.12,0.69,8.1,18.75,2.17
New York,US,40.7128,-74.006,2026-06-26,16,2026-06-26T16:00:00+00:00,2,121.08,0.59,3.21,82.45,2.23,8.2,10.23,1.21
Paris,FR,48.8566,2.3522,2026-06-26,16,2026-06-26T16:00:00+00:00,2,82.91,0.1,1.23,86.61,0.08,2.43,3.38,2.02
Sydney,AU,-33.8688,151.2093,2026-06-26,16,2026-06-26T16:00:00+00:00,1,67.54,0.0,0.64,44.72,0.1,0.53,1.15,0.01
Tokyo,JP,35.6762,139.6503,2026-06-26,16,2026-06-26T16:00:00+00:00,1,88.02,0.0,2.29,29.12,1.16,2.61,5.19,0.04
Antananarivo,MG,-18.8792,47.5079,2026-06-26,17,2026-06-26T17:00:00+00:00,1,98.11,0.0,0.72,33.44,0.2,1.77,3.48,0.68
Cairo,EG,30.0444,31.2357,2026-06-26,17,2026-06-26T17:00:00+00:00,2,84.25,0.02,1.38,82.22,1.08,9.32,21.18,3.47
New York,US,40.7128,-74.006,2026-06-26,17,2026-06-26T17:00:00+00:00,2,124.05,0.29,2.52,96.65,2.28,9.92,11.58,1.04
Paris,FR,48.8566,2.3522,2026-06-26,17,2026-06-26T17:00:00+00:00,2,83.04,0.17,2.19,77.79,0.11,2.49,3.47,2.31
Sydney,AU,-33.8688,151.2093,2026-06-26,17,2026-06-26T17:00:00+00:00,1,66.26,0.0,0.52,46.16,0.1,0.5,1.05,0.01
Tokyo,JP,35.6762,139.6503,2026-06-26,17,2026-06-26T17:00:00+00:00,1,85.4,0.0,1.91,27.47,1.11,3.2,6.93,0.04
Antananarivo,MG,-18.8792,47.5079,2026-06-26,18,2026-06-26T18:00:00+00:00,1,100.29,0.0,0.71,32.66,0.19,1.75,3.46,0.53
Cairo,EG,30.0444,31.2357,2026-06-26,18,2026-06-26T18:00:00+00:00,2,85.72,0.0,1.61,82.41,1.56,10.89,25.3,4.22
New York,US,40.7128,-74.006,2026-06-26,18,2026-06-26T18:00:00+00:00,3,126.46,0.19,2.18,108.32,2.28,11.32,12.71,0.92
Paris,FR,48.8566,2.3522,2026-06-26,18,2026-06-26T18:00:00+00:00,2,83.26,0.17,2.73,71.88,0.14,2.54,3.55,2.64
Sydney,AU,-33.8688,151.2093,2026-06-26,18,2026-06-26T18:00:00+00:00,1,65.54,0.0,0.44,48.23,0.1,0.5,0.99,0.01
Tokyo,JP,35.6762,139.6503,2026-06-26,18,2026-06-26T18:00:00+00:00,1,83.68,0.0,1.57,25.81,1.11,4.51,9.55,0.04
Antananarivo,MG,-18.8792,47.5079,2026-06-26,19,2026-06-26T19:00:00+00:00,1,95.76,0.0,0.62,32.72,0.17,1.45,2.92,0.38
Cairo,EG,30.0444,31.2357,2026-06-26,19,2026-06-26T19:00:00+00:00,2,86.54,0.0,1.66,84.02,2.24,12.64,30.19,4.69
New York,US,40.7128,-74.006,2026-06-26,19,2026-06-26T19:00:00+00:00,3,123.88,0.1,1.83,111.21,1.73,8.87,9.77,0.66
Paris,FR,48.8566,2.3522,2026-06-26,19,2026-06-26T19:00:00+00:00,2,83.64,0.09,3.04,68.34,0.17,2.57,3.59,2.98
Sydney,AU,-33.8688,151.2093,2026-06-26,19,2026-06-26T19:00:00+00:00,1,65.28,0.0,0.41,48.65,0.1,0.5,0.92,0.01
Tokyo,JP,35.6762,139.6503,2026-06-26,19,2026-06-26T19:00:00+00:00,1,84.88,0.0,1.34,24.61,1.09,6.16,12.64,0.03
Antananarivo,MG,-18.8792,47.5079,2026-06-26,20,2026-06-26T20:00:00+00:00,1,94.79,0.0,0.59,32.55,0.15,1.32,2.66,0.33
Cairo,EG,30.0444,31.2357,2026-06-26,20,2026-06-26T20:00:00+00:00,2,88.5,0.0,1.83,87.73,3.64,14.65,34.51,5.06
New York,US,40.7128,-74.006,2026-06-26,20,2026-06-26T20:00:00+00:00,3,119.29,0.07,1.85,107.13,1.32,6.29,6.94,0.55
Paris,FR,48.8566,2.3522,2026-06-26,20,2026-06-26T20:00:00+00:00,2,85.2,0.01,3.19,65.12,0.22,2.64,3.65,3.08
Sydney,AU,-33.8688,151.2093,2026-06-26,20,2026-06-26T20:00:00+00:00,1,65.3,0.0,0.47,47.09,0.1,0.5,0.88,0.01
Tokyo,JP,35.6762,139.6503,2026-06-26,20,2026-06-26T20:00:00+00:00,1,86.03,0.0,1.35,23.15,1.02,6.37,12.3,0.02
Antananarivo,MG,-18.8792,47.5079,2026-06-26,21,2026-06-26T21:00:00+00:00,1,90.1,0.0,0.53,32.6,0.12,1.08,2.16,0.26
Cairo,EG,30.0444,31.2357,2026-06-26,21,2026-06-26T21:00:00+00:00,2,90.99,0.0,2.32,91.02,6.11,16.88,37.66,5.44
New York,US,40.7128,-74.006,2026-06-26,21,2026-06-26T21:00:00+00:00,3,117.69,0.06,2.21,103.65,1.2,5.29,5.89,0.56
Paris,FR,48.8566,2.3522,2026-06-26,21,2026-06-26T21:00:00+00:00,2,87.81,0.0,3.39,63.35,0.31,2.9,3.89,3.2
Sydney,AU,-33.8688,151.2093,2026-06-26,21,2026-06-26T21:00:00+00:00,1,67.01,0.0,0.76,46.09,0.13,0.5,0.93,0.03
Tokyo,JP,35.6762,139.6503,2026-06-26,21,2026-06-26T21:00:00+00:00,1,86.64,0.01,1.55,21.93,0.86,5.13,9.31,0.02
Antananarivo,MG,-18.8792,47.5079,2026-06-26,22,2026-06-26T22:00:00+00:00,1,83.74,0.0,0.44,33.1,0.09,0.81,1.57,0.2
Cairo,EG,30.0444,31.2357,2026-06-26,22,2026-06-26T22:00:00+00:00,2,92.12,0.0,2.93,90.05,9.09,18.87,39.85,6.11
New York,US,40.7128,-74.006,2026-06-26,22,2026-06-26T22:00:00+00:00,2,123.39,0.06,4.0,94.28,1.25,5.33,6.15,0.63
Paris,FR,48.8566,2.3522,2026-06-26,22,2026-06-26T22:00:00+00:00,2,89.43,0.0,3.45,61.0,0.39,3.41,4.34,3.36
Sydney,AU,-33.8688,151.2093,2026-06-26,22,2026-06-26T22:00:00+00:00,1,69.8,0.01,1.23,45.48,0.16,0.54,1.05,0.04
Tokyo,JP,35.6762,139.6503,2026-06-26,22,2026-06-26T22:00:00+00:00,1,86.98,0.06,1.8,21.99,0.73,3.19,5.63,0.02
Antananarivo,MG,-18.8792,47.5079,2026-06-26,23,2026-06-26T23:00:00+00:00,1,77.65,0.0,0.34,34.0,0.07,0.6,1.11,0.15
Cairo,EG,30.0444,31.2357,2026-06-26,23,2026-06-26T23:00:00+00:00,2,95.01,0.0,3.61,87.22,12.01,20.66,42.39,7.74
New York,US,40.7128,-74.006,2026-06-26,23,2026-06-26T23:00:00+00:00,2,134.17,0.05,6.65,81.51,1.4,6.0,7.21,0.73
Paris,FR,48.8566,2.3522,2026-06-26,23,2026-06-26T23:00:00+00:00,1,91.7,0.0,3.08,59.41,0.42,4.16,5.04,3.57
Sydney,AU,-33.8688,151.2093,2026-06-26,23,2026-06-26T23:00:00+00:00,1,70.81,0.1,1.18,46.95,0.17,0.53,1.08,0.04
Tokyo,JP,35.6762,139.6503,2026-06-26,23,2026-06-26T23:00:00+00:00,1,86.42,0.13,1.89,21.95,0.76,2.6,4.89,0.02
Antananarivo,MG,-18.8792,47.5079,2026-06-27,00,2026-06-27T00:00:00+00:00,1,71.48,0.0,0.26,35.62,0.06,0.5,0.81,0.12
Cairo,EG,30.0444,31.2357,2026-06-27,00,2026-06-27T00:00:00+00:00,2,99.21,0.0,4.36,83.03,14.77,21.78,44.45,9.72
New York,US,40.7128,-74.006,2026-06-27,00,2026-06-27T00:00:00+00:00,2,143.16,0.01,8.48,73.2,1.53,6.68,8.21,0.83
Paris,FR,48.8566,2.3522,2026-06-27,00,2026-06-27T00:00:00+00:00,1,93.29,0.0,2.56,57.97,0.41,4.91,5.71,3.77
Sydney,AU,-33.8688,151.2093,2026-06-27,00,2026-06-27T00:00:00+00:00,1,68.79,0.12,0.74,52.33,0.18,0.5,0.97,0.03
Tokyo,JP,35.6762,139.6503,2026-06-27,00,2026-06-27T00:00:00+00:00,1,85.04,0.18,1.77,21.37,0.84,3.04,5.65,0.02
Antananarivo,MG,-18.8792,47.5079,2026-06-27,01,2026-06-27T01:00:00+00:00,1,65.17,0.0,0.19,38.77,0.05,0.5,0.62,0.1
Cairo,EG,30.0444,31.2357,2026-06-27,01,2026-06-27T01:00:00+00:00,2,102.93,0.0,5.14,77.47,16.42,22.04,45.38,12.01
New York,US,40.7128,-74.006,2026-06-27,01,2026-06-27T01:00:00+00:00,2,151.71,0.0,9.72,60.59,1.33,7.39,9.25,0.77
Paris,FR,48.8566,2.3522,2026-06-27,01,2026-06-27T01:00:00+00:00,1,93.1,0.0,2.16,55.41,0.36,5.33,6.05,3.91
Sydney,AU,-33.8688,151.2093,2026-06-27,01,2026-06-27T01:00:00+00:00,1,67.2,0.06,0.43,59.47,0.18,0.5,0.82,0.02
Tokyo,JP,35.6762,139.6503,2026-06-27,01,2026-06-27T01:00:00+00:00,1,84.01,0.2,1.55,21.24,0.94,3.74,6.68,0.02
Antananarivo,MG,-18.8792,47.5079,2026-06-27,02,2026-06-27T02:00:00+00:00,1,62.89,0.0,0.17,40.39,0.05,0.5,0.62,0.11
Cairo,EG,30.0444,31.2357,2026-06-27,02,2026-06-27T02:00:00+00:00,2,107.2,0.0,5.95,72.12,16.89,22.37,46.63,14.68
New York,US,40.7128,-74.006,2026-06-27,02,2026-06-27T02:00:00+00:00,1,161.26,0.0,10.86,46.29,1.02,7.99,10.09,0.65
Paris,FR,48.8566,2.3522,2026-06-27,02,2026-06-27T02:00:00+00:00,1,93.98,0.0,1.98,54.05,0.33,5.52,6.2,4.05
Sydney,AU,-33.8688,151.2093,2026-06-27,02,2026-06-27T02:00:00+00:00,1,66.65,0.05,0.38,59.48,0.17,0.5,0.77,0.02
Tokyo,JP,35.6762,139.6503,2026-06-27,02,2026-06-27T02:00:00+00:00,1,84.06,0.2,1.37,21.85,1.0,3.97,7.0,0.02
Antananarivo,MG,-18.8792,47.5079,2026-06-27,03,2026-06-27T03:00:00+00:00,1,62.38,0.0,0.16,41.99,0.05,0.5,0.69,0.12
Cairo,EG,30.0444,31.2357,2026-06-27,03,2026-06-27T03:00:00+00:00,2,111.5,0.0,6.7,67.17,16.45,22.97,48.62,17.24
New York,US,40.7128,-74.006,2026-06-27,03,2026-06-27T03:00:00+00:00,1,169.44,0.0,11.83,35.85,0.85,8.41,10.6,0.62
Paris,FR,48.8566,2.3522,2026-06-27,03,2026-06-27T03:00:00+00:00,1,95.21,0.0,1.97,55.16,0.35,5.55,6.24,3.99
Sydney,AU,-33.8688,151.2093,2026-06-27,03,2026-06-27T03:00:00+00:00,1,66.33,0.04,0.34,59.8,0.16,0.5,0.72,0.01
Tokyo,JP,35.6762,139.6503,2026-06-27,03,2026-06-27T03:00:00+00:00,1,83.97,0.21,1.25,22.99,1.05,3.84,6.78,0.03
Antananarivo,MG,-18.8792,47.5079,2026-06-27,04,2026-06-27T04:00:00+00:00,1,64.39,0.0,0.2,43.47,0.07,0.5,0.93,0.17
Cairo,EG,30.0444,31.2357,2026-06-27,04,2026-06-27T04:00:00+00:00,3,114.19,0.09,7.59,62.02,15.52,23.22,50.08,19.13
New York,US,40.7128,-74.006,2026-06-27,04,2026-06-27T04:00:00+00:00,1,171.92,0.0,11.78,29.43,0.78,8.69,10.81,0.58
Paris,FR,48.8566,2.3522,2026-06-27,04,2026-06-27T04:00:00+00:00,1,95.6,0.0,2.12,55.43,0.4,5.51,6.29,3.75
Sydney,AU,-33.8688,151.2093,2026-06-27,04,2026-06-27T04:00:00+00:00,2,66.34,0.02,0.3,61.03,0.14,0.5,0.67,0.01
Tokyo,JP,35.6762,139.6503,2026-06-27,04,2026-06-27T04:00:00+00:00,1,83.79,0.18,1.25,24.11,1.04,3.42,6.15,0.04
Antananarivo,MG,-18.8792,47.5079,2026-06-27,05,2026-06-27T05:00:00+00:00,1,66.88,0.02,0.22,44.92,0.09,0.52,1.18,0.23
Cairo,EG,30.0444,31.2357,2026-06-27,05,2026-06-27T05:00:00+00:00,3,116.29,1.02,7.25,60.98,15.34,23.72,52.38,20.2
New York,US,40.7128,-74.006,2026-06-27,05,2026-06-27T05:00:00+00:00,1,169.0,0.0,10.29,26.4,0.68,8.93,10.9,0.45
Paris,FR,48.8566,2.3522,2026-06-27,05,2026-06-27T05:00:00+00:00,1,96.11,0.02,2.68,52.0,0.45,5.55,6.48,3.65
Sydney,AU,-33.8688,151.2093,2026-06-27,05,2026-06-27T05:00:00+00:00,2,66.29,0.02,0.34,60.07,0.13,0.5,0.65,0.01
Tokyo,JP,35.6762,139.6503,2026-06-27,05,2026-06-27T05:00:00+00:00,1,83.58,0.14,1.29,25.06,1.07,3.34,6.19,0.04
Antananarivo,MG,-18.8792,47.5079,2026-06-27,06,2026-06-27T06:00:00+00:00,1,68.66,0.04,0.19,46.22,0.11,0.54,1.34,0.29
Cairo,EG,30.0444,31.2357,2026-06-27,06,2026-06-27T06:00:00+00:00,3,116.54,1.81,5.93,65.1,15.83,25.12,55.91,19.84
New York,US,40.7128,-74.006,2026-06-27,06,2026-06-27T06:00:00+00:00,1,164.47,0.0,8.65,24.43,0.59,9.07,10.89,0.33
Paris,FR,48.8566,2.3522,2026-06-27,06,2026-06-27T06:00:00+00:00,1,96.79,0.25,3.2,48.5,0.48,5.61,6.71,3.62
Sydney,AU,-33.8688,151.2093,2026-06-27,06,2026-06-27T06:00:00+00:00,1,66.42,0.01,0.4,58.96,0.13,0.5,0.63,0.01
Tokyo,JP,35.6762,139.6503,2026-06-27,06,2026-06-27T06:00:00+00:00,1,84.13,0.1,1.33,26.41,1.13,3.59,6.78,0.04
Antananarivo,MG,-18.8792,47.5079,2026-06-27,07,2026-06-27T07:00:00+00:00,1,67.98,0.04,0.13,48.63,0.12,0.54,1.38,0.32
Cairo,EG,30.0444,31.2357,2026-06-27,07,2026-06-27T07:00:00+00:00,3,113.5,1.43,4.1,78.94,16.29,27.79,60.09,16.36
New York,US,40.7128,-74.006,2026-06-27,07,2026-06-27T07:00:00+00:00,1,160.19,0.0,7.47,22.46,0.59,9.12,10.69,0.25
Paris,FR,48.8566,2.3522,2026-06-27,07,2026-06-27T07:00:00+00:00,1,96.61,0.65,3.08,47.24,0.5,5.62,6.85,3.67
Sydney,AU,-33.8688,151.2093,2026-06-27,07,2026-06-27T07:00:00+00:00,1,67.4,0.0,0.67,53.75,0.13,0.5,0.67,0.02
Tokyo,JP,35.6762,139.6503,2026-06-27,07,2026-06-27T07:00:00+00:00,1,87.63,0.07,1.48,28.51,1.23,3.71,7.29,0.05
Antananarivo,MG,-18.8792,47.5079,2026-06-27,08,2026-06-27T08:00:00+00:00,1,66.97,0.03,0.1,49.21,0.12,0.6,1.44,0.33
Cairo,EG,30.0444,31.2357,2026-06-27,08,2026-06-27T08:00:00+00:00,3,107.46,0.6,2.11,100.12,15.54,32.3,64.99,12.49
New York,US,40.7128,-74.006,2026-06-27,08,2026-06-27T08:00:00+00:00,1,156.89,0.0,6.62,20.01,0.57,9.19,10.49,0.2
Paris,FR,48.8566,2.3522,2026-06-27,08,2026-06-27T08:00:00+00:00,1,96.09,0.79,2.66,50.25,0.52,5.79,7.12,3.6
Sydney,AU,-33.8688,151.2093,2026-06-27,08,2026-06-27T08:00:00+00:00,1,69.3,0.0,1.04,47.38,0.14,0.5,0.73,0.03
Tokyo,JP,35.6762,139.6503,2026-06-27,08,2026-06-27T08:00:00+00:00,1,97.62,0.04,2.02,32.27,1.37,3.94,8.15,0.06
Antananarivo,MG,-18.8792,47.5079,2026-06-27,09,2026-06-27T09:00:00+00:00,1,65.72,0.02,0.07,48.74,0.12,0.65,1.47,0.32
Cairo,EG,30.0444,31.2357,2026-06-27,09,2026-06-27T09:00:00+00:00,3,102.25,0.26,1.1,113.76,14.79,36.47,70.6,9.5
New York,US,40.7128,-74.006,2026-06-27,09,2026-06-27T09:00:00+00:00,1,153.93,0.01,6.09,17.88,0.56,9.31,10.42,0.18
Paris,FR,48.8566,2.3522,2026-06-27,09,2026-06-27T09:00:00+00:00,1,96.01,0.59,2.06,59.61,0.53,6.59,8.0,3.51
Sydney,AU,-33.8688,151.2093,2026-06-27,09,2026-06-27T09:00:00+00:00,1,70.89,0.0,1.24,44.02,0.15,0.5,0.78,0.04
Tokyo,JP,35.6762,139.6503,2026-06-27,09,2026-06-27T09:00:00+00:00,1,112.48,0.02,2.87,37.44,1.4,4.62,9.31,0.06
Antananarivo,MG,-18.8792,47.5079,2026-06-27,10,2026-06-27T10:00:00+00:00,1,62.41,0.02,0.05,50.52,0.09,0.52,1.1,0.22
Cairo,EG,30.0444,31.2357,2026-06-27,10,2026-06-27T10:00:00+00:00,3,90.97,0.13,0.54,107.49,8.44,23.76,45.96,4.08
New York,US,40.7128,-74.006,2026-06-27,10,2026-06-27T10:00:00+00:00,1,152.11,0.02,5.96,17.85,0.57,9.44,10.44,0.18
Paris,FR,48.8566,2.3522,2026-06-27,10,2026-06-27T10:00:00+00:00,2,97.04,0.23,1.3,78.72,0.55,7.31,8.68,3.72
Sydney,AU,-33.8688,151.2093,2026-06-27,10,2026-06-27T10:00:00+00:00,1,71.43,0.0,1.24,42.79,0.16,0.51,0.8,0.04
Tokyo,JP,35.6762,139.6503,2026-06-27,10,2026-06-27T10:00:00+00:00,1,121.75,0.01,4.16,40.27,1.73,6.02,13.68,0.08
Antananarivo,MG,-18.8792,47.5079,2026-06-27,11,2026-06-27T11:00:00+00:00,1,61.28,0.02,0.05,50.85,0.08,0.51,0.98,0.2
Cairo,EG,30.0444,31.2357,2026-06-27,11,2026-06-27T11:00:00+00:00,3,84.68,0.09,0.36,100.66,4.88,15.62,31.17,2.01
New York,US,40.7128,-74.006,2026-06-27,11,2026-06-27T11:00:00+00:00,1,157.38,0.18,6.9,17.71,0.61,9.76,10.76,0.21
Paris,FR,48.8566,2.3522,2026-06-27,11,2026-06-27T11:00:00+00:00,2,96.24,0.12,1.04,86.33,0.53,7.78,9.12,3.64
Sydney,AU,-33.8688,151.2093,2026-06-27,11,2026-06-27T11:00:00+00:00,1,71.35,0.0,1.11,42.94,0.15,0.52,0.78,0.04
Tokyo,JP,35.6762,139.6503,2026-06-27,11,2026-06-27T11:00:00+00:00,1,122.48,0.0,6.15,36.27,2.36,6.04,14.08,0.12
Antananarivo,MG,-18.8792,47.5079,2026-06-27,12,2026-06-27T12:00:00+00:00,1,61.22,0.02,0.06,50.19,0.08,0.52,1.03,0.2
Cairo,EG,30.0444,31.2357,2026-06-27,12,2026-06-27T12:00:00+00:00,2,82.02,0.09,0.33,98.69,3.72,12.93,27.05,1.55
New York,US,40.7128,-74.006,2026-06-27,12,2026-06-27T12:00:00+00:00,2,170.02,0.89,8.51,17.57,0.69,10.17,11.2,0.26
Paris,FR,48.8566,2.3522,2026-06-27,12,2026-06-27T12:00:00+00:00,2,94.92,0.07,1.02,88.94,0.5,7.8,9.08,3.45
Sydney,AU,-33.8688,151.2093,2026-06-27,12,2026-06-27T12:00:00+00:00,1,70.89,0.0,0.97,43.42,0.14,0.51,0.75,0.03
Tokyo,JP,35.6762,139.6503,2026-06-27,12,2026-06-27T12:00:00+00:00,1,125.72,0.0,9.53,29.72,3.14,5.07,10.37,0.17
Antananarivo,MG,-18.8792,47.5079,2026-06-27,13,2026-06-27T13:00:00+00:00,1,62.6,0.02,0.09,49.2,0.08,0.57,1.18,0.24
Cairo,EG,30.0444,31.2357,2026-06-27,13,2026-06-27T13:00:00+00:00,2,81.52,0.08,0.33,98.39,2.89,10.95,24.36,1.42
New York,US,40.7128,-74.006,2026-06-27,13,2026-06-27T13:00:00+00:00,2,178.85,1.52,9.23,19.27,0.75,10.61,11.66,0.25
Paris,FR,48.8566,2.3522,2026-06-27,13,2026-06-27T13:00:00+00:00,2,91.46,0.04,0.75,91.47,0.35,6.1,7.2,2.91
Sydney,AU,-33.8688,151.2093,2026-06-27,13,2026-06-27T13:00:00+00:00,1,70.15,0.0,0.87,43.61,0.13,0.5,0.7,0.03
Tokyo,JP,35.6762,139.6503,2026-06-27,13,2026-06-27T13:00:00+00:00,1,136.59,0.0,13.64,26.83,3.58,5.58,9.17,0.24
Antananarivo,MG,-18.8792,47.5079,2026-06-27,14,2026-06-27T14:00:00+00:00,1,65.13,0.01,0.15,47.58,0.09,0.67,1.4,0.29
Cairo,EG,30.0444,31.2357,2026-06-27,14,2026-06-27T14:00:00+00:00,2,80.37,0.08,0.35,96.48,2.19,9.22,22.26,1.47
New York,US,40.7128,-74.006,2026-06-27,14,2026-06-27T14:00:00+00:00,2,180.63,1.75,8.83,21.75,0.76,11.04,12.1,0.2
Paris,FR,48.8566,2.3522,2026-06-27,14,2026-06-27T14:00:00+00:00,2,88.84,0.04,0.58,92.35,0.22,4.95,6.05,2.38
Sydney,AU,-33.8688,151.2093,2026-06-27,14,2026-06-27T14:00:00+00:00,1,68.95,0.0,0.76,43.4,0.11,0.5,0.61,0.02
Tokyo,JP,35.6762,139.6503,2026-06-27,14,2026-06-27T14:00:00+00:00,1,141.37,0.0,14.5,27.22,3.56,6.3,9.89,0.34
Antananarivo,MG,-18.8792,47.5079,2026-06-27,15,2026-06-27T15:00:00+00:00,1,67.84,0.0,0.22,45.93,0.1,0.77,1.6,0.3
Cairo,EG,30.0444,31.2357,2026-06-27,15,2026-06-27T15:00:00+00:00,2,79.73,0.07,0.42,94.59,1.66,7.93,20.81,1.63
New York,US,40.7128,-74.006,2026-06-27,15,2026-06-27T15:00:00+00:00,2,177.22,1.57,7.81,28.33,0.86,11.55,12.6,0.18
Paris,FR,48.8566,2.3522,2026-06-27,15,2026-06-27T15:00:00+00:00,2,87.49,0.04,0.52,92.78,0.16,4.41,5.48,2.04
Sydney,AU,-33.8688,151.2093,2026-06-27,15,2026-06-27T15:00:00+00:00,1,67.5,0.0,0.62,43.28,0.1,0.5,0.54,0.01
Tokyo,JP,35.6762,139.6503,2026-06-27,15,2026-06-27T15:00:00+00:00,1,138.62,0.0,13.84,28.03,3.35,6.28,10.17,0.42
Antananarivo,MG,-18.8792,47.5079,2026-06-27,16,2026-06-27T16:00:00+00:00,1,73.24,0.0,0.32,42.47,0.12,1.0,2.03,0.37
Cairo,EG,30.0444,31.2357,2026-06-27,16,2026-06-27T16:00:00+00:00,2,80.78,0.08,0.91,92.47,1.51,7.41,21.47,3.38
New York,US,40.7128,-74.006,2026-06-27,16,2026-06-27T16:00:00+00:00,2,153.28,0.36,4.61,74.49,1.33,13.15,13.82,0.15
Paris,FR,48.8566,2.3522,2026-06-27,16,2026-06-27T16:00:00+00:00,2,85.9,0.06,0.56,91.13,0.12,4.14,5.18,1.82
Sydney,AU,-33.8688,151.2093,2026-06-27,16,2026-06-27T16:00:00+00:00,1,66.18,0.0,0.5,43.54,0.09,0.5,0.52,0.01
Tokyo,JP,35.6762,139.6503,2026-06-27,16,2026-06-27T16:00:00+00:00,1,131.06,0.0,12.43,28.12,2.88,5.73,9.97,0.41
Antananarivo,MG,-18.8792,47.5079,2026-06-27,17,2026-06-27T17:00:00+00:00,1,81.4,0.0,0.44,39.55,0.15,1.31,2.63,0.47
Cairo,EG,30.0444,31.2357,2026-06-27,17,2026-06-27T17:00:00+00:00,2,83.29,0.03,1.94,88.15,1.68,7.35,22.98,6.22
New York,US,40.7128,-74.006,2026-06-27,17,2026-06-27T17:00:00+00:00,2,145.76,0.19,3.09,85.25,0.99,13.06,13.54,0.12
Paris,FR,48.8566,2.3522,2026-06-27,17,2026-06-27T17:00:00+00:00,2,85.63,0.07,0.73,88.37,0.11,4.12,5.17,1.83
Sydney,AU,-33.8688,151.2093,2026-06-27,17,2026-06-27T17:00:00+00:00,1,65.4,0.0,0.43,44.83,0.09,0.5,0.53,0.01
Tokyo,JP,35.6762,139.6503,2026-06-27,17,2026-06-27T17:00:00+00:00,1,123.77,0.0,10.59,28.31,2.47,5.25,10.41,0.31
Antananarivo,MG,-18.8792,47.5079,2026-06-27,18,2026-06-27T18:00:00+00:00,1,87.57,0.0,0.52,37.69,0.15,1.57,3.09,0.49
Cairo,EG,30.0444,31.2357,2026-06-27,18,2026-06-27T18:00:00+00:00,2,85.55,0.0,2.74,83.37,1.88,7.48,24.14,8.44
New York,US,40.7128,-74.006,2026-06-27,18,2026-06-27T18:00:00+00:00,2,141.45,0.13,2.41,89.97,0.76,12.79,13.16,0.11
Paris,FR,48.8566,2.3522,2026-06-27,18,2026-06-27T18:00:00+00:00,2,86.22,0.06,0.86,86.28,0.11,4.12,5.16,1.92
Sydney,AU,-33.8688,151.2093,2026-06-27,18,2026-06-27T18:00:00+00:00,1,65.05,0.0,0.38,46.45,0.09,0.5,0.52,0.01
Tokyo,JP,35.6762,139.6503,2026-06-27,18,2026-06-27T18:00:00+00:00,1,118.6,0.0,8.68,29.89,2.28,5.16,11.96,0.23
Antananarivo,MG,-18.8792,47.5079,2026-06-27,19,2026-06-27T19:00:00+00:00,1,90.31,0.0,0.56,36.09,0.15,1.73,3.38,0.4
Cairo,EG,30.0444,31.2357,2026-06-27,19,2026-06-27T19:00:00+00:00,2,86.83,0.0,3.27,79.03,1.97,7.69,24.66,9.96
New York,US,40.7128,-74.006,2026-06-27,19,2026-06-27T19:00:00+00:00,2,138.03,0.1,2.16,91.79,0.62,12.19,12.49,0.11
Paris,FR,48.8566,2.3522,2026-06-27,19,2026-06-27T19:00:00+00:00,2,87.28,0.04,1.17,80.12,0.11,4.1,5.13,2.25
Sydney,AU,-33.8688,151.2093,2026-06-27,19,2026-06-27T19:00:00+00:00,1,64.6,0.0,0.38,45.82,0.1,0.5,0.52,0.01
Tokyo,JP,35.6762,139.6503,2026-06-27,19,2026-06-27T19:00:00+00:00,1,117.0,0.0,6.91,33.47,2.2,5.6,14.33,0.18
Antananarivo,MG,-18.8792,47.5079,2026-06-27,20,2026-06-27T20:00:00+00:00,1,90.73,0.0,0.55,35.49,0.14,1.74,3.36,0.32
Cairo,EG,30.0444,31.2357,2026-06-27,20,2026-06-27T20:00:00+00:00,2,88.16,0.0,3.41,78.42,1.9,8.25,25.64,10.62
New York,US,40.7128,-74.006,2026-06-27,20,2026-06-27T20:00:00+00:00,2,136.04,0.09,2.17,91.31,0.53,11.59,11.85,0.12
Paris,FR,48.8566,2.3522,2026-06-27,20,2026-06-27T20:00:00+00:00,2,87.68,0.01,1.6,70.57,0.11,3.99,4.99,2.71
Sydney,AU,-33.8688,151.2093,2026-06-27,20,2026-06-27T20:00:00+00:00,1,64.33,0.0,0.47,42.78,0.11,0.5,0.52,0.01
Tokyo,JP,35.6762,139.6503,2026-06-27,20,2026-06-27T20:00:00+00:00,1,118.83,0.0,5.86,37.07,2.2,6.44,16.45,0.17
Antananarivo,MG,-18.8792,47.5079,2026-06-27,21,2026-06-27T21:00:00+00:00,1,86.59,0.0,0.48,35.65,0.11,1.53,2.93,0.24
Cairo,EG,30.0444,31.2357,2026-06-27,21,2026-06-27T21:00:00+00:00,2,89.23,0.0,3.11,82.87,2.5,10.85,33.24,10.19
New York,US,40.7128,-74.006,2026-06-27,21,2026-06-27T21:00:00+00:00,2,135.84,0.08,2.39,90.38,0.47,11.15,11.41,0.13
Paris,FR,48.8566,2.3522,2026-06-27,21,2026-06-27T21:00:00+00:00,2,87.4,0.0,1.87,63.1,0.11,3.72,4.66,3.12
Sydney,AU,-33.8688,151.2093,2026-06-27,21,2026-06-27T21:00:00+00:00,1,65.9,0.0,0.77,40.59,0.15,0.5,0.52,0.03
Tokyo,JP,35.6762,139.6503,2026-06-27,21,2026-06-27T21:00:00+00:00,1,121.79,0.11,5.55,38.85,2.28,7.17,17.2,0.19
Antananarivo,MG,-18.8792,47.5079,2026-06-27,22,2026-06-27T22:00:00+00:00,1,83.71,0.0,0.44,35.49,0.09,1.37,2.63,0.2
Cairo,EG,30.0444,31.2357,2026-06-27,22,2026-06-27T22:00:00+00:00,2,90.29,0.0,3.02,89.56,5.4,15.37,42.31,9.2
New York,US,40.7128,-74.006,2026-06-27,22,2026-06-27T22:00:00+00:00,2,138.04,0.1,2.89,85.99,0.46,11.15,11.45,0.13
Paris,FR,48.8566,2.3522,2026-06-27,22,2026-06-27T22:00:00+00:00,1,85.63,0.0,2.02,55.64,0.09,3.37,4.24,3.34
Sydney,AU,-33.8688,151.2093,2026-06-27,22,2026-06-27T22:00:00+00:00,1,68.76,0.01,1.23,38.55,0.19,0.5,0.65,0.05
Tokyo,JP,35.6762,139.6503,2026-06-27,22,2026-06-27T22:00:00+00:00,1,123.94,0.46,5.56,39.65,2.44,7.52,16.29,0.23
Antananarivo,MG,-18.8792,47.5079,2026-06-27,23,2026-06-27T23:00:00+00:00,1,83.66,0.0,0.45,34.68,0.08,1.36,2.61,0.21
Cairo,EG,30.0444,31.2357,2026-06-27,23,2026-06-27T23:00:00+00:00,2,95.75,0.0,4.2,90.06,9.24,18.78,46.22,11.74
New York,US,40.7128,-74.006,2026-06-27,23,2026-06-27T23:00:00+00:00,2,140.17,0.1,3.24,80.81,0.47,11.4,11.81,0.12
Paris,FR,48.8566,2.3522,2026-06-27,23,2026-06-27T23:00:00+00:00,1,85.32,0.0,1.96,50.68,0.08,3.14,3.95,3.52
Sydney,AU,-33.8688,151.2093,2026-06-27,23,2026-06-27T23:00:00+00:00,1,70.38,0.07,1.23,38.09,0.2,0.5,0.7,0.05
Tokyo,JP,35.6762,139.6503,2026-06-27,23,2026-06-27T23:00:00+00:00,1,126.33,0.9,5.71,41.36,2.67,7.75,14.97,0.27
Antananarivo,MG,-18.8792,47.5079,2026-06-28,00,2026-06-28T00:00:00+00:00,1,83.11,0.0,0.45,34.25,0.08,1.34,2.59,0.22
Cairo,EG,30.0444,31.2357,2026-06-28,00,2026-06-28T00:00:00+00:00,2,102.54,0.0,5.58,85.67,12.39,20.21,48.06,15.17
New York,US,40.7128,-74.006,2026-06-28,00,2026-06-28T00:00:00+00:00,2,141.04,0.04,3.33,77.61,0.49,11.55,12.1,0.09
Paris,FR,48.8566,2.3522,2026-06-28,00,2026-06-28T00:00:00+00:00,1,85.63,0.0,1.76,49.17,0.07,2.94,3.7,3.69
Sydney,AU,-33.8688,151.2093,2026-06-28,00,2026-06-28T00:00:00+00:00,1,69.62,0.12,0.87,42.07,0.2,0.5,0.66,0.03
Tokyo,JP,35.6762,139.6503,2026-06-28,00,2026-06-28T00:00:00+00:00,1,128.22,1.16,5.6,46.09,2.89,8.02,13.74,0.28
Antananarivo,MG,-18.8792,47.5079,2026-06-28,01,2026-06-28T01:00:00+00:00,1,82.84,0.0,0.45,33.71,0.07,1.34,2.58,0.24
Cairo,EG,30.0444,31.2357,2026-06-28,01,2026-06-28T01:00:00+00:00,2,106.47,0.0,6.43,78.32,13.28,19.76,48.86,17.82
New York,US,40.7128,-74.006,2026-06-28,01,2026-06-28T01:00:00+00:00,2,141.83,0.0,3.29,70.99,0.48,11.68,12.44,0.08
Paris,FR,48.8566,2.3522,2026-06-28,01,2026-06-28T01:00:00+00:00,1,85.47,0.0,1.55,48.74,0.07,2.76,3.48,3.6
Sydney,AU,-33.8688,151.2093,2026-06-28,01,2026-06-28T01:00:00+00:00,1,67.68,0.09,0.55,51.42,0.2,0.5,0.52,0.02
Tokyo,JP,35.6762,139.6503,2026-06-28,01,2026-06-28T01:00:00+00:00,1,128.74,0.97,5.29,54.21,3.1,8.51,12.83,0.25
Antananarivo,MG,-18.8792,47.5079,2026-06-28,02,2026-06-28T02:00:00+00:00,1,83.35,0.0,0.47,33.51,0.07,1.38,2.63,0.26
Cairo,EG,30.0444,31.2357,2026-06-28,02,2026-06-28T02:00:00+00:00,2,109.08,0.0,6.91,72.02,12.56,19.07,49.74,20.2
New York,US,40.7128,-74.006,2026-06-28,02,2026-06-28T02:00:00+00:00,2,142.88,0.0,3.4,60.31,0.46,11.91,12.88,0.07
Paris,FR,48.8566,2.3522,2026-06-28,02,2026-06-28T02:00:00+00:00,1,85.37,0.0,1.47,44.66,0.06,2.71,3.44,2.77
Sydney,AU,-33.8688,151.2093,2026-06-28,02,2026-06-28T02:00:00+00:00,1,67.13,0.1,0.48,52.52,0.21,0.5,0.5,0.02
Tokyo,JP,35.6762,139.6503,2026-06-28,02,2026-06-28T02:00:00+00:00,2,129.32,0.64,4.69,63.68,3.33,9.2,12.56,0.19
Antananarivo,MG,-18.8792,47.5079,2026-06-28,03,2026-06-28T03:00:00+00:00,1,85.08,0.0,0.5,33.66,0.08,1.48,2.78,0.28
Cairo,EG,30.0444,31.2357,2026-06-28,03,2026-06-28T03:00:00+00:00,3,110.91,0.0,7.2,66.59,11.25,18.47,50.51,22.15
New York,US,40.7128,-74.006,2026-06-28,03,2026-06-28T03:00:00+00:00,2,143.39,0.0,3.58,50.81,0.44,12.08,13.21,0.07
Paris,FR,48.8566,2.3522,2026-06-28,03,2026-06-28T03:00:00+00:00,1,85.35,0.0,1.44,40.66,0.05,2.75,3.53,1.93
Sydney,AU,-33.8688,151.2093,2026-06-28,03,2026-06-28T03:00:00+00:00,1,66.82,0.09,0.43,54.41,0.22,0.5,0.5,0.01
Tokyo,JP,35.6762,139.6503,2026-06-28,03,2026-06-28T03:00:00+00:00,2,128.65,0.38,3.92,71.69,3.72,9.75,12.52,0.14
Antananarivo,MG,-18.8792,47.5079,2026-06-28,04,2026-06-28T04:00:00+00:00,1,91.61,0.0,0.6,33.83,0.12,1.8,3.48,0.36
Cairo,EG,30.0444,31.2357,2026-06-28,04,2026-06-28T04:00:00+00:00,3,110.86,0.08,7.52,61.86,10.05,17.7,50.72,23.1
New York,US,40.7128,-74.006,2026-06-28,04,2026-06-28T04:00:00+00:00,2,141.41,0.0,3.43,44.47,0.43,12.07,13.28,0.06
Paris,FR,48.8566,2.3522,2026-06-28,04,2026-06-28T04:00:00+00:00,1,83.76,0.0,1.47,37.69,0.06,2.83,3.67,1.63
Sydney,AU,-33.8688,151.2093,2026-06-28,04,2026-06-28T04:00:00+00:00,1,66.12,0.06,0.31,59.97,0.18,0.5,0.51,0.01
Tokyo,JP,35.6762,139.6503,2026-06-28,04,2026-06-28T04:00:00+00:00,2,126.3,0.19,3.11,76.05,3.88,9.59,11.68,0.08
Antananarivo,MG,-18.8792,47.5079,2026-06-28,05,2026-06-28T05:00:00+00:00,1,99.24,0.06,0.63,34.16,0.16,2.16,4.34,0.48
Cairo,EG,30.0444,31.2357,2026-06-28,05,2026-06-28T05:00:00+00:00,3,110.77,0.88,6.74,61.88,10.05,17.01,51.25,22.87
New York,US,40.7128,-74.006,2026-06-28,05,2026-06-28T05:00:00+00:00,2,139.47,0.0,2.89,43.56,0.45,12.1,13.38,0.04
Paris,FR,48.8566,2.3522,2026-06-28,05,2026-06-28T05:00:00+00:00,1,84.35,0.01,1.87,37.56,0.09,3.04,3.92,1.7
Sydney,AU,-33.8688,151.2093,2026-06-28,05,2026-06-28T05:00:00+00:00,2,65.73,0.04,0.28,61.34,0.16,0.5,0.51,0.01
Tokyo,JP,35.6762,139.6503,2026-06-28,05,2026-06-28T05:00:00+00:00,2,126.05,0.14,2.96,77.47,4.04,9.74,11.59,0.06
Antananarivo,MG,-18.8792,47.5079,2026-06-28,06,2026-06-28T06:00:00+00:00,1,102.32,0.12,0.49,36.08,0.19,2.36,4.81,0.59
Cairo,EG,30.0444,31.2357,2026-06-28,06,2026-06-28T06:00:00+00:00,3,109.64,1.45,5.2,68.37,10.95,16.56,51.68,20.51
New York,US,40.7128,-74.006,2026-06-28,06,2026-06-28T06:00:00+00:00,2,138.06,0.0,2.38,45.27,0.48,12.15,13.58,0.03
Paris,FR,48.8566,2.3522,2026-06-28,06,2026-06-28T06:00:00+00:00,1,85.65,0.07,2.45,39.49,0.13,3.27,4.15,1.91
Sydney,AU,-33.8688,151.2093,2026-06-28,06,2026-06-28T06:00:00+00:00,2,65.67,0.03,0.31,61.84,0.16,0.5,0.55,0.01
Tokyo,JP,35.6762,139.6503,2026-06-28,06,2026-06-28T06:00:00+00:00,2,126.33,0.11,3.08,77.82,4.21,9.96,11.73,0.05
Antananarivo,MG,-18.8792,47.5079,2026-06-28,07,2026-06-28T07:00:00+00:00,1,77.94,0.05,0.18,47.36,0.14,1.39,3.16,0.36
Cairo,EG,30.0444,31.2357,2026-06-28,07,2026-06-28T07:00:00+00:00,3,107.59,1.08,3.47,84.02,11.86,17.45,52.93,16.53
New York,US,40.7128,-74.006,2026-06-28,07,2026-06-28T07:00:00+00:00,2,137.49,0.0,2.07,46.44,0.5,12.21,13.77,0.03
Paris,FR,48.8566,2.3522,2026-06-28,07,2026-06-28T07:00:00+00:00,1,86.5,0.19,2.25,45.61,0.18,3.33,4.07,2.3
Sydney,AU,-33.8688,151.2093,2026-06-28,07,2026-06-28T07:00:00+00:00,1,67.04,0.01,0.66,55.44,0.14,0.5,0.67,0.02
Tokyo,JP,35.6762,139.6503,2026-06-28,07,2026-06-28T07:00:00+00:00,2,126.81,0.1,3.35,77.47,4.3,10.26,12.14,0.04
Antananarivo,MG,-18.8792,47.5079,2026-06-28,08,2026-06-28T08:00:00+00:00,1,73.43,0.04,0.11,49.24,0.14,1.31,2.94,0.35
Cairo,EG,30.0444,31.2357,2026-06-28,08,2026-06-28T08:00:00+00:00,3,106.18,0.59,2.2,103.14,11.83,20.66,55.66,15.22
New York,US,40.7128,-74.006,2026-06-28,08,2026-06-28T08:00:00+00:00,2,137.38,0.0,1.92,45.42,0.5,12.36,13.97,0.03
Paris,FR,48.8566,2.3522,2026-06-28,08,2026-06-28T08:00:00+00:00,1,86.37,0.38,1.8,48.26,0.19,3.27,3.85,2.19
Sydney,AU,-33.8688,151.2093,2026-06-28,08,2026-06-28T08:00:00+00:00,1,69.82,0.0,1.21,47.05,0.15,0.5,0.82,0.04
Tokyo,JP,35.6762,139.6503,2026-06-28,08,2026-06-28T08:00:00+00:00,2,127.4,0.06,3.87,76.18,4.45,10.64,12.78,0.04
Antananarivo,MG,-18.8792,47.5079,2026-06-28,09,2026-06-28T09:00:00+00:00,1,71.22,0.03,0.08,49.46,0.13,1.27,2.72,0.33
Cairo,EG,30.0444,31.2357,2026-06-28,09,2026-06-28T09:00:00+00:00,3,104.79,0.35,1.49,119.17,11.61,23.75,57.63,14.35
New York,US,40.7128,-74.006,2026-06-28,09,2026-06-28T09:00:00+00:00,2,137.27,0.0,1.9,44.98,0.51,12.56,14.16,0.03
Paris,FR,48.8566,2.3522,2026-06-28,09,2026-06-28T09:00:00+00:00,1,86.14,0.38,1.3,52.77,0.18,3.29,3.8,2.18
Sydney,AU,-33.8688,151.2093,2026-06-28,09,2026-06-28T09:00:00+00:00,1,72.38,0.0,1.49,42.17,0.16,0.5,0.97,0.05
Tokyo,JP,35.6762,139.6503,2026-06-28,09,2026-06-28T09:00:00+00:00,2,127.89,0.02,4.29,75.16,4.66,11.02,13.26,0.03
Antananarivo,MG,-18.8792,47.5079,2026-06-28,10,2026-06-28T10:00:00+00:00,1,66.8,0.02,0.06,54.43,0.1,0.92,1.93,0.23
Cairo,EG,30.0444,31.2357,2026-06-28,10,2026-06-28T10:00:00+00:00,3,89.33,0.15,0.6,106.24,5.44,17.94,36.35,5.08
New York,US,40.7128,-74.006,2026-06-28,10,2026-06-28T10:00:00+00:00,2,137.99,0.0,2.06,45.49,0.54,12.76,14.29,0.03
Paris,FR,48.8566,2.3522,2026-06-28,10,2026-06-28T10:00:00+00:00,2,85.53,0.23,0.78,61.65,0.16,3.24,3.72,2.07
Sydney,AU,-33.8688,151.2093,2026-06-28,10,2026-06-28T10:00:00+00:00,1,73.4,0.0,1.6,39.06,0.21,0.57,1.04,0.07
Tokyo,JP,35.6762,139.6503,2026-06-28,10,2026-06-28T10:00:00+00:00,2,128.04,0.0,4.29,75.4,4.75,11.29,13.51,0.03
Antananarivo,MG,-18.8792,47.5079,2026-06-28,11,2026-06-28T11:00:00+00:00,1,65.33,0.02,0.06,56.19,0.09,0.78,1.57,0.21
Cairo,EG,30.0444,31.2357,2026-06-28,11,2026-06-28T11:00:00+00:00,3,83.53,0.1,0.39,100.11,3.17,15.64,29.27,2.62
New York,US,40.7128,-74.006,2026-06-28,11,2026-06-28T11:00:00+00:00,2,140.78,0.01,2.71,47.72,0.61,12.88,14.37,0.04
Paris,FR,48.8566,2.3522,2026-06-28,11,2026-06-28T11:00:00+00:00,2,84.27,0.15,0.56,67.4,0.15,3.2,3.72,2.06
Sydney,AU,-33.8688,151.2093,2026-06-28,11,2026-06-28T11:00:00+00:00,1,73.99,0.0,1.68,37.77,0.3,0.62,1.1,0.1
Tokyo,JP,35.6762,139.6503,2026-06-28,11,2026-06-28T11:00:00+00:00,2,128.27,0.0,4.19,74.77,4.59,11.54,13.85,0.03
Antananarivo,MG,-18.8792,47.5079,2026-06-28,12,2026-06-28T12:00:00+00:00,1,64.85,0.01,0.08,56.13,0.09,0.72,1.45,0.21
Cairo,EG,30.0444,31.2357,2026-06-28,12,2026-06-28T12:00:00+00:00,2,82.06,0.09,0.36,99.86,2.65,15.34,28.74,2.27
New York,US,40.7128,-74.006,2026-06-28,12,2026-06-28T12:00:00+00:00,2,145.18,0.09,3.69,52.05,0.72,12.81,14.23,0.06
Paris,FR,48.8566,2.3522,2026-06-28,12,2026-06-28T12:00:00+00:00,2,83.45,0.12,0.48,71.16,0.15,3.2,3.8,2.1
Sydney,AU,-33.8688,151.2093,2026-06-28,12,2026-06-28T12:00:00+00:00,1,74.45,0.0,1.78,38.59,0.4,0.66,1.15,0.15
Tokyo,JP,35.6762,139.6503,2026-06-28,12,2026-06-28T12:00:00+00:00,2,128.8,0.0,4.15,74.85,4.4,11.78,14.23,0.05
Antananarivo,MG,-18.8792,47.5079,2026-06-28,13,2026-06-28T13:00:00+00:00,1,66.49,0.02,0.12,55.31,0.1,0.74,1.54,0.26
Cairo,EG,30.0444,31.2357,2026-06-28,13,2026-06-28T13:00:00+00:00,3,81.92,0.08,0.36,100.56,2.29,15.26,29.05,2.09
New York,US,40.7128,-74.006,2026-06-28,13,2026-06-28T13:00:00+00:00,2,139.08,0.17,3.3,68.36,0.72,10.88,11.86,0.08
Paris,FR,48.8566,2.3522,2026-06-28,13,2026-06-28T13:00:00+00:00,2,83.58,0.07,0.38,75.38,0.12,2.43,3.01,1.66
Sydney,AU,-33.8688,151.2093,2026-06-28,13,2026-06-28T13:00:00+00:00,1,74.19,0.0,1.89,39.69,0.44,0.64,1.1,0.17
Tokyo,JP,35.6762,139.6503,2026-06-28,13,2026-06-28T13:00:00+00:00,2,129.24,0.0,3.93,76.7,4.17,12.11,14.66,0.05
Antananarivo,MG,-18.8792,47.5079,2026-06-28,14,2026-06-28T14:00:00+00:00,1,69.69,0.01,0.19,53.24,0.13,0.84,1.8,0.36
Cairo,EG,30.0444,31.2357,2026-06-28,14,2026-06-28T14:00:00+00:00,3,81.59,0.08,0.38,100.47,1.99,14.9,29.27,2.04
New York,US,40.7128,-74.006,2026-06-28,14,2026-06-28T14:00:00+00:00,2,135.63,0.24,2.82,72.79,0.71,9.97,10.81,0.09
Paris,FR,48.8566,2.3522,2026-06-28,14,2026-06-28T14:00:00+00:00,2,82.71,0.06,0.37,75.75,0.11,1.89,2.44,1.39
Sydney,AU,-33.8688,151.2093,2026-06-28,14,2026-06-28T14:00:00+00:00,1,72.97,0.0,1.8,37.33,0.35,0.59,0.99,0.12
Tokyo,JP,35.6762,139.6503,2026-06-28,14,2026-06-28T14:00:00+00:00,2,129.75,0.0,4.17,76.9,4.25,12.55,15.56,0.04
Antananarivo,MG,-18.8792,47.5079,2026-06-28,15,2026-06-28T15:00:00+00:00,1,73.21,0.0,0.29,50.97,0.14,0.97,2.1,0.43
Cairo,EG,30.0444,31.2357,2026-06-28,15,2026-06-28T15:00:00+00:00,2,81.26,0.07,0.45,99.94,1.75,14.45,29.36,2.08
New York,US,40.7128,-74.006,2026-06-28,15,2026-06-28T15:00:00+00:00,2,132.36,0.26,2.3,76.5,0.73,9.56,10.34,0.08
Paris,FR,48.8566,2.3522,2026-06-28,15,2026-06-28T15:00:00+00:00,2,82.2,0.06,0.45,75.46,0.12,1.83,2.45,1.38
Sydney,AU,-33.8688,151.2093,2026-06-28,15,2026-06-28T15:00:00+00:00,1,71.88,0.0,1.66,33.8,0.28,0.58,0.94,0.07
Tokyo,JP,35.6762,139.6503,2026-06-28,15,2026-06-28T15:00:00+00:00,2,129.96,0.0,4.42,77.12,4.33,12.98,16.22,0.01
Antananarivo,MG,-18.8792,47.5079,2026-06-28,16,2026-06-28T16:00:00+00:00,1,78.42,0.0,0.39,46.74,0.16,1.23,2.62,0.49
Cairo,EG,30.0444,31.2357,2026-06-28,16,2026-06-28T16:00:00+00:00,2,82.3,0.07,0.92,99.11,1.81,14.47,31.0,3.71
New York,US,40.7128,-74.006,2026-06-28,16,2026-06-28T16:00:00+00:00,2,124.45,0.1,1.46,88.08,0.5,7.83,8.44,0.04
Paris,FR,48.8566,2.3522,2026-06-28,16,2026-06-28T16:00:00+00:00,2,82.7,0.06,0.65,74.99,0.14,1.9,2.66,1.47
Sydney,AU,-33.8688,151.2093,2026-06-28,16,2026-06-28T16:00:00+00:00,1,70.95,0.0,1.56,30.65,0.25,0.58,0.92,0.04
Tokyo,JP,35.6762,139.6503,2026-06-28,16,2026-06-28T16:00:00+00:00,2,129.47,0.0,4.57,77.38,4.11,13.1,15.96,0.0
Antananarivo,MG,-18.8792,47.5079,2026-06-28,17,2026-06-28T17:00:00+00:00,1,87.65,0.0,0.52,43.04,0.18,1.64,3.42,0.57
Cairo,EG,30.0444,31.2357,2026-06-28,17,2026-06-28T17:00:00+00:00,2,84.48,0.02,1.79,97.12,2.09,14.66,33.28,6.26
New York,US,40.7128,-74.006,2026-06-28,17,2026-06-28T17:00:00+00:00,2,121.13,0.06,1.11,91.19,0.39,6.65,7.19,0.03
Paris,FR,48.8566,2.3522,2026-06-28,17,2026-06-28T17:00:00+00:00,2,83.07,0.05,0.9,72.7,0.16,1.98,2.81,1.61
Sydney,AU,-33.8688,151.2093,2026-06-28,17,2026-06-28T17:00:00+00:00,1,70.45,0.0,1.54,29.13,0.28,0.6,0.93,0.05
Tokyo,JP,35.6762,139.6503,2026-06-28,17,2026-06-28T17:00:00+00:00,2,128.93,0.0,4.86,77.43,3.76,12.99,15.46,0.0
Antananarivo,MG,-18.8792,47.5079,2026-06-28,18,2026-06-28T18:00:00+00:00,1,95.94,0.0,0.62,40.2,0.18,2.04,4.14,0.64
Cairo,EG,30.0444,31.2357,2026-06-28,18,2026-06-28T18:00:00+00:00,2,86.15,0.0,2.43,95.56,2.27,14.64,34.88,8.21
New York,US,40.7128,-74.006,2026-06-28,18,2026-06-28T18:00:00+00:00,2,119.95,0.05,1.03,92.4,0.36,6.15,6.69,0.03
Paris,FR,48.8566,2.3522,2026-06-28,18,2026-06-28T18:00:00+00:00,2,83.44,0.03,1.1,70.1,0.18,1.98,2.8,1.75
Sydney,AU,-33.8688,151.2093,2026-06-28,18,2026-06-28T18:00:00+00:00,1,70.18,0.0,1.59,29.17,0.36,0.63,0.98,0.07
Tokyo,JP,35.6762,139.6503,2026-06-28,18,2026-06-28T18:00:00+00:00,2,128.47,0.0,5.09,77.49,3.52,12.72,15.1,0.0
Antananarivo,MG,-18.8792,47.5079,2026-06-28,19,2026-06-28T19:00:00+00:00,1,101.41,0.0,0.69,37.6,0.18,2.33,4.6,0.65
Cairo,EG,30.0444,31.2357,2026-06-28,19,2026-06-28T19:00:00+00:00,2,87.43,0.0,2.75,96.73,2.25,14.55,35.41,9.32
New York,US,40.7128,-74.006,2026-06-28,19,2026-06-28T19:00:00+00:00,2,120.44,0.05,1.1,93.2,0.37,6.33,6.93,0.03
Paris,FR,48.8566,2.3522,2026-06-28,19,2026-06-28T19:00:00+00:00,2,82.99,0.01,1.48,62.31,0.19,1.92,2.65,2.02
Sydney,AU,-33.8688,151.2093,2026-06-28,19,2026-06-28T19:00:00+00:00,1,70.44,0.0,1.69,30.51,0.49,0.72,1.1,0.11
Tokyo,JP,35.6762,139.6503,2026-06-28,19,2026-06-28T19:00:00+00:00,2,128.01,0.0,5.37,77.44,3.38,12.27,14.78,0.0
Antananarivo,MG,-18.8792,47.5079,2026-06-28,20,2026-06-28T20:00:00+00:00,1,104.51,0.0,0.71,36.39,0.17,2.44,4.73,0.57
Cairo,EG,30.0444,31.2357,2026-06-28,20,2026-06-28T20:00:00+00:00,3,88.58,0.0,2.62,103.06,2.65,15.31,36.23,9.49
New York,US,40.7128,-74.006,2026-06-28,20,2026-06-28T20:00:00+00:00,2,122.16,0.05,1.28,93.15,0.4,7.3,8.08,0.03
Paris,FR,48.8566,2.3522,2026-06-28,20,2026-06-28T20:00:00+00:00,1,83.21,0.0,1.94,52.91,0.18,1.89,2.55,2.12
Sydney,AU,-33.8688,151.2093,2026-06-28,20,2026-06-28T20:00:00+00:00,1,71.47,0.01,1.98,31.09,0.71,0.88,1.33,0.18
Tokyo,JP,35.6762,139.6503,2026-06-28,20,2026-06-28T20:00:00+00:00,2,128.27,0.0,5.87,77.15,3.36,11.69,14.27,0.0
Antananarivo,MG,-18.8792,47.5079,2026-06-28,21,2026-06-28T21:00:00+00:00,1,101.98,0.0,0.66,36.19,0.14,2.27,4.36,0.43
Cairo,EG,30.0444,31.2357,2026-06-28,21,2026-06-28T21:00:00+00:00,3,90.76,0.0,2.64,110.1,4.59,17.41,40.7,9.88
New York,US,40.7128,-74.006,2026-06-28,21,2026-06-28T21:00:00+00:00,2,123.8,0.06,1.48,92.49,0.41,8.17,9.13,0.04
Paris,FR,48.8566,2.3522,2026-06-28,21,2026-06-28T21:00:00+00:00,1,83.61,0.0,2.28,45.92,0.16,1.86,2.46,1.9
Sydney,AU,-33.8688,151.2093,2026-06-28,21,2026-06-28T21:00:00+00:00,1,75.36,0.01,2.71,32.03,1.08,1.15,1.77,0.33
Tokyo,JP,35.6762,139.6503,2026-06-28,21,2026-06-28T21:00:00+00:00,2,129.16,0.04,6.78,76.43,3.44,11.11,13.64,0.0
Antananarivo,MG,-18.8792,47.5079,2026-06-28,22,2026-06-28T22:00:00+00:00,1,100.14,0.0,0.64,35.84,0.12,2.15,4.1,0.37
Cairo,EG,30.0444,31.2357,2026-06-28,22,2026-06-28T22:00:00+00:00,3,95.23,0.0,3.66,106.55,8.25,17.91,41.98,11.68
New York,US,40.7128,-74.006,2026-06-28,22,2026-06-28T22:00:00+00:00,2,126.09,0.07,1.82,90.25,0.44,8.96,10.2,0.04
Paris,FR,48.8566,2.3522,2026-06-28,22,2026-06-28T22:00:00+00:00,1,82.17,0.0,2.41,40.14,0.13,1.81,2.39,1.7
Sydney,AU,-33.8688,151.2093,2026-06-28,22,2026-06-28T22:00:00+00:00,1,81.78,0.04,3.88,32.01,1.51,1.54,2.38,0.52
Tokyo,JP,35.6762,139.6503,2026-06-28,22,2026-06-28T22:00:00+00:00,2,131.16,0.31,8.07,75.55,3.7,10.74,13.37,0.0
Antananarivo,MG,-18.8792,47.5079,2026-06-28,23,2026-06-28T23:00:00+00:00,1,101.1,0.0,0.64,35.21,0.11,2.15,4.07,0.35
Cairo,EG,30.0444,31.2357,2026-06-28,23,2026-06-28T23:00:00+00:00,2,102.25,0.0,5.4,95.84,11.8,16.89,40.08,15.01
New York,US,40.7128,-74.006,2026-06-28,23,2026-06-28T23:00:00+00:00,2,128.79,0.08,2.17,87.18,0.47,9.72,11.26,0.05
Paris,FR,48.8566,2.3522,2026-06-28,23,2026-06-28T23:00:00+00:00,1,81.94,0.0,2.41,36.04,0.12,1.82,2.44,1.62
Sydney,AU,-33.8688,151.2093,2026-06-28,23,2026-06-28T23:00:00+00:00,1,87.32,0.38,4.36,29.23,1.56,1.91,2.95,0.48
Tokyo,JP,35.6762,139.6503,2026-06-28,23,2026-06-28T23:00:00+00:00,2,134.33,0.69,9.79,74.29,4.21,10.7,13.62,0.0
Antananarivo,MG,-18.8792,47.5079,2026-06-29,00,2026-06-29T00:00:00+00:00,1,101.79,0.0,0.63,35.18,0.11,2.14,4.05,0.34
Cairo,EG,30.0444,31.2357,2026-06-29,00,2026-06-29T00:00:00+00:00,2,106.73,0.0,6.54,85.05,13.84,15.94,40.06,17.1
New York,US,40.7128,-74.006,2026-06-29,00,2026-06-29T00:00:00+00:00,2,130.33,0.03,2.36,84.55,0.48,10.09,11.84,0.05
Paris,FR,48.8566,2.3522,2026-06-29,00,2026-06-29T00:00:00+00:00,1,81.88,0.0,2.35,33.06,0.14,1.87,2.61,1.53
Sydney,AU,-33.8688,151.2093,2026-06-29,00,2026-06-29T00:00:00+00:00,1,91.13,1.06,3.92,28.87,1.61,2.31,3.5,0.32
Tokyo,JP,35.6762,139.6503,2026-06-29,00,2026-06-29T00:00:00+00:00,2,138.06,1.1,11.74,73.39,4.73,10.87,14.07,0.0
Antananarivo,MG,-18.8792,47.5079,2026-06-29,01,2026-06-29T01:00:00+00:00,1,102.89,0.0,0.64,34.87,0.1,2.17,4.11,0.33
Cairo,EG,30.0444,31.2357,2026-06-29,01,2026-06-29T01:00:00+00:00,2,107.84,0.0,6.94,76.17,13.99,15.69,42.14,18.1
New York,US,40.7128,-74.006,2026-06-29,01,2026-06-29T01:00:00+00:00,2,131.01,0.0,2.55,76.01,0.45,10.31,12.31,0.05
Paris,FR,48.8566,2.3522,2026-06-29,01,2026-06-29T01:00:00+00:00,1,82.08,0.0,2.25,31.88,0.19,1.98,2.89,1.38
Sydney,AU,-33.8688,151.2093,2026-06-29,01,2026-06-29T01:00:00+00:00,1,86.0,0.78,4.23,39.0,2.43,2.6,3.58,0.02
Tokyo,JP,35.6762,139.6503,2026-06-29,01,2026-06-29T01:00:00+00:00,2,141.93,1.48,13.89,71.87,5.44,11.51,15.2,0.0
Antananarivo,MG,-18.8792,47.5079,2026-06-29,02,2026-06-29T02:00:00+00:00,1,105.47,0.0,0.68,33.84,0.1,2.29,4.25,0.3
Cairo,EG,30.0444,31.2357,2026-06-29,02,2026-06-29T02:00:00+00:00,2,109.45,0.0,7.17,70.14,13.25,16.08,44.6,19.3
New York,US,40.7128,-74.006,2026-06-29,02,2026-06-29T02:00:00+00:00,2,132.14,0.0,2.81,64.44,0.4,10.59,12.87,0.04
Paris,FR,48.8566,2.3522,2026-06-29,02,2026-06-29T02:00:00+00:00,1,83.35,0.0,2.18,32.41,0.25,2.15,3.24,1.24
Sydney,AU,-33.8688,151.2093,2026-06-29,02,2026-06-29T02:00:00+00:00,1,82.28,0.65,3.85,41.79,2.23,2.42,3.22,0.0
Tokyo,JP,35.6762,139.6503,2026-06-29,02,2026-06-29T02:00:00+00:00,2,145.0,1.69,15.52,71.88,6.24,12.39,16.59,0.03
Antananarivo,MG,-18.8792,47.5079,2026-06-29,03,2026-06-29T03:00:00+00:00,1,109.01,0.0,0.73,33.29,0.1,2.45,4.44,0.3
Cairo,EG,30.0444,31.2357,2026-06-29,03,2026-06-29T03:00:00+00:00,2,110.81,0.0,7.33,65.63,12.25,16.68,46.8,20.63
New York,US,40.7128,-74.006,2026-06-29,03,2026-06-29T03:00:00+00:00,2,132.83,0.0,3.01,55.39,0.37,10.74,13.21,0.04
Paris,FR,48.8566,2.3522,2026-06-29,03,2026-06-29T03:00:00+00:00,1,85.16,0.0,2.21,34.45,0.34,2.35,3.66,1.23
Sydney,AU,-33.8688,151.2093,2026-06-29,03,2026-06-29T03:00:00+00:00,1,78.95,0.45,3.46,45.83,1.98,2.0,2.62,0.01
Tokyo,JP,35.6762,139.6503,2026-06-29,03,2026-06-29T03:00:00+00:00,2,147.11,1.68,16.44,73.33,6.95,13.19,17.8,0.07
Antananarivo,MG,-18.8792,47.5079,2026-06-29,04,2026-06-29T04:00:00+00:00,1,119.53,0.0,0.9,33.07,0.15,2.94,5.42,0.42
Cairo,EG,30.0444,31.2357,2026-06-29,04,2026-06-29T04:00:00+00:00,2,110.8,0.06,7.67,61.38,11.27,17.16,48.72,21.5
New York,US,40.7128,-74.006,2026-06-29,04,2026-06-29T04:00:00+00:00,2,131.08,0.0,3.03,45.98,0.32,10.67,13.2,0.04
Paris,FR,48.8566,2.3522,2026-06-29,04,2026-06-29T04:00:00+00:00,1,90.9,0.0,2.31,48.07,0.64,2.78,4.73,1.58
Sydney,AU,-33.8688,151.2093,2026-06-29,04,2026-06-29T04:00:00+00:00,1,74.19,0.29,2.63,57.29,1.69,1.3,1.69,0.02
Tokyo,JP,35.6762,139.6503,2026-06-29,04,2026-06-29T04:00:00+00:00,2,147.1,1.94,15.78,76.5,7.46,13.86,18.98,0.1
Antananarivo,MG,-18.8792,47.5079,2026-06-29,05,2026-06-29T05:00:00+00:00,1,132.36,0.09,0.95,33.37,0.22,3.49,6.6,0.65
Cairo,EG,30.0444,31.2357,2026-06-29,05,2026-06-29T05:00:00+00:00,3,111.52,0.84,7.2,60.75,11.13,17.87,52.18,22.07
New York,US,40.7128,-74.006,2026-06-29,05,2026-06-29T05:00:00+00:00,2,128.41,0.0,2.87,38.11,0.29,10.63,13.2,0.05
Paris,FR,48.8566,2.3522,2026-06-29,05,2026-06-29T05:00:00+00:00,1,91.7,0.01,2.6,52.27,0.81,2.97,5.34,1.6
Sydney,AU,-33.8688,151.2093,2026-06-29,05,2026-06-29T05:00:00+00:00,1,73.16,0.27,2.35,59.29,1.56,1.11,1.45,0.03
Tokyo,JP,35.6762,139.6503,2026-06-29,05,2026-06-29T05:00:00+00:00,2,144.37,1.91,14.09,80.98,7.62,14.25,20.14,0.11
Antananarivo,MG,-18.8792,47.5079,2026-06-29,06,2026-06-29T06:00:00+00:00,1,136.38,0.17,0.72,36.31,0.27,3.73,7.08,0.89
Cairo,EG,30.0444,31.2357,2026-06-29,06,2026-06-29T06:00:00+00:00,3,112.22,1.66,5.88,64.8,11.73,18.95,56.95,21.53
New York,US,40.7128,-74.006,2026-06-29,06,2026-06-29T06:00:00+00:00,2,124.65,0.0,2.54,33.13,0.29,10.6,13.21,0.06
Paris,FR,48.8566,2.3522,2026-06-29,06,2026-06-29T06:00:00+00:00,1,91.15,0.1,2.89,54.74,0.9,2.85,5.39,1.63
Sydney,AU,-33.8688,151.2093,2026-06-29,06,2026-06-29T06:00:00+00:00,1,73.23,0.19,2.62,59.16,1.64,1.08,1.45,0.04
Tokyo,JP,35.6762,139.6503,2026-06-29,06,2026-06-29T06:00:00+00:00,2,138.79,1.53,11.76,86.07,7.31,14.22,20.82,0.1
Antananarivo,MG,-18.8792,47.5079,2026-06-29,07,2026-06-29T07:00:00+00:00,1,79.06,0.04,0.18,52.33,0.13,1.0,2.14,0.33
Cairo,EG,30.0444,31.2357,2026-06-29,07,2026-06-29T07:00:00+00:00,3,111.15,1.45,4.37,78.21,12.78,21.14,63.67,18.91
New York,US,40.7128,-74.006,2026-06-29,07,2026-06-29T07:00:00+00:00,2,121.37,0.01,2.33,29.14,0.31,10.59,13.19,0.08
Paris,FR,48.8566,2.3522,2026-06-29,07,2026-06-29T07:00:00+00:00,1,89.26,0.28,2.84,56.53,0.95,2.61,5.2,1.62
Sydney,AU,-33.8688,151.2093,2026-06-29,07,2026-06-29T07:00:00+00:00,1,75.31,0.04,3.29,55.35,1.55,1.14,1.61,0.05
Tokyo,JP,35.6762,139.6503,2026-06-29,07,2026-06-29T07:00:00+00:00,2,132.31,1.13,8.69,91.45,6.24,13.49,19.84,0.04
Antananarivo,MG,-18.8792,47.5079,2026-06-29,08,2026-06-29T08:00:00+00:00,1,72.07,0.03,0.11,53.36,0.11,0.74,1.56,0.28
Cairo,EG,30.0444,31.2357,2026-06-29,08,2026-06-29T08:00:00+00:00,3,110.38,0.84,2.93,98.57,12.76,25.24,69.25,17.61
New York,US,40.7128,-74.006,2026-06-29,08,2026-06-29T08:00:00+00:00,2,119.46,0.01,2.28,25.92,0.32,10.66,13.2,0.08
Paris,FR,48.8566,2.3522,2026-06-29,08,2026-06-29T08:00:00+00:00,1,87.87,0.42,2.62,59.04,0.99,2.42,5.05,1.57
Sydney,AU,-33.8688,151.2093,2026-06-29,08,2026-06-29T08:00:00+00:00,1,79.26,0.0,4.0,48.94,1.43,1.36,1.99,0.06
Tokyo,JP,35.6762,139.6503,2026-06-29,08,2026-06-29T08:00:00+00:00,2,128.0,0.8,6.87,95.14,5.47,12.79,18.85,0.0
Antananarivo,MG,-18.8792,47.5079,2026-06-29,09,2026-06-29T09:00:00+00:00,1,69.74,0.02,0.08,51.99,0.11,0.74,1.46,0.27
Cairo,EG,30.0444,31.2357,2026-06-29,09,2026-06-29T09:00:00+00:00,3,110.12,0.44,1.88,119.3,12.56,29.53,73.47,16.75
New York,US,40.7128,-74.006,2026-06-29,09,2026-06-29T09:00:00+00:00,2,118.91,0.03,2.43,22.94,0.33,10.8,13.22,0.08
Paris,FR,48.8566,2.3522,2026-06-29,09,2026-06-29T09:00:00+00:00,2,87.2,0.49,2.31,62.77,1.04,2.4,5.12,1.54
Sydney,AU,-33.8688,151.2093,2026-06-29,09,2026-06-29T09:00:00+00:00,1,84.52,0.0,4.9,43.77,1.48,1.75,2.59,0.07
Tokyo,JP,35.6762,139.6503,2026-06-29,09,2026-06-29T09:00:00+00:00,2,124.65,0.38,6.01,97.25,4.89,11.99,17.86,0.0
Antananarivo,MG,-18.8792,47.5079,2026-06-29,10,2026-06-29T10:00:00+00:00,1,67.68,0.02,0.07,52.73,0.1,0.69,1.29,0.25
Cairo,EG,30.0444,31.2357,2026-06-29,10,2026-06-29T10:00:00+00:00,3,91.34,0.18,0.79,122.65,8.41,21.05,47.64,6.91
New York,US,40.7128,-74.006,2026-06-29,10,2026-06-29T10:00:00+00:00,2,120.23,0.08,2.93,20.05,0.34,10.81,13.15,0.08
Paris,FR,48.8566,2.3522,2026-06-29,10,2026-06-29T10:00:00+00:00,2,87.6,0.4,1.72,69.77,0.96,2.46,5.06,1.38
Sydney,AU,-33.8688,151.2093,2026-06-29,10,2026-06-29T10:00:00+00:00,1,89.5,0.0,5.77,38.56,1.45,2.24,3.34,0.08
Tokyo,JP,35.6762,139.6503,2026-06-29,10,2026-06-29T10:00:00+00:00,2,121.06,0.04,5.04,98.73,4.48,10.95,16.54,0.0
Antananarivo,MG,-18.8792,47.5079,2026-06-29,11,2026-06-29T11:00:00+00:00,1,66.66,0.02,0.07,52.95,0.1,0.68,1.22,0.24
Cairo,EG,30.0444,31.2357,2026-06-29,11,2026-06-29T11:00:00+00:00,3,84.03,0.11,0.5,117.15,5.59,17.42,36.4,3.88
New York,US,40.7128,-74.006,2026-06-29,11,2026-06-29T11:00:00+00:00,2,128.93,0.44,4.24,18.19,0.37,10.93,13.45,0.1
Paris,FR,48.8566,2.3522,2026-06-29,11,2026-06-29T11:00:00+00:00,2,86.9,0.27,1.17,76.55,0.87,2.8,5.3,1.23
Sydney,AU,-33.8688,151.2093,2026-06-29,11,2026-06-29T11:00:00+00:00,1,94.75,0.01,6.47,33.79,1.33,2.77,4.11,0.08
Tokyo,JP,35.6762,139.6503,2026-06-29,11,2026-06-29T11:00:00+00:00,2,119.3,0.0,3.83,99.56,4.03,9.87,14.97,0.0
Antananarivo,MG,-18.8792,47.5079,2026-06-29,12,2026-06-29T12:00:00+00:00,1,66.26,0.01,0.08,52.27,0.11,0.69,1.23,0.25
Cairo,EG,30.0444,31.2357,2026-06-29,12,2026-06-29T12:00:00+00:00,3,82.06,0.1,0.44,115.56,4.55,16.49,33.65,3.23
New York,US,40.7128,-74.006,2026-06-29,12,2026-06-29T12:00:00+00:00,2,145.63,1.55,5.61,21.73,0.51,11.16,14.0,0.11
Paris,FR,48.8566,2.3522,2026-06-29,12,2026-06-29T12:00:00+00:00,2,86.82,0.19,0.85,82.51,0.86,3.55,6.19,1.2
Sydney,AU,-33.8688,151.2093,2026-06-29,12,2026-06-29T12:00:00+00:00,1,99.27,0.01,7.09,30.19,1.33,3.33,4.88,0.1
Tokyo,JP,35.6762,139.6503,2026-06-29,12,2026-06-29T12:00:00+00:00,3,118.48,0.0,3.02,100.21,3.46,8.85,13.32,0.0
Antananarivo,MG,-18.8792,47.5079,2026-06-29,13,2026-06-29T13:00:00+00:00,1,70.05,0.02,0.15,50.54,0.13,0.83,1.56,0.37
Cairo,EG,30.0444,31.2357,2026-06-29,13,2026-06-29T13:00:00+00:00,3,81.92,0.09,0.43,115.37,3.86,16.05,32.61,2.87
New York,US,40.7128,-74.006,2026-06-29,13,2026-06-29T13:00:00+00:00,2,145.5,1.01,5.23,62.32,1.56,11.19,13.92,0.01
Paris,FR,48.8566,2.3522,2026-06-29,13,2026-06-29T13:00:00+00:00,2,86.63,0.11,0.68,84.91,0.71,3.55,5.97,1.13
Sydney,AU,-33.8688,151.2093,2026-06-29,13,2026-06-29T13:00:00+00:00,1,102.89,0.02,7.94,27.0,1.54,4.06,5.79,0.11
Tokyo,JP,35.6762,139.6503,2026-06-29,13,2026-06-29T13:00:00+00:00,2,118.71,0.0,2.89,99.61,2.92,7.94,11.78,0.0
Antananarivo,MG,-18.8792,47.5079,2026-06-29,14,2026-06-29T14:00:00+00:00,1,77.24,0.02,0.31,47.56,0.17,1.12,2.18,0.56
Cairo,EG,30.0444,31.2357,2026-06-29,14,2026-06-29T14:00:00+00:00,3,81.35,0.08,0.45,113.99,3.27,15.61,32.24,2.65
New York,US,40.7128,-74.006,2026-06-29,14,2026-06-29T14:00:00+00:00,2,147.15,1.14,4.45,72.31,1.74,11.57,14.09,0.03
Paris,FR,48.8566,2.3522,2026-06-29,14,2026-06-29T14:00:00+00:00,2,85.0,0.09,0.59,83.33,0.53,3.07,5.11,1.08
Sydney,AU,-33.8688,151.2093,2026-06-29,14,2026-06-29T14:00:00+00:00,1,106.14,0.02,8.95,24.04,1.8,4.96,6.8,0.11
Tokyo,JP,35.6762,139.6503,2026-06-29,14,2026-06-29T14:00:00+00:00,2,120.95,0.0,3.52,97.93,2.76,7.34,10.81,0.0
Antananarivo,MG,-18.8792,47.5079,2026-06-29,15,2026-06-29T15:00:00+00:00,1,85.03,0.0,0.5,44.71,0.2,1.42,2.8,0.67
Cairo,EG,30.0444,31.2357,2026-06-29,15,2026-06-29T15:00:00+00:00,3,81.03,0.07,0.53,111.73,2.81,15.19,32.27,2.49
New York,US,40.7128,-74.006,2026-06-29,15,2026-06-29T15:00:00+00:00,2,150.21,0.8,3.42,86.29,1.84,13.19,15.63,0.05
Paris,FR,48.8566,2.3522,2026-06-29,15,2026-06-29T15:00:00+00:00,2,84.16,0.08,0.61,82.66,0.45,2.86,4.76,1.07
Sydney,AU,-33.8688,151.2093,2026-06-29,15,2026-06-29T15:00:00+00:00,1,108.1,0.01,9.74,21.61,2.02,5.92,7.78,0.12
Tokyo,JP,35.6762,139.6503,2026-06-29,15,2026-06-29T15:00:00+00:00,2,124.66,0.0,4.6,95.65,2.87,7.06,10.27,0.0
Antananarivo,MG,-18.8792,47.5079,2026-06-29,16,2026-06-29T16:00:00+00:00,1,93.63,0.0,0.66,41.13,0.22,1.82,3.56,0.76
Cairo,EG,30.0444,31.2357,2026-06-29,16,2026-06-29T16:00:00+00:00,3,82.36,0.07,1.08,108.81,2.76,15.31,34.15,3.86
New York,US,40.7128,-74.006,2026-06-29,16,2026-06-29T16:00:00+00:00,3,128.09,0.21,1.26,106.29,0.99,10.02,11.3,0.0
Paris,FR,48.8566,2.3522,2026-06-29,16,2026-06-29T16:00:00+00:00,2,84.25,0.08,0.63,82.95,0.42,2.73,4.57,1.06
Sydney,AU,-33.8688,151.2093,2026-06-29,16,2026-06-29T16:00:00+00:00,1,108.93,0.01,10.33,20.1,2.28,6.9,8.71,0.12
Tokyo,JP,35.6762,139.6503,2026-06-29,16,2026-06-29T16:00:00+00:00,2,128.51,0.0,5.84,93.2,3.02,6.95,9.9,0.07
Antananarivo,MG,-18.8792,47.5079,2026-06-29,17,2026-06-29T17:00:00+00:00,1,105.54,0.0,0.82,38.06,0.25,2.38,4.55,0.85
Cairo,EG,30.0444,31.2357,2026-06-29,17,2026-06-29T17:00:00+00:00,3,84.59,0.02,2.15,103.24,2.94,15.42,36.23,6.15
New York,US,40.7128,-74.006,2026-06-29,17,2026-06-29T17:00:00+00:00,3,119.94,0.12,0.83,107.37,0.63,8.43,9.37,0.0
Paris,FR,48.8566,2.3522,2026-06-29,17,2026-06-29T17:00:00+00:00,2,84.12,0.08,0.64,83.45,0.39,2.67,4.51,1.04
Sydney,AU,-33.8688,151.2093,2026-06-29,17,2026-06-29T17:00:00+00:00,1,108.34,0.01,10.7,19.52,2.58,7.76,9.44,0.13
Tokyo,JP,35.6762,139.6503,2026-06-29,17,2026-06-29T17:00:00+00:00,2,132.19,0.0,7.0,91.07,3.19,7.01,9.6,0.12
Antananarivo,MG,-18.8792,47.5079,2026-06-29,18,2026-06-29T18:00:00+00:00,1,116.65,0.0,0.94,35.6,0.25,2.94,5.49,0.79
Cairo,EG,30.0444,31.2357,2026-06-29,18,2026-06-29T18:00:00+00:00,2,86.33,0.0,2.81,97.65,2.93,15.12,37.09,7.7
New York,US,40.7128,-74.006,2026-06-29,18,2026-06-29T18:00:00+00:00,3,116.42,0.1,0.8,105.86,0.51,7.68,8.49,0.01
Paris,FR,48.8566,2.3522,2026-06-29,18,2026-06-29T18:00:00+00:00,2,83.99,0.07,0.67,84.33,0.39,2.64,4.5,1.03
Sydney,AU,-33.8688,151.2093,2026-06-29,18,2026-06-29T18:00:00+00:00,1,107.28,0.01,11.02,19.51,2.88,8.5,10.02,0.14
Tokyo,JP,35.6762,139.6503,2026-06-29,18,2026-06-29T18:00:00+00:00,2,136.03,0.0,8.33,88.73,3.46,7.31,9.57,0.15
Antananarivo,MG,-18.8792,47.5079,2026-06-29,19,2026-06-29T19:00:00+00:00,1,127.29,0.0,1.06,32.96,0.25,3.5,6.3,0.58
Cairo,EG,30.0444,31.2357,2026-06-29,19,2026-06-29T19:00:00+00:00,2,87.11,0.0,3.1,94.92,2.93,15.19,37.51,8.67
New York,US,40.7128,-74.006,2026-06-29,19,2026-06-29T19:00:00+00:00,3,114.86,0.09,0.86,103.46,0.45,7.24,7.99,0.01
Paris,FR,48.8566,2.3522,2026-06-29,19,2026-06-29T19:00:00+00:00,2,84.43,0.05,1.06,79.35,0.39,2.72,4.67,1.3
Sydney,AU,-33.8688,151.2093,2026-06-29,19,2026-06-29T19:00:00+00:00,1,106.45,0.01,11.29,19.45,3.08,9.19,10.57,0.15
Tokyo,JP,35.6762,139.6503,2026-06-29,19,2026-06-29T19:00:00+00:00,2,140.42,0.0,10.13,85.47,3.99,8.1,10.19,0.13
Antananarivo,MG,-18.8792,47.5079,2026-06-29,20,2026-06-29T20:00:00+00:00,1,135.09,0.0,1.14,31.2,0.22,3.86,6.78,0.43
Cairo,EG,30.0444,31.2357,2026-06-29,20,2026-06-29T20:00:00+00:00,2,89.25,0.0,3.19,99.88,4.36,18.04,40.9,9.25
New York,US,40.7128,-74.006,2026-06-29,20,2026-06-29T20:00:00+00:00,3,114.63,0.11,0.91,100.83,0.42,7.17,7.95,0.01
Paris,FR,48.8566,2.3522,2026-06-29,20,2026-06-29T20:00:00+00:00,2,85.61,0.01,1.68,71.41,0.4,2.89,4.97,1.74
Sydney,AU,-33.8688,151.2093,2026-06-29,20,2026-06-29T20:00:00+00:00,1,105.74,0.02,11.18,18.82,2.95,9.81,11.09,0.13
Tokyo,JP,35.6762,139.6503,2026-06-29,20,2026-06-29T20:00:00+00:00,2,146.33,0.01,12.79,80.62,4.78,9.35,11.46,0.08
Antananarivo,MG,-18.8792,47.5079,2026-06-29,21,2026-06-29T21:00:00+00:00,1,133.01,0.0,1.08,30.57,0.16,3.69,6.43,0.31
Cairo,EG,30.0444,31.2357,2026-06-29,21,2026-06-29T21:00:00+00:00,3,92.41,0.0,3.3,109.49,8.63,24.27,51.73,9.44
New York,US,40.7128,-74.006,2026-06-29,21,2026-06-29T21:00:00+00:00,2,114.84,0.14,1.0,98.89,0.39,7.08,7.91,0.01
Paris,FR,48.8566,2.3522,2026-06-29,21,2026-06-29T21:00:00+00:00,2,86.36,0.0,2.14,65.54,0.4,3.05,5.29,2.13
Sydney,AU,-33.8688,151.2093,2026-06-29,21,2026-06-29T21:00:00+00:00,2,106.7,0.05,11.03,18.41,2.77,10.31,11.55,0.14
Tokyo,JP,35.6762,139.6503,2026-06-29,21,2026-06-29T21:00:00+00:00,2,153.56,0.12,16.21,74.77,5.9,11.07,13.35,0.02
Antananarivo,MG,-18.8792,47.5079,2026-06-29,22,2026-06-29T22:00:00+00:00,1,127.93,0.0,0.99,30.5,0.12,3.38,5.66,0.26
Cairo,EG,30.0444,31.2357,2026-06-29,22,2026-06-29T22:00:00+00:00,3,96.36,0.0,3.81,111.01,13.33,27.15,58.68,9.65
New York,US,40.7128,-74.006,2026-06-29,22,2026-06-29T22:00:00+00:00,2,119.51,0.23,1.75,92.69,0.48,7.44,8.5,0.03
Paris,FR,48.8566,2.3522,2026-06-29,22,2026-06-29T22:00:00+00:00,2,85.82,0.0,2.41,60.84,0.4,3.17,5.56,2.41
Sydney,AU,-33.8688,151.2093,2026-06-29,22,2026-06-29T22:00:00+00:00,2,109.7,0.15,11.17,17.34,2.58,10.72,12.0,0.15
Tokyo,JP,35.6762,139.6503,2026-06-29,22,2026-06-29T22:00:00+00:00,2,156.89,0.3,18.47,71.7,7.72,12.87,15.25,0.01
Antananarivo,MG,-18.8792,47.5079,2026-06-29,23,2026-06-29T23:00:00+00:00,1,126.19,0.0,0.95,29.68,0.1,3.24,5.47,0.27
Cairo,EG,30.0444,31.2357,2026-06-29,23,2026-06-29T23:00:00+00:00,3,102.39,0.0,5.23,100.15,15.55,23.71,52.8,12.41
New York,US,40.7128,-74.006,2026-06-29,23,2026-06-29T23:00:00+00:00,2,126.1,0.26,2.78,84.25,0.61,8.03,9.45,0.06
Paris,FR,48.8566,2.3522,2026-06-29,23,2026-06-29T23:00:00+00:00,1,86.31,0.0,2.45,58.62,0.43,3.37,5.96,2.57
Sydney,AU,-33.8688,151.2093,2026-06-29,23,2026-06-29T23:00:00+00:00,2,112.4,0.78,10.59,17.43,2.53,10.98,12.36,0.12
Tokyo,JP,35.6762,139.6503,2026-06-29,23,2026-06-29T23:00:00+00:00,2,160.07,0.72,19.83,69.09,8.97,14.04,16.44,0.02
Antananarivo,MG,-18.8792,47.5079,2026-06-30,00,2026-06-30T00:00:00+00:00,1,122.5,0.0,0.88,29.54,0.1,3.01,5.18,0.29
Cairo,EG,30.0444,31.2357,2026-06-30,00,2026-06-30T00:00:00+00:00,2,107.17,0.0,6.43,87.42,16.27,19.35,45.93,14.97
New York,US,40.7128,-74.006,2026-06-30,00,2026-06-30T00:00:00+00:00,2,129.96,0.1,3.58,77.82,0.68,8.42,10.15,0.09
Paris,FR,48.8566,2.3522,2026-06-30,00,2026-06-30T00:00:00+00:00,1,87.53,0.0,2.49,57.54,0.51,3.62,6.48,2.63
Sydney,AU,-33.8688,151.2093,2026-06-30,00,2026-06-30T00:00:00+00:00,2,112.59,1.74,9.25,19.39,2.83,10.96,12.47,0.07
Tokyo,JP,35.6762,139.6503,2026-06-30,00,2026-06-30T00:00:00+00:00,2,165.16,1.32,21.55,67.22,10.38,15.53,17.96,0.07
Antananarivo,MG,-18.8792,47.5079,2026-06-30,01,2026-06-30T01:00:00+00:00,1,117.14,0.0,0.8,30.12,0.1,2.75,4.77,0.3
Cairo,EG,30.0444,31.2357,2026-06-30,01,2026-06-30T01:00:00+00:00,2,109.09,0.0,7.04,76.81,15.96,16.46,41.9,16.68
New York,US,40.7128,-74.006,2026-06-30,01,2026-06-30T01:00:00+00:00,2,130.8,0.0,3.77,72.05,0.68,8.63,10.62,0.1
Paris,FR,48.8566,2.3522,2026-06-30,01,2026-06-30T01:00:00+00:00,1,88.66,0.0,2.66,56.69,0.64,3.82,6.94,2.57
Sydney,AU,-33.8688,151.2093,2026-06-30,01,2026-06-30T01:00:00+00:00,2,103.09,1.48,9.94,29.52,5.23,10.06,11.37,0.0
Tokyo,JP,35.6762,139.6503,2026-06-30,01,2026-06-30T01:00:00+00:00,2,169.31,1.9,22.52,67.08,11.67,17.06,19.55,0.1
Antananarivo,MG,-18.8792,47.5079,2026-06-30,02,2026-06-30T02:00:00+00:00,1,117.58,0.0,0.81,29.43,0.09,2.84,4.79,0.29
Cairo,EG,30.0444,31.2357,2026-06-30,02,2026-06-30T02:00:00+00:00,2,111.52,0.0,7.41,69.91,15.11,15.4,40.75,18.39
New York,US,40.7128,-74.006,2026-06-30,02,2026-06-30T02:00:00+00:00,2,132.54,0.0,3.79,67.36,0.66,8.89,11.16,0.11
Paris,FR,48.8566,2.3522,2026-06-30,02,2026-06-30T02:00:00+00:00,1,90.43,0.0,2.89,54.9,0.69,3.99,7.29,2.46
Sydney,AU,-33.8688,151.2093,2026-06-30,02,2026-06-30T02:00:00+00:00,1,99.57,1.52,9.98,32.48,5.7,9.54,10.99,0.0
Tokyo,JP,35.6762,139.6503,2026-06-30,02,2026-06-30T02:00:00+00:00,2,171.96,2.07,22.72,68.02,12.72,18.6,21.26,0.11
Antananarivo,MG,-18.8792,47.5079,2026-06-30,03,2026-06-30T03:00:00+00:00,1,120.75,0.0,0.85,28.67,0.1,3.04,5.11,0.3
Cairo,EG,30.0444,31.2357,2026-06-30,03,2026-06-30T03:00:00+00:00,2,113.44,0.0,7.59,64.97,14.08,15.31,41.33,19.84
New York,US,40.7128,-74.006,2026-06-30,03,2026-06-30T03:00:00+00:00,2,134.11,0.0,3.85,64.04,0.65,9.11,11.63,0.1
Paris,FR,48.8566,2.3522,2026-06-30,03,2026-06-30T03:00:00+00:00,1,92.21,0.0,3.16,52.72,0.68,4.11,7.48,2.26
Sydney,AU,-33.8688,151.2093,2026-06-30,03,2026-06-30T03:00:00+00:00,1,95.54,1.42,9.99,35.95,5.98,8.85,10.53,0.0
Tokyo,JP,35.6762,139.6503,2026-06-30,03,2026-06-30T03:00:00+00:00,2,172.59,2.08,21.41,71.97,13.36,19.97,22.84,0.09
Antananarivo,MG,-18.8792,47.5079,2026-06-30,04,2026-06-30T04:00:00+00:00,1,132.2,0.0,1.04,27.79,0.16,3.66,6.23,0.43
Cairo,EG,30.0444,31.2357,2026-06-30,04,2026-06-30T04:00:00+00:00,2,113.76,0.08,7.98,60.97,13.0,15.62,42.75,20.8
New York,US,40.7128,-74.006,2026-06-30,04,2026-06-30T04:00:00+00:00,2,133.08,0.0,3.69,60.75,0.63,9.16,11.9,0.07
Paris,FR,48.8566,2.3522,2026-06-30,04,2026-06-30T04:00:00+00:00,1,92.94,0.0,3.48,49.93,0.67,4.1,7.47,2.11
Sydney,AU,-33.8688,151.2093,2026-06-30,04,2026-06-30T04:00:00+00:00,1,84.5,0.68,7.59,46.26,4.85,6.15,7.62,0.0
Tokyo,JP,35.6762,139.6503,2026-06-30,04,2026-06-30T04:00:00+00:00,2,173.02,2.24,18.22,82.28,13.36,21.51,24.82,0.06
Antananarivo,MG,-18.8792,47.5079,2026-06-30,05,2026-06-30T05:00:00+00:00,1,146.67,0.13,1.06,27.8,0.23,4.38,7.58,0.63
Cairo,EG,30.0444,31.2357,2026-06-30,05,2026-06-30T05:00:00+00:00,2,114.85,0.97,7.42,60.63,12.53,16.54,45.6,21.47
New York,US,40.7128,-74.006,2026-06-30,05,2026-06-30T05:00:00+00:00,1,131.6,0.0,3.34,57.48,0.6,9.22,12.11,0.05
Paris,FR,48.8566,2.3522,2026-06-30,05,2026-06-30T05:00:00+00:00,1,93.79,0.02,4.25,47.19,0.69,4.03,7.45,2.21
Sydney,AU,-33.8688,151.2093,2026-06-30,05,2026-06-30T05:00:00+00:00,1,87.34,0.48,8.95,44.85,5.13,6.38,8.12,0.0
Tokyo,JP,35.6762,139.6503,2026-06-30,05,2026-06-30T05:00:00+00:00,2,171.35,1.61,16.09,91.72,13.09,22.69,26.58,0.03
Antananarivo,MG,-18.8792,47.5079,2026-06-30,06,2026-06-30T06:00:00+00:00,1,153.82,0.23,0.79,31.26,0.27,5.0,8.49,0.9
Cairo,EG,30.0444,31.2357,2026-06-30,06,2026-06-30T06:00:00+00:00,2,115.92,1.84,6.18,64.31,12.58,17.99,49.39,21.43
New York,US,40.7128,-74.006,2026-06-30,06,2026-06-30T06:00:00+00:00,1,129.48,0.0,2.96,54.02,0.57,9.23,12.24,0.05
Paris,FR,48.8566,2.3522,2026-06-30,06,2026-06-30T06:00:00+00:00,1,94.82,0.25,5.06,45.49,0.76,3.98,7.48,2.43
Sydney,AU,-33.8688,151.2093,2026-06-30,06,2026-06-30T06:00:00+00:00,1,93.34,0.24,11.37,40.93,5.59,7.21,9.32,0.0
Tokyo,JP,35.6762,139.6503,2026-06-30,06,2026-06-30T06:00:00+00:00,2,167.43,1.16,13.99,99.1,13.0,22.69,26.82,0.0
Antananarivo,MG,-18.8792,47.5079,2026-06-30,07,2026-06-30T07:00:00+00:00,1,81.6,0.05,0.18,50.94,0.14,1.41,3.11,0.33
Cairo,EG,30.0444,31.2357,2026-06-30,07,2026-06-30T07:00:00+00:00,3,115.43,1.75,4.87,75.6,13.27,20.16,53.71,18.5
New York,US,40.7128,-74.006,2026-06-30,07,2026-06-30T07:00:00+00:00,1,127.52,0.0,2.75,50.27,0.55,9.21,12.3,0.06
Paris,FR,48.8566,2.3522,2026-06-30,07,2026-06-30T07:00:00+00:00,1,95.24,0.74,4.93,46.7,0.86,3.98,7.54,2.76
Sydney,AU,-33.8688,151.2093,2026-06-30,07,2026-06-30T07:00:00+00:00,1,99.18,0.02,13.45,36.47,5.82,7.77,9.77,0.04
Tokyo,JP,35.6762,139.6503,2026-06-30,07,2026-06-30T07:00:00+00:00,3,163.0,0.75,12.84,104.08,13.34,22.64,26.83,0.0
Antananarivo,MG,-18.8792,47.5079,2026-06-30,08,2026-06-30T08:00:00+00:00,1,73.56,0.03,0.11,52.82,0.12,1.13,2.63,0.28
Cairo,EG,30.0444,31.2357,2026-06-30,08,2026-06-30T08:00:00+00:00,3,114.16,1.08,3.41,94.54,12.85,23.72,57.45,15.53
New York,US,40.7128,-74.006,2026-06-30,08,2026-06-30T08:00:00+00:00,1,126.44,0.0,2.64,47.19,0.55,9.25,12.46,0.07
Paris,FR,48.8566,2.3522,2026-06-30,08,2026-06-30T08:00:00+00:00,1,95.39,1.18,4.24,50.38,0.93,4.14,7.77,3.03
Sydney,AU,-33.8688,151.2093,2026-06-30,08,2026-06-30T08:00:00+00:00,1,102.62,0.0,13.77,33.19,5.06,7.6,9.13,0.06
Tokyo,JP,35.6762,139.6503,2026-06-30,08,2026-06-30T08:00:00+00:00,3,159.86,0.43,12.3,106.25,13.79,22.58,26.83,0.0
Antananarivo,MG,-18.8792,47.5079,2026-06-30,09,2026-06-30T09:00:00+00:00,1,71.69,0.02,0.09,52.28,0.12,1.13,2.5,0.28
Cairo,EG,30.0444,31.2357,2026-06-30,09,2026-06-30T09:00:00+00:00,3,111.11,0.49,2.0,116.3,12.03,26.28,58.55,12.43
New York,US,40.7128,-74.006,2026-06-30,09,2026-06-30T09:00:00+00:00,1,125.98,0.0,2.68,44.78,0.56,9.3,12.69,0.07
Paris,FR,48.8566,2.3522,2026-06-30,09,2026-06-30T09:00:00+00:00,2,95.98,1.12,3.45,60.55,0.97,4.76,8.45,3.12
Sydney,AU,-33.8688,151.2093,2026-06-30,09,2026-06-30T09:00:00+00:00,1,101.54,0.0,12.31,32.35,3.86,6.24,7.29,0.06
Tokyo,JP,35.6762,139.6503,2026-06-30,09,2026-06-30T09:00:00+00:00,3,156.59,0.17,11.71,107.24,14.28,22.39,26.61,0.0
Antananarivo,MG,-18.8792,47.5079,2026-06-30,10,2026-06-30T10:00:00+00:00,1,70.15,0.02,0.08,53.5,0.11,1.04,2.19,0.26
Cairo,EG,30.0444,31.2357,2026-06-30,10,2026-06-30T10:00:00+00:00,3,93.5,0.21,0.9,120.1,7.81,18.41,37.47,6.17
New York,US,40.7128,-74.006,2026-06-30,10,2026-06-30T10:00:00+00:00,1,126.31,0.0,3.03,42.29,0.58,9.32,12.88,0.08
Paris,FR,48.8566,2.3522,2026-06-30,10,2026-06-30T10:00:00+00:00,2,94.31,0.47,1.82,85.17,0.8,5.19,8.24,2.55
Sydney,AU,-33.8688,151.2093,2026-06-30,10,2026-06-30T10:00:00+00:00,1,95.64,0.0,9.65,33.5,2.69,4.14,4.84,0.06
Tokyo,JP,35.6762,139.6503,2026-06-30,10,2026-06-30T10:00:00+00:00,3,151.29,0.02,9.76,108.51,14.62,21.72,25.61,0.0
Antananarivo,MG,-18.8792,47.5079,2026-06-30,11,2026-06-30T11:00:00+00:00,1,69.36,0.02,0.08,53.6,0.11,0.97,1.97,0.27
Cairo,EG,30.0444,31.2357,2026-06-30,11,2026-06-30T11:00:00+00:00,3,84.82,0.13,0.57,116.24,4.54,13.68,26.72,3.51
New York,US,40.7128,-74.006,2026-06-30,11,2026-06-30T11:00:00+00:00,1,132.46,0.08,4.37,40.93,0.7,9.38,13.18,0.14
Paris,FR,48.8566,2.3522,2026-06-30,11,2026-06-30T11:00:00+00:00,2,92.63,0.19,0.97,94.83,0.68,5.74,8.4,2.18
Sydney,AU,-33.8688,151.2093,2026-06-30,11,2026-06-30T11:00:00+00:00,1,91.38,0.0,7.73,35.06,2.16,2.65,3.15,0.07
Tokyo,JP,35.6762,139.6503,2026-06-30,11,2026-06-30T11:00:00+00:00,3,147.57,0.0,7.45,107.14,14.46,21.15,24.72,0.0
Antananarivo,MG,-18.8792,47.5079,2026-06-30,12,2026-06-30T12:00:00+00:00,1,69.29,0.02,0.1,53.08,0.12,0.93,1.86,0.28
Cairo,EG,30.0444,31.2357,2026-06-30,12,2026-06-30T12:00:00+00:00,3,81.51,0.11,0.49,114.13,3.08,11.85,24.18,2.7
New York,US,40.7128,-74.006,2026-06-30,12,2026-06-30T12:00:00+00:00,1,142.55,0.58,5.78,44.33,0.99,9.38,13.33,0.28
Paris,FR,48.8566,2.3522,2026-06-30,12,2026-06-30T12:00:00+00:00,2,92.01,0.12,0.7,98.67,0.62,6.36,8.89,2.06
Sydney,AU,-33.8688,151.2093,2026-06-30,12,2026-06-30T12:00:00+00:00,1,88.94,0.0,6.66,36.01,1.92,1.8,2.21,0.07
Tokyo,JP,35.6762,139.6503,2026-06-30,12,2026-06-30T12:00:00+00:00,3,145.75,0.0,5.93,105.66,14.12,21.1,24.4,0.0
Antananarivo,MG,-18.8792,47.5079,2026-06-30,13,2026-06-30T13:00:00+00:00,1,80.18,0.04,0.29,49.89,0.18,1.33,2.58,0.56
Cairo,EG,30.0444,31.2357,2026-06-30,13,2026-06-30T13:00:00+00:00,3,80.58,0.1,0.47,114.75,2.71,11.94,26.59,2.19
New York,US,40.7128,-74.006,2026-06-30,13,2026-06-30T13:00:00+00:00,2,142.29,0.84,5.2,61.17,1.62,8.85,12.18,0.3
Paris,FR,48.8566,2.3522,2026-06-30,13,2026-06-30T13:00:00+00:00,2,89.95,0.1,0.55,98.19,0.46,5.73,7.91,1.81
Sydney,AU,-33.8688,151.2093,2026-06-30,13,2026-06-30T13:00:00+00:00,1,88.13,0.0,6.16,32.49,1.48,1.5,1.92,0.05
Tokyo,JP,35.6762,139.6503,2026-06-30,13,2026-06-30T13:00:00+00:00,3,143.13,0.0,4.82,105.45,13.6,20.67,23.64,0.0
Antananarivo,MG,-18.8792,47.5079,2026-06-30,14,2026-06-30T14:00:00+00:00,1,99.49,0.03,0.7,44.72,0.26,2.13,3.98,0.92
Cairo,EG,30.0444,31.2357,2026-06-30,14,2026-06-30T14:00:00+00:00,3,79.99,0.09,0.51,116.37,3.2,13.06,28.61,1.91
New York,US,40.7128,-74.006,2026-06-30,14,2026-06-30T14:00:00+00:00,2,141.1,0.97,4.66,68.65,1.88,8.51,11.46,0.33
Paris,FR,48.8566,2.3522,2026-06-30,14,2026-06-30T14:00:00+00:00,2,87.41,0.09,0.51,96.2,0.35,5.12,7.05,1.63
Sydney,AU,-33.8688,151.2093,2026-06-30,14,2026-06-30T14:00:00+00:00,1,88.13,0.0,5.84,27.35,1.12,1.43,1.86,0.04
Tokyo,JP,35.6762,139.6503,2026-06-30,14,2026-06-30T14:00:00+00:00,3,143.92,0.0,5.09,102.52,13.27,21.32,24.17,0.0
Antananarivo,MG,-18.8792,47.5079,2026-06-30,15,2026-06-30T15:00:00+00:00,1,119.49,0.0,1.16,40.34,0.3,3.04,5.45,1.14
Cairo,EG,30.0444,31.2357,2026-06-30,15,2026-06-30T15:00:00+00:00,3,79.91,0.08,0.64,119.7,3.99,14.32,30.61,1.83
New York,US,40.7128,-74.006,2026-06-30,15,2026-06-30T15:00:00+00:00,2,138.86,0.81,3.62,81.47,2.06,8.55,11.23,0.38
Paris,FR,48.8566,2.3522,2026-06-30,15,2026-06-30T15:00:00+00:00,2,86.37,0.09,0.55,95.64,0.31,4.99,6.86,1.61
Sydney,AU,-33.8688,151.2093,2026-06-30,15,2026-06-30T15:00:00+00:00,1,86.94,0.0,5.41,24.28,0.99,1.37,1.79,0.04
Tokyo,JP,35.6762,139.6503,2026-06-30,15,2026-06-30T15:00:00+00:00,2,147.39,0.0,6.14,98.29,13.24,22.88,25.74,0.0
Antananarivo,MG,-18.8792,47.5079,2026-06-30,16,2026-06-30T16:00:00+00:00,1,139.01,0.0,1.47,36.38,0.33,4.09,7.05,1.31
Cairo,EG,30.0444,31.2357,2026-06-30,16,2026-06-30T16:00:00+00:00,3,81.03,0.06,0.93,122.9,4.81,15.69,37.35,2.06
New York,US,40.7128,-74.006,2026-06-30,16,2026-06-30T16:00:00+00:00,3,117.18,0.22,1.57,105.06,1.24,6.65,7.81,0.17
Paris,FR,48.8566,2.3522,2026-06-30,16,2026-06-30T16:00:00+00:00,2,86.64,0.09,0.64,96.0,0.29,5.05,6.95,1.68
Sydney,AU,-33.8688,151.2093,2026-06-30,16,2026-06-30T16:00:00+00:00,1,84.9,0.0,4.89,22.84,0.9,1.32,1.71,0.04
Tokyo,JP,35.6762,139.6503,2026-06-30,16,2026-06-30T16:00:00+00:00,2,151.58,0.0,7.44,93.91,13.09,24.82,27.71,0.0
Antananarivo,MG,-18.8792,47.5079,2026-06-30,17,2026-06-30T17:00:00+00:00,1,157.08,0.0,1.64,34.11,0.33,5.12,8.5,1.36
Cairo,EG,30.0444,31.2357,2026-06-30,17,2026-06-30T17:00:00+00:00,3,82.61,0.01,1.3,123.81,5.47,18.66,62.4,2.53
New York,US,40.7128,-74.006,2026-06-30,17,2026-06-30T17:00:00+00:00,3,110.66,0.11,1.06,108.07,0.86,6.04,6.83,0.13
Paris,FR,48.8566,2.3522,2026-06-30,17,2026-06-30T17:00:00+00:00,2,86.56,0.08,0.77,95.49,0.29,5.19,7.15,1.78
Sydney,AU,-33.8688,151.2093,2026-06-30,17,2026-06-30T17:00:00+00:00,1,83.64,0.0,4.45,22.24,0.79,1.29,1.65,0.04
Tokyo,JP,35.6762,139.6503,2026-06-30,17,2026-06-30T17:00:00+00:00,3,155.67,0.0,8.59,89.95,13.11,26.47,29.36,0.0
Antananarivo,MG,-18.8792,47.5079,2026-06-30,18,2026-06-30T18:00:00+00:00,1,167.46,0.0,1.68,32.95,0.3,5.81,9.3,0.99
Cairo,EG,30.0444,31.2357,2026-06-30,18,2026-06-30T18:00:00+00:00,3,84.2,0.0,1.36,122.53,6.01,22.65,97.39,2.91
New York,US,40.7128,-74.006,2026-06-30,18,2026-06-30T18:00:00+00:00,3,107.07,0.1,0.93,106.39,0.72,5.53,6.22,0.16
Paris,FR,48.8566,2.3522,2026-06-30,18,2026-06-30T18:00:00+00:00,2,86.48,0.06,0.91,94.38,0.3,5.24,7.29,1.89
Sydney,AU,-33.8688,151.2093,2026-06-30,18,2026-06-30T18:00:00+00:00,1,82.94,0.0,4.15,21.72,0.69,1.3,1.66,0.04
Tokyo,JP,35.6762,139.6503,2026-06-30,18,2026-06-30T18:00:00+00:00,3,158.76,0.0,9.74,86.29,13.46,27.79,30.69,0.0
Antananarivo,MG,-18.8792,47.5079,2026-06-30,19,2026-06-30T19:00:00+00:00,1,160.67,0.0,1.51,32.75,0.26,5.51,8.79,0.61
Cairo,EG,30.0444,31.2357,2026-06-30,19,2026-06-30T19:00:00+00:00,4,85.07,0.0,1.5,118.24,6.82,23.13,104.84,3.44
New York,US,40.7128,-74.006,2026-06-30,19,2026-06-30T19:00:00+00:00,3,104.42,0.1,0.87,104.56,0.64,5.02,5.68,0.19
Paris,FR,48.8566,2.3522,2026-06-30,19,2026-06-30T19:00:00+00:00,2,86.42,0.04,1.47,85.09,0.3,5.3,7.41,2.19
Sydney,AU,-33.8688,151.2093,2026-06-30,19,2026-06-30T19:00:00+00:00,1,82.69,0.01,3.95,21.41,0.62,1.35,1.7,0.04
Tokyo,JP,35.6762,139.6503,2026-06-30,19,2026-06-30T19:00:00+00:00,3,159.22,0.0,10.16,83.21,14.33,29.01,31.98,0.01
Antananarivo,MG,-18.8792,47.5079,2026-06-30,20,2026-06-30T20:00:00+00:00,1,161.25,0.0,1.46,32.18,0.22,5.56,8.83,0.44
Cairo,EG,30.0444,31.2357,2026-06-30,20,2026-06-30T20:00:00+00:00,3,87.53,0.0,2.07,113.53,8.86,20.07,82.1,4.46
New York,US,40.7128,-74.006,2026-06-30,20,2026-06-30T20:00:00+00:00,3,101.21,0.1,0.85,101.59,0.59,4.53,5.23,0.24
Paris,FR,48.8566,2.3522,2026-06-30,20,2026-06-30T20:00:00+00:00,2,87.26,0.01,2.25,73.14,0.32,5.42,7.62,2.59
Sydney,AU,-33.8688,151.2093,2026-06-30,20,2026-06-30T20:00:00+00:00,1,82.9,0.01,3.89,21.6,0.58,1.42,1.78,0.04
Tokyo,JP,35.6762,139.6503,2026-06-30,20,2026-06-30T20:00:00+00:00,3,161.11,0.0,10.83,79.19,14.64,30.41,33.5,0.01
Antananarivo,MG,-18.8792,47.5079,2026-06-30,21,2026-06-30T21:00:00+00:00,1,153.02,0.0,1.3,31.98,0.16,5.13,8.03,0.33
Cairo,EG,30.0444,31.2357,2026-06-30,21,2026-06-30T21:00:00+00:00,3,90.01,0.0,2.74,108.1,11.27,16.61,56.75,5.56
New York,US,40.7128,-74.006,2026-06-30,21,2026-06-30T21:00:00+00:00,2,98.44,0.12,0.91,98.47,0.55,4.06,4.86,0.28
Paris,FR,48.8566,2.3522,2026-06-30,21,2026-06-30T21:00:00+00:00,2,88.8,0.0,2.9,65.31,0.36,5.48,7.76,2.93
Sydney,AU,-33.8688,151.2093,2026-06-30,21,2026-06-30T21:00:00+00:00,1,85.49,0.02,4.18,22.17,0.62,1.55,1.99,0.05
Tokyo,JP,35.6762,139.6503,2026-06-30,21,2026-06-30T21:00:00+00:00,3,163.66,0.1,11.77,75.71,14.95,31.93,35.13,0.01
Antananarivo,MG,-18.8792,47.5079,2026-06-30,22,2026-06-30T22:00:00+00:00,1,144.37,0.0,1.15,31.4,0.12,4.63,6.81,0.31
Cairo,EG,30.0444,31.2357,2026-06-30,22,2026-06-30T22:00:00+00:00,2,90.38,0.0,3.14,99.89,12.73,14.3,42.46,6.6
New York,US,40.7128,-74.006,2026-06-30,22,2026-06-30T22:00:00+00:00,2,98.94,0.13,1.4,92.5,0.67,3.76,4.97,0.27
Paris,FR,48.8566,2.3522,2026-06-30,22,2026-06-30T22:00:00+00:00,1,90.26,0.0,3.47,59.22,0.46,5.46,7.76,3.17
Sydney,AU,-33.8688,151.2093,2026-06-30,22,2026-06-30T22:00:00+00:00,1,89.68,0.05,4.91,23.01,0.76,1.76,2.3,0.07
Tokyo,JP,35.6762,139.6503,2026-06-30,22,2026-06-30T22:00:00+00:00,3,166.72,0.4,12.83,73.62,15.67,33.48,36.77,0.0
Antananarivo,MG,-18.8792,47.5079,2026-06-30,23,2026-06-30T23:00:00+00:00,1,139.74,0.0,1.07,29.95,0.11,4.33,6.18,0.33
Cairo,EG,30.0444,31.2357,2026-06-30,23,2026-06-30T23:00:00+00:00,2,92.24,0.0,3.52,93.32,13.96,13.45,37.67,7.95
New York,US,40.7128,-74.006,2026-06-30,23,2026-06-30T23:00:00+00:00,2,101.47,0.08,2.08,85.31,0.84,3.67,5.53,0.23
Paris,FR,48.8566,2.3522,2026-06-30,23,2026-06-30T23:00:00+00:00,1,93.42,0.0,3.72,56.21,0.58,5.42,7.72,3.3
Sydney,AU,-33.8688,151.2093,2026-06-30,23,2026-06-30T23:00:00+00:00,1,93.43,0.22,5.22,23.6,0.96,1.94,2.53,0.06
Tokyo,JP,35.6762,139.6503,2026-06-30,23,2026-06-30T23:00:00+00:00,3,170.66,0.82,13.55,73.33,16.23,35.4,38.78,0.0
